id,lang,pos,text,text_meaning,text_romaji,text_hiragana,lemma,lemma_meaning,lemma_romaji,lemma_hiragana,example,context,annotation,document,status,y_pred,pred,process
NA,NA,NOUN,Mississippi,NA,NA,NA,Mississippi,0,NA,NA,NA,"Un soldat de Mississippi a écrit: "" Notre général Reub Davis est un cul vain , coincé , illettré "" .",NA,NA,pending,-6154570724212004857,1.0,reference word
NA,NA,NOUN,Mississippi,NA,NA,NA,Mississippi,0,NA,NA,NA,"Raymond Vernon rapporte que les résidents de l' est de St . Louis ont traversé le Mississippi , à travers le centre-ville de St. Louis et à l' ouest de la banlieue pour faire de shopping , tout simplement parce que le stationnement est plus facile à grandes branches qu' il est à cœur de la ville .",NA,NA,pending,-6154570724212004857,0.95,"The word ""Mississippi"" in both contexts refers to the same geographical entity, specifically the state of Mississippi in the United States. In the first context, it is used in relation to a soldier from Mississippi, while in the second context, it refers to the river that flows through the state. 

Given that both instances of ""Mississippi"" refer to the same place, the probability that they have the same meaning in a dictionary is very high.

Probability: 0.95"
NA,NA,NOUN,Mississippi,NA,NA,NA,Mississippi,0,NA,NA,NA,"Mais en regardant Faulkner dans son arrière-plan à Mississippi et dans le Sud , il est important de ne pas perdre la perspective plus large .",NA,NA,pending,-6154570724212004857,0.95,"The word ""Mississippi"" in both contexts refers to the same geographical entity, specifically the U.S. state of Mississippi. In the first context, it is mentioned in relation to a soldier from Mississippi, while in the second context, it is used in reference to the state in the context of Faulkner and the South. 

Given that both instances refer to the same place, the probability that they have the same meaning in a dictionary is very high.

Probability: 0.95"
NA,NA,NOUN,abandon,NA,NA,NA,abandon,0,NA,NA,NA,"Je proposerais , d' abord , un abandon de tentatives d' une liste lexicale universelle , aussi intrinsèquement inexploitable , et opérationnellement inadéquate en proportion qu' elle est réalisée .",NA,NA,pending,1295995514774163947,1.0,reference word
NA,NA,NOUN,abandon,NA,NA,NA,abandon,1,NA,NA,NA,"Que cet abandon ait lieu sur une scène , à cours d' une performance ' artique ' , suffit à associer Jacoby à l' art , et à lui faire tomber la punition pour l' art ; c'est-à-dire , il est suspect , coupable , puni , comme n' importe qui dans les histoires de Mann qui produit l' illusion , et c' est vrai même si les éléments constants de la nature artiste , technique , magie , culpabilité et souffrance , sont divisés dans cette histoire entre Jacoby et La^utner .",NA,NA,pending,7803636270876162372,0.2,"The two instances of the word ""abandon"" in the provided contexts refer to different meanings. 

In context_1, ""abandon"" refers to the act of giving up or ceasing attempts related to a universal lexical list, suggesting a sense of relinquishment or discontinuation of efforts.

In context_2, ""abandon"" refers to a more nuanced concept related to a performance or artistic expression, implying a sense of letting go or surrendering oneself to the art, which carries connotations of freedom and emotional release.

Given these distinctions, the probability that the two uses of ""abandon"" have the same meaning is low. 

Probability: 0.2 (20%)"
NA,NA,NOUN,abandon,NA,NA,NA,abandon,2,NA,NA,NA,"Pendant un certain temps après l' abandon de l' usine locale , le courant électrique pour Manchester a été apporté de sud avec un lien d' urgence avec le système Vermont Marble Company à nord .",NA,NA,pending,-4135467046731390819,0.1,"The two instances of the word ""abandon"" in the provided contexts have different meanings. 

In context_1, ""abandon"" refers to a sense of giving up or relinquishing something, particularly in an artistic or performative sense. It conveys a feeling of loss or sacrifice related to art and performance.

In context_2, ""abandon"" refers to the act of leaving or ceasing to use something, specifically in relation to an industrial facility (the local factory). It implies a physical departure or closure of a place.

Given these distinctions, the probability that the two instances of ""abandon"" have the same meaning is low. 

Probability: 0.1 (10%)"
NA,NA,NOUN,absorption,NA,NA,NA,absorption,0,NA,NA,NA,L' absorption par résonance magnétique a été détectée en utilisant un modèle Varian **f spectromètre à large ligne et le système d' électroaimant de 12 pouces associé .,NA,NA,pending,-5175441899263041420,1.0,reference word
NA,NA,NOUN,absorption,NA,NA,NA,absorption,1,NA,NA,NA,Un test de Schilling a démontré une absorption normale de la vitamine * * f .,NA,NA,pending,-3066158526145411123,0.1,"The two instances of the word ""absorption"" in the provided contexts refer to different concepts. 

In context_1, ""absorption"" relates to the process of absorbing energy or signals in the context of magnetic resonance, specifically in a scientific or technical setting involving spectroscopy.

In context_2, ""absorption"" refers to the uptake of a substance, in this case, a vitamin, by the body, which is a biological process.

Given these distinctions, the probability that the two uses of ""absorption"" have the same meaning is low. 

Probability: 0.1 (10%)"
NA,NA,NOUN,absorption,NA,NA,NA,absorption,0,NA,NA,NA,"Comme l' absorption de ondes radio dans un matériau semblable à la roche varie en fonction de la longueur de ondes , il devrait être possible d' échantillonner la variation de température à différentes profondeurs sous la surface et éventuellement de détecter des changements dans la structure ou la composition de matériau de surface lunaire .",NA,NA,pending,-5175441899263041420,0.85,"The two instances of the word ""absorption"" in the provided contexts refer to the same general concept of absorption, specifically in relation to the interaction of waves (magnetic resonance and radio waves) with materials. 

In context_1, ""absorption"" is related to magnetic resonance, which involves the absorption of energy by nuclei in a magnetic field. In context_2, ""absorption"" pertains to the absorption of radio waves by a material, which also involves the interaction of waves with matter.

Given that both contexts discuss the concept of absorption in relation to waves and materials, I would assess the probability that they have the same meaning as high.

Probability: 0.85"
NA,NA,NOUN,administrateur,NA,NA,NA,administrateur,0,NA,NA,NA,"Si un contribuable décède , l' exécuteur testamentaire , l' administrateur ou le représentant légal doit produire la déclaration finale pour le défunt à plus tard le 15e jour de 4e mois suivant la clôture de l' année d' impôt normale de contribuable décédé .",NA,NA,pending,-7769939236575295125,1.0,reference word
NA,NA,NOUN,administrateur,NA,NA,NA,administrateur,0,NA,NA,NA,Brian Thayer était un administrateur parfaitement honnête et compétent .,NA,NA,pending,-7769939236575295125,0.85,"The two instances of the word ""administrateur"" in the provided contexts refer to the same term, which generally means ""administrator"" in English. 

In context_1, ""administrateur"" refers to a legal or financial role related to managing the affairs of a deceased taxpayer, which aligns with the definition of an administrator in a legal context. 

In context_2, ""administrateur"" refers to someone who holds a position of authority or management, indicating competence and honesty in their role.

Given that both contexts involve the concept of administration and management, albeit in different specific scenarios, the probability that they have the same meaning is high.

Probability: 0.85"
NA,NA,NOUN,administrateur,NA,NA,NA,administrateur,0,NA,NA,NA,"À condition que , si le montant total de l' indemnité n' excède pas 500 $et qu' il n' y ait pas d' exécuteur exécutif ou d' administrateur qualifié , le paiement puisse être effectué à la ou à personnes que le contrôleur général de États-Unis a jugées y avoir droit , sans qu' il soit nécessaire de se conformer à exigences de la loi en ce qui concerne l' administration de successions ;",NA,NA,pending,-7769939236575295125,0.85,"The two instances of the word ""administrateur"" in the provided contexts refer to the same role within the legal and financial framework concerning estates and inheritances. In both contexts, ""administrateur"" pertains to an individual responsible for managing the affairs of a deceased person, particularly in relation to their estate.

Given this analysis, I would assign a high probability that the two instances of ""administrateur"" have the same meaning in a dictionary context. 

Probability: 0.85"
NA,NA,NOUN,appel,NA,NA,NA,appel,0,NA,NA,NA,"Un appel à la police avait été placé d' ici quelques minutes après 21 heures , et la première voiture de police était arrivée deux ou trois minutes après cela - il y a 10 minutes maintenant .",NA,NA,pending,7248344771818333928,1.0,reference word
NA,NA,NOUN,appel,NA,NA,NA,appel,1,NA,NA,NA,"Compte tenu de ces circonstances , ainsi que de fait que la question à procès à cet égard se concentrait entièrement sur la recommandation de Ministère , que le pétitionnaire a répudiée mais que la commission d' appel et les tribunaux ci-dessous ont trouvées étayées par le dossier , nous ne trouvons aucune pertinence dans le rapport et les notes de conseiller-auditeur .",NA,NA,pending,2355270742845637562,0.1,"The word ""appel"" in both contexts refers to different meanings. In context_1, ""appel"" refers to a call made to the police, indicating a request for assistance or reporting an incident. In context_2, ""appel"" refers to an appeal in a legal context, which involves challenging a decision made by a lower court or authority.

Given these distinct meanings, the probability that the two instances of ""appel"" have the same meaning is low. 

Probability: 0.1 (10%)"
NA,NA,NOUN,appel,NA,NA,NA,appel,2,NA,NA,NA,"Quand il avait donné l' appel quelques instants pensé , il est allé dans la cuisine pour demander à Mme Yamata de préparer le thé et les sushis pour les visiteurs , en utilisant la porcelaine anglaise formelle et le service de thé d' argent qui avait été donné à la mission , puis il est allé dehors pour inspecter le terrain .",NA,NA,pending,8862911498947635987,0.4,"The word ""appel"" in both contexts refers to the same term in French, which translates to ""appeal"" in English. 

In context_1, ""appel"" is used in a legal sense, referring to an appeal in a court case. In context_2, ""appel"" seems to refer to a call or summoning, possibly in a more general or informal sense.

Given that the meanings in the two contexts are related but not identical, I would estimate the probability that they have the same meaning in a dictionary to be around 0.4."
NA,NA,NOUN,boue,NA,NA,NA,boue,0,NA,NA,NA,"Elena , tu auras de la boue partout sur ta robe "" !",NA,NA,pending,-5094204051414005374,1.0,reference word
NA,NA,NOUN,boues,NA,NA,NA,boue,0,NA,NA,NA,"L'âge moyen de boues basé sur le déplacement de solides a été calculé à 14,5 jours .",NA,NA,pending,-5094204051414005374,0.85,"The words ""boue"" and ""boues"" both refer to mud or sludge, but they are used in different contexts. ""Boue"" is the singular form, while ""boues"" is the plural form. In the first context, ""boue"" is used to describe mud that is likely to get on a dress, indicating a more casual or everyday situation. In the second context, ""boues"" refers to mud in a scientific or technical context, specifically related to the average age of mud based on solid displacement.

Given that both words refer to the same substance (mud) but are used in different contexts (one casual and one technical), I would estimate the probability that they have the same meaning in a dictionary to be relatively high, but not absolute due to the difference in usage.

Probability: 0.85"
NA,NA,NOUN,boue,NA,NA,NA,boue,0,NA,NA,NA,"Ils ont suivi la boue sur le sol de chêne , sur le tapis .",NA,NA,pending,-5094204051414005374,0.95,"The word ""boue"" in both contexts refers to the same substance, which is mud or sludge. In the first context, it is mentioned in relation to a dress getting dirty, while in the second context, it describes mud on a wooden floor and a carpet. Both usages convey the same meaning of a wet, soft earth material.

Given this analysis, the probability that the two instances of ""boue"" have the same meaning is very high.

Probability: 0.95"
NA,NA,NOUN,carte,NA,NA,NA,carte,0,NA,NA,NA,"Maintenant , il ne pouvait jouer que la dernière carte dans ce qui était probablement le pont le plus froid de monde .",NA,NA,pending,-7948678207203030036,1.0,reference word
NA,NA,NOUN,cartes,NA,NA,NA,carte,1,NA,NA,NA,Les nouvelles éditions de cartes topographiques réalisées par le gouvernement fédéral sont excellentes pour vous orienter vers les caractéristiques naturelles de site .,NA,NA,pending,5604991837533825214,0.1,"The words ""carte"" and ""cartes"" refer to different meanings in their respective contexts. 

In context_1, ""carte"" refers to a ""card"" or a ""move"" in a strategic game, suggesting a metaphorical use of the term. In context_2, ""cartes"" refers to ""maps,"" specifically topographical maps used for navigation and understanding geographical features.

Given these distinctions, the probability that ""carte"" and ""cartes"" have the same meaning in a dictionary is low. 

Probability: 0.1 (10%)"
NA,NA,NOUN,cartes,NA,NA,NA,carte,1,NA,NA,NA,"( Par exemple , voir l' exemple 2 de la section 5-5 , sur les cartes rouges entre les mains de 5 . )",NA,NA,pending,5604991837533825214,0.85,"The word ""cartes"" in both contexts refers to ""maps."" In the first context, it discusses topographic maps created by the federal government for navigation and understanding natural features. In the second context, it refers to ""red maps"" in a more general or illustrative sense. 

Since both usages pertain to the concept of ""maps,"" I would assess the probability that they have the same meaning as high.

Probability: 0.85"
NA,NA,ADJ,centrale,NA,NA,NA,central,0,NA,NA,NA,La préoccupation centrale de volume impressionnant d' Erich Auerbach appelé Mimésis est de décrire le passage d' une théorie classique de l' imitation ( basée sur la reconnaissance de niveaux de vérité ) à une théorie chrétienne de l' imitation dans laquelle les niveaux sont dissous .,NA,NA,pending,-1276705114078625501,1.0,reference word
NA,NA,ADJ,centrale,NA,NA,NA,central,1,NA,NA,NA,"Dans la grille centrale inférieure , un enregistreur à 8 canaux indique le pourcentage de dioxyde de carbone et d' azote de lobes supérieurs et inférieurs d' un poumon , le volume total d' inhalation par respiration , le débit d' air des deux lobes et la pression de deux lobes par rapport à l' autre .",NA,NA,pending,-6169779143051321867,0.2,"The word ""centrale"" in both contexts refers to a central or main aspect, but the specific meanings differ based on the context. In the first context, it relates to a central concern or theme in a literary analysis, while in the second context, it refers to a central grid in a scientific or technical setting.

Given these distinctions, the probability that the two instances of ""centrale"" have the same meaning is relatively low. 

Probability: 0.2"
NA,NA,ADJ,central,NA,NA,NA,central,0,NA,NA,NA,"à niveau central , le système de vote scrutin uninominal a été sélectionné sur une forme de système scrutin de liste , même si ce dernier avait été recommandé par Duverger et favorisé par tous les partis politiques .",NA,NA,pending,-1276705114078625501,0.85,"The words ""centrale"" and ""central"" are both derived from the same root and share a similar meaning related to being at the center or of primary importance. In the contexts provided, ""centrale"" refers to a primary concern or focus in a theoretical discussion, while ""central"" refers to a level of importance in a voting system. 

Given that both words convey the idea of something being at the center or of primary importance, I would assess the probability that they have the same meaning in a dictionary as high.

Probability: 0.85"
NA,NA,NOUN,cheminée,NA,NA,NA,cheminée,0,NA,NA,NA,La cheminée de la cabane en face de lui a été surmontée d' un baril de bœuf avec des extrémités cassées .,NA,NA,pending,2394015981891674625,1.0,reference word
NA,NA,NOUN,cheminée,NA,NA,NA,cheminée,0,NA,NA,NA,La cheminée avait des carreaux faits pour Mme Monmouth par Picasso lui-même .,NA,NA,pending,2394015981891674625,0.95,"The word ""cheminée"" in both contexts refers to a chimney. In the first context, it describes a chimney associated with a cabin, while in the second context, it refers to a chimney that has decorative tiles made by Picasso. Despite the different contexts, both usages pertain to the same object, which is a structure for venting smoke from a fireplace or stove.

Given this analysis, I would assign a high probability that the two instances of ""cheminée"" have the same meaning in a dictionary.

Probability: 0.95"
NA,NA,NOUN,cheminée,NA,NA,NA,cheminée,0,NA,NA,NA,"La fumée de cette cheminée s' est levée aussi lentement que la fumée de n' importe quel autre , et accrochée aussi tristement dans la bruine , rampant vers le bas le long de la toile ensemencée de toit .",NA,NA,pending,2394015981891674625,0.95,"The word ""cheminée"" in both contexts refers to a chimney. In the first context, it describes a chimney on a cabin, while in the second context, it discusses the smoke rising from a chimney. Since both usages pertain to the same object (a chimney) and its function (to allow smoke to escape), we can conclude that they have the same meaning.

Probability that they have the same meaning: 95%"
NA,NA,VERB,commémorer,NA,NA,NA,commémorer,0,NA,NA,NA,Sa cause était de commémorer la gloire de son passé et d' inciter son peuple à la perpétuer dans le présent .,NA,NA,pending,-6639833344747166434,1.0,reference word
NA,NA,VERB,commémore,NA,NA,NA,commémorer,0,NA,NA,NA,"Il commémore le 185ème anniversaire de l' indépendance de Rhode Island quand , le 4 mai 1776 , l' Assemblée générale , par son action , a établi la première république libre dans le Nouveau Monde .",NA,NA,pending,-6639833344747166434,0.95,"The words ""commémorer"" and ""commémore"" are different forms of the same verb in French. ""Commémorer"" is the infinitive form, while ""commémore"" is the third person singular present tense form. Both words share the same core meaning, which is to commemorate or to honor the memory of someone or something.

Given that they are different forms of the same verb and convey the same action of commemoration, I would assign a high probability that they have the same meaning in a dictionary context.

Probability: 0.95"
NA,NA,VERB,commémorer,NA,NA,NA,commémorer,0,NA,NA,NA,Je suis très privilégié aujourd'hui pour commémorer la brillante carrière de ce géant parlementaire .,NA,NA,pending,-6639833344747166434,0.95,"The two instances of the word ""commémorer"" in the provided contexts both refer to the act of commemorating or honoring something significant from the past. In context_1, it is about commemorating the glory of a past cause, while in context_2, it is about commemorating the career of a notable individual. 

Since both usages convey the same core meaning of honoring or remembering something important, I would assign a high probability that they have the same meaning in a dictionary.

Probability: 0.95"
NA,NA,ADJ,confuse,NA,NA,NA,confus,0,NA,NA,NA,"Tout dit , ils ont offert une image très confuse .",NA,NA,pending,-6717493507204914252,1.0,reference word
NA,NA,ADJ,confus,NA,NA,NA,confus,0,NA,NA,NA,"Elle a regardé confus à ce , et je me sentais sûr que ce avait été une mauvaise réponse pour moi de faire .",NA,NA,pending,-6717493507204914252,0.75,"To determine the probability that ""confuse"" and ""confus"" have the same meaning in the provided contexts, we need to analyze the meanings of both words.

1. **""confuse""**: This verb generally means to make someone unable to think clearly or to mix up different things. In the context provided, ""confuse"" is used to describe an image that is not clear or is difficult to understand.

2. **""confus""**: This adjective describes a state of being bewildered or unclear. In the context provided, it describes a person who is feeling uncertain or unclear about a situation.

Both words relate to a lack of clarity or understanding, but they are used in different grammatical forms (verb vs. adjective). However, they convey a similar underlying concept of confusion or lack of clarity.

Given this analysis, I would estimate the probability that ""confuse"" and ""confus"" have the same meaning in the provided contexts to be around **0.75**. This reflects a strong semantic similarity, though they are not identical in usage."
NA,NA,ADJ,confus,NA,NA,NA,confus,0,NA,NA,NA,"Il a évolué à différents niveaux , il a été clameur et confus .",NA,NA,pending,-6717493507204914252,0.85,"To determine the probability that ""confuse"" and ""confus"" have the same meaning based on the provided contexts, we need to analyze the meanings of both words.

1. **""confuse""**: This verb generally means to make someone unable to think clearly or to mix up different things, leading to a lack of clarity or understanding.

2. **""confus""**: This adjective describes a state of being unclear, mixed up, or lacking in clarity. It can refer to a situation or a person's mental state.

In the contexts provided:
- In context_1, ""confuse"" is used to describe an image that is not clear, suggesting a lack of clarity or understanding.
- In context_2, ""confus"" describes a state of being that is also unclear or mixed up.

Both words relate to a lack of clarity or understanding, and they are used in contexts that imply confusion or disorder.

Given this analysis, I would assign a high probability that ""confuse"" and ""confus"" have the same meaning in this context. 

Probability: **0.85** (or 85%)"
NA,NA,VERB,contemplant,NA,NA,NA,contempler,0,NA,NA,NA,"En contemplant ces punitions posthumes , Staline ne devrait pas perdre tout espoir .",NA,NA,pending,4340495738650079867,1.0,reference word
NA,NA,VERB,contempler,NA,NA,NA,contempler,0,NA,NA,NA,"Il y avait peu de temps pour les contempler , cependant ; en un instant , le médecin traquait à travers la pièce avec un registre antique dans ses mains , soigneusement auriculaire et grand comme un plateau de table .",NA,NA,pending,4340495738650079867,0.85,"The words ""contemplant"" and ""contempler"" are related as they both derive from the same root and pertain to the act of contemplation. ""Contemplant"" is the present participle form of ""contempler,"" which means ""to contemplate"" or ""to observe thoughtfully."" 

In the provided contexts, both words are used in a way that emphasizes the act of observing or reflecting on something. Therefore, they share a similar meaning.

Given this analysis, I would assign a high probability that these words have the same meaning in a dictionary context. 

Probability: 0.85"
NA,NA,VERB,contempler,NA,NA,NA,contempler,0,NA,NA,NA,"Nous avons tant de nouvelles choses à craindre en cette ère de armes nucléaires , des choses terribles qui sont trop horribles à contempler .",NA,NA,pending,4340495738650079867,0.85,"The words ""contemplant"" and ""contempler"" are related forms of the same verb in French, with ""contemplant"" being the present participle and ""contempler"" being the infinitive form. Both words convey the idea of observing or considering something thoughtfully.

Given that they share the same root and convey similar meanings related to deep thought or observation, I would assess the probability that they have the same meaning in a dictionary as high.

Probability: 0.85"
NA,NA,NOUN,corrélation,NA,NA,NA,corrélation,0,NA,NA,NA,Aucune corrélation n' a été trouvée entre ces variables et l' irréproductibilité de résultats .,NA,NA,pending,-6435329786932693573,1.0,reference word
NA,NA,NOUN,corrélation,NA,NA,NA,corrélation,0,NA,NA,NA,"La corrélation ( tableau 2 ) entre l' âge de début et l' âge d' achèvement était de + 0,50 , et entre l' âge de début et l' étendue était de - 0,10 .",NA,NA,pending,-6435329786932693573,0.95,"The words provided are the same: ""corrélation."" In both contexts, the term refers to the statistical relationship between variables. Therefore, the probability that they have the same meaning in a dictionary is very high.

Probability: 0.95"
NA,NA,NOUN,corrélation,NA,NA,NA,corrélation,0,NA,NA,NA,La bonne corrélation de l' art avec l' universitaire ne peut être obtenue que si cette norme est respectée .,NA,NA,pending,-6435329786932693573,0.95,"The two instances of the word ""corrélation"" in the provided contexts refer to the same concept of correlation, which is a statistical relationship between two variables. In both contexts, the term is used to discuss the relationship between different elements, whether they are variables in a scientific study or the relationship between art and academia.

Given that the meaning of ""corrélation"" remains consistent across both contexts, I would assign a high probability that they have the same meaning in a dictionary.

Probability: 0.95"
NA,NA,NOUN,course,NA,NA,NA,course,0,NA,NA,NA,"Les Orioles ont obtenu une course dans la première manche lors de la reproduction , avec Robinson , les deux oiseaux qui ont obtenu une paire de coups , doublé à centre droit , déplacé à la troisième place sur Russ Snyder ' s simple à droite et traversé sur le terrain sauvage de Kunkel dans la saleté en face de la plaque .",NA,NA,pending,5636006366783957397,1.0,reference word
NA,NA,NOUN,course,NA,NA,NA,course,1,NA,NA,NA,""" Nous le laisserons faire beaucoup de course cette semaine , mais je ne sais pas s' il pourra jouer "" .",NA,NA,pending,-6303096950823595794,0.1,"The two instances of the word ""course"" in the provided contexts refer to different meanings. 

In context_1, ""course"" refers to a run scored in a baseball game, which is a specific term used in sports. 

In context_2, ""course"" refers to the act of running or the distance covered while running, which is a more general term related to physical activity.

Given these distinctions, the probability that the two instances of ""course"" have the same meaning is low. 

Probability: 0.1 (10%)"
NA,NA,NOUN,courses,NA,NA,NA,course,2,NA,NA,NA,"Hansen , qui a frappé le haut de l' Oriole 1960 de 22 homers et a conduit en 86 courses sur une moyenne de .255 en première année , complète l' équipe de printemps de Birds à 49 joueurs .",NA,NA,pending,7250573093913259456,0.1,"To determine the probability that ""course"" and ""courses"" have the same meaning in the provided contexts, we need to analyze the meanings of the words in their respective contexts.

1. **Context of ""course""**: In the first context, ""course"" refers to a type of activity or event, likely related to running or racing, as indicated by the phrase ""faire beaucoup de course"" (doing a lot of running).

2. **Context of ""courses""**: In the second context, ""courses"" refers to runs or points scored in a baseball context, as indicated by ""a conduit en 86 courses"" (drove in 86 runs).

Given these analyses, the meanings of ""course"" and ""courses"" in their respective contexts are quite different. ""Course"" relates to an activity (running), while ""courses"" relates to scoring in a sport (baseball).

Based on this understanding, the probability that ""course"" and ""courses"" have the same meaning in the provided contexts is low.

**Probability**: 0.1 (10%)"
NA,NA,NOUN,couteau,NA,NA,NA,couteau,0,NA,NA,NA,Un couteau ferait ça .,NA,NA,pending,8518431345223018962,1.0,reference word
NA,NA,NOUN,couteau,NA,NA,NA,couteau,0,NA,NA,NA,Un couteau africain et un champ de bataille sont en ce moment aiguisés par McKinley et Green .,NA,NA,pending,8518431345223018962,0.95,"The word ""couteau"" appears in both contexts, and it refers to the same object, which is a ""knife"" in French. In both instances, the meaning of ""couteau"" remains consistent as it denotes a cutting tool. 

Given that the contexts do not introduce any additional meanings or nuances that would alter the fundamental definition of ""couteau,"" we can conclude that the probability that they have the same meaning is very high.

Probability: 0.95"
NA,NA,NOUN,couteau,NA,NA,NA,couteau,0,NA,NA,NA,"Quand le couteau est entré dans sa poitrine , il est descendu à la fois .",NA,NA,pending,8518431345223018962,0.95,"The word ""couteau"" in both contexts refers to the same object, which is a knife. In the first context, it is used in a hypothetical situation, while in the second context, it describes a specific event involving a knife. Since both instances refer to the same object with the same meaning, the probability that they have the same meaning in a dictionary is very high.

Probability: 0.95"
NA,NA,NOUN,danse,NA,NA,NA,danse,0,NA,NA,NA,"Avec le cri et la danse lente , avec les larmes et la chanson , avec le cri et la contorsion , le groupe d' angle a été assailli par l' hystérie et les frissons , les cris , la possession de quelque chose qui semblait être une force étrangère et extérieure .",NA,NA,pending,4897365535206935871,1.0,reference word
NA,NA,NOUN,danse,NA,NA,NA,danse,0,NA,NA,NA,La danse n' était plus autorisée dans les rues .,NA,NA,pending,4897365535206935871,0.95,"The two instances of the word ""danse"" in the provided contexts refer to the same concept of ""dance."" In both contexts, ""danse"" is used to describe a form of movement or expression, typically associated with music or rhythm. 

Given that the word is used in a similar manner in both contexts, I would assign a high probability that they have the same meaning in a dictionary. 

Probability: 0.95"
NA,NA,NOUN,danse,NA,NA,NA,danse,0,NA,NA,NA,"Si les professeurs de danse d' Amérique font leur affaire pour préparer leurs jeunes charges pour la gymnastique qui doit venir un jour si nos écoles sont vraiment responsables , nous serons beaucoup plus loin .",NA,NA,pending,4897365535206935871,0.95,"The words ""danse"" in both contexts refer to the act of dancing. In context_1, it is associated with emotional expressions and a group performance, while in context_2, it relates to the preparation of students for dance as a discipline. Despite the different nuances in each context, the core meaning of ""danse"" remains the same.

Probability that they have the same meaning: 95%"
NA,NA,NOUN,dialogue,NA,NA,NA,dialogue,0,NA,NA,NA,""" Il ne noie pas le dialogue "" , j' ai expliqué .",NA,NA,pending,-1872187668992599743,1.0,reference word
NA,NA,NOUN,dialogue,NA,NA,NA,dialogue,0,NA,NA,NA,"Le dialogue est vif , spirituel et franc - typique "" ne pas manger les marguerites "" matériel - qui a marqué l' auteur tout à long de ses livres et pièces de théâtre , et il était évident que le public de théâtre par la mer l' aimait .",NA,NA,pending,-1872187668992599743,0.95,"The two instances of the word ""dialogue"" in the provided contexts appear to refer to the same concept of a conversation or exchange of ideas between individuals. In context_1, the phrase ""Il ne noie pas le dialogue"" suggests that the dialogue is being maintained or not overwhelmed, while in context_2, ""Le dialogue est vif, spirituel et franc"" describes the dialogue as lively, witty, and frank.

Given that both contexts discuss the nature of dialogue in terms of communication and interaction, I would assess the probability that they have the same meaning in a dictionary as high.

Probability: 0.95"
NA,NA,NOUN,dialogue,NA,NA,NA,dialogue,0,NA,NA,NA,Et les subtilités de dialogue sont très utiles .,NA,NA,pending,-1872187668992599743,0.95,"The word ""dialogue"" in both contexts refers to a conversation or exchange of ideas between people. In context_1, it suggests a discussion that is not being drowned out or ignored, while in context_2, it highlights the nuances and details of such conversations. Since both usages pertain to the concept of dialogue as a form of communication, I would assess the probability that they have the same meaning as high.

Probability: 0.95"
NA,NA,VERB,diffusées,NA,NA,NA,diffuser,0,NA,NA,NA,"Ces choses ont été diffusées par d' autres moyens , mais toujours à la suite de la publication étendue de résultats analytiques .",NA,NA,pending,-1741465816991345461,1.0,reference word
NA,NA,VERB,diffusée,NA,NA,NA,diffuser,0,NA,NA,NA,La description de la voiture a été immédiatement diffusée dans tout le sud de Maryland sur la radio de police .,NA,NA,pending,-1741465816991345461,0.85,"The words ""diffusées"" and ""diffusée"" both derive from the verb ""diffuser,"" which means ""to broadcast"" or ""to disseminate."" In the provided contexts, both instances refer to the act of spreading information or descriptions to a wider audience. 

Given that the core meaning of ""diffuser"" remains consistent in both contexts, I would assess the probability that these words have the same meaning as high. 

Probability: 0.85"
NA,NA,VERB,diffusée,NA,NA,NA,diffuser,0,NA,NA,NA,"À cet égard , elle devrait pouvoir être diffusée sans destruction excessive .",NA,NA,pending,-1741465816991345461,0.85,"To compare the words ""diffusées"" and ""diffusée"" in their respective contexts, we need to analyze their meanings.

1. **Word Forms**: Both words are forms of the verb ""diffuser,"" which means ""to disseminate"" or ""to broadcast."" ""Diffusées"" is the plural past participle form, while ""diffusée"" is the singular past participle form. For the purpose of meaning, we can treat them as the same base verb.

2. **Context Analysis**:
   - In context_1, ""diffusées"" refers to things that have been disseminated through various means, particularly in relation to the publication of analytical results.
   - In context_2, ""diffusée"" refers to something that should be disseminated without excessive destruction, implying a careful or controlled process of dissemination.

3. **Meaning Comparison**: Both contexts involve the act of dissemination, but they focus on different aspects. The first context emphasizes the means and the result of dissemination, while the second context emphasizes the manner in which something should be disseminated.

Given that both contexts revolve around the core meaning of ""to disseminate"" and share a common verb form, we can conclude that they are closely related in meaning.

**Probability of Same Meaning**: 0.85 (indicating a high likelihood that they share the same meaning, considering the nuances in context)."
NA,NA,ADJ,dimensionnel,NA,NA,NA,dimensionnel,0,NA,NA,NA,Laissez T être un opérateur linéaire sur l' espace vectoriel dimensionnel fini V sur le champ F.,NA,NA,pending,-8530866858662179300,1.0,reference word
NA,NA,ADJ,dimensionnel,NA,NA,NA,dimensionnel,0,NA,NA,NA,Laissez T être un opérateur linéaire sur l' espace vectoriel dimensionnel fini V sur le champ F.,NA,NA,pending,-8530866858662179300,1.0,reference word
NA,NA,ADJ,dimensionnel,NA,NA,NA,dimensionnel,0,NA,NA,NA,"Laissez V être un espace vectoriel dimensionnel fini sur un champ algébrique fermé F , par exemple , le champ de nombres complexes .",NA,NA,pending,-8530866858662179300,0.95,"The two instances of the word ""dimensionnel"" in the provided contexts refer to the same concept in linear algebra, specifically relating to finite-dimensional vector spaces. In both contexts, ""dimensionnel"" describes the property of the vector space being finite-dimensional, which is a consistent and specific mathematical meaning.

Given this analysis, I would assign a high probability that the two instances of ""dimensionnel"" have the same meaning in a dictionary context. 

Probability: 0.95"
NA,NA,NOUN,distribution,NA,NA,NA,distribution,0,NA,NA,NA,"En outre , la distribution de la taille obtenue à partir de observations visuelles et radar des météores peut être extrapolée à domaine de micrométéorites .",NA,NA,pending,3107092349023815227,1.0,reference word
NA,NA,NOUN,distribution,NA,NA,NA,distribution,1,NA,NA,NA,"En outre , les points de distribution de masse plus grands et plus agressifs et les chaînes de magasins ont insisté sur la haute qualité - et le client semble avoir pris sur .",NA,NA,pending,-1785981679948881139,0.1,"The two instances of the word ""distribution"" in the provided contexts refer to different meanings. 

In context_1, ""distribution"" relates to the spread or arrangement of sizes of meteoroids based on observations, which is a scientific or statistical sense of the term.

In context_2, ""distribution"" refers to the points or locations where products are made available to consumers, which is more related to logistics or marketing.

Given these distinctions, the probability that the two uses of ""distribution"" have the same meaning is low. 

Probability: 0.1 (10%)"
NA,NA,NOUN,distribution,NA,NA,NA,distribution,0,NA,NA,NA,"Une distribution de concentration a été obtenue à partir d' observations radar sensibles à la quinzième magnitude ( Manning et Eshleman , 1959 ) .",NA,NA,pending,3107092349023815227,0.85,"The word ""distribution"" in both contexts refers to the concept of spreading or allocating something over a certain area or among a group. In context_1, it pertains to the distribution of size related to meteors, while in context_2, it refers to the distribution of concentration based on radar observations. 

Given that both usages of ""distribution"" relate to the concept of how something is spread or allocated, I would assess the probability that they have the same meaning in a dictionary as high.

Probability: 0.85"
NA,NA,NOUN,division,NA,NA,NA,division,0,NA,NA,NA,"Le groupe connu comme l' Association américaine pour la santé , l' éducation physique , et les loisirs ( une division de l' Association nationale de l' éducation ) a initié une conférence qui a réuni des représentants de la National Rifle Association , SAAMI et l' American Fishing Tackle Manufacturers .",NA,NA,pending,-5908099681408594291,1.0,reference word
NA,NA,NOUN,division,NA,NA,NA,division,0,NA,NA,NA,"Même le sergent de mess , Bill Brown , un dapper , transfert cocu d' une division aéroportée , est sorti sur la portée .",NA,NA,pending,-5908099681408594291,0.7,"The word ""division"" in both contexts refers to a distinct segment or part of a larger organization or group. In context_1, it pertains to a specific branch of an association, while in context_2, it refers to a military unit. Despite the different applications, both usages convey the idea of a subdivision within a larger entity.

Given this analysis, I would estimate the probability that these two instances of ""division"" have the same meaning in a dictionary to be around 0.7. This reflects a strong similarity in meaning, though the specific contexts (organizational vs. military) introduce some variation."
NA,NA,NOUN,division,NA,NA,NA,division,1,NA,NA,NA,"Avec la domination de la division sympathique de l' hypothalamus , les changements opposés se produisent .",NA,NA,pending,599541074693404134,0.1,"The word ""division"" in both contexts refers to a separation or categorization, but they are used in different senses. 

In context_1, ""division"" refers to a specific organizational unit within a larger association, indicating a structural or administrative meaning. 

In context_2, ""division"" refers to a part of the nervous system, specifically relating to physiological functions, indicating a biological or functional meaning.

Given these distinctions, the probability that the two instances of ""division"" have the same meaning is low. 

Probability: 0.1 (10%)"
NA,NA,NOUN,don,NA,NA,NA,don,0,NA,NA,NA,Il peut cependant être noté que son don pour la couleur et l' imagerie a dû être grandement stimulé par son séjour à Paris .,NA,NA,pending,-619001901045431070,1.0,reference word
NA,NA,NOUN,don,NA,NA,NA,don,0,NA,NA,NA,"Bien que son caractère soit plus large et plus comiquement arrondi que le don , il lui donne aussi une fermeté et une ténacité - une sorte de dignité paysanne .",NA,NA,pending,-619001901045431070,0.85,"The word ""don"" in both contexts refers to a gift or talent. In context_1, it is used to describe a person's talent for color and imagery, while in context_2, it refers to a quality or characteristic that is being compared to a gift. 

Given that both usages of ""don"" relate to the concept of a gift or inherent quality, I would assess the probability that they have the same meaning in a dictionary as quite high.

Probability: 0.85"
NA,NA,NOUN,don,NA,NA,NA,don,0,NA,NA,NA,"Son don particulier , comme cela avait été suggéré précédemment , est son intensité .",NA,NA,pending,-619001901045431070,0.85,"The word ""don"" in both contexts refers to a talent or gift, particularly in a creative or artistic sense. In context_1, it is associated with color and imagery, suggesting a gift for artistic expression. In context_2, it refers to a particular talent or intensity, which also aligns with the idea of a special ability or gift.

Given that both usages of ""don"" convey the idea of a special talent or ability, I would assess the probability that they have the same meaning in a dictionary as high.

Probability: 0.85"
NA,NA,VERB,démolir,NA,NA,NA,démolir,0,NA,NA,NA,Strindberg ' s remède pour cette condition était de démolir les vieilles structures et construire à nouveau de la terre vers le haut .,NA,NA,pending,3314686540894854287,1.0,reference word
NA,NA,VERB,démoli,NA,NA,NA,démolir,0,NA,NA,NA,Mortars avait démoli le ministère de la Défense et mis le feu à l' ambassade américaine à côté .,NA,NA,pending,3314686540894854287,0.85,"To compare the words ""démolir"" and ""démoli,"" we need to analyze their meanings in the provided contexts.

1. **Démolir**: This is the infinitive form of the verb meaning ""to demolish"" or ""to tear down."" In context_1, it refers to the act of demolishing old structures.

2. **Démoli**: This is the past participle form of the verb ""démolir,"" meaning ""demolished."" In context_2, it describes something that has already been demolished, specifically the Ministry of Defense.

Both words are derived from the same root and relate to the action of demolishing. The first word refers to the action itself, while the second word refers to the state resulting from that action.

Given that both words are closely related in meaning, with ""démoli"" being the result of the action described by ""démolir,"" we can conclude that they have a high probability of having the same meaning in a dictionary context.

**Probability that they have the same meaning: 0.85**"
NA,NA,VERB,démoli,NA,NA,NA,démolir,0,NA,NA,NA,"En 1810 , il fut démoli et remplacé par un pont suspendu en chaîne .",NA,NA,pending,3314686540894854287,0.85,"The words ""démolir"" and ""démoli"" are related, as ""démolir"" is the infinitive form of the verb meaning ""to demolish,"" while ""démoli"" is the past participle form meaning ""demolished."" Both words pertain to the act of tearing down or destroying structures. 

In the provided contexts, ""démolir"" refers to the action of demolishing old structures, while ""démoli"" describes the state of something that has already been demolished. 

Given that both words are derived from the same root and share a closely related meaning, I would estimate the probability that they have the same meaning in a dictionary to be relatively high.

Probability: 0.85"
NA,NA,NOUN,enseignement,NA,NA,NA,enseignement,0,NA,NA,NA,"À maintes reprises dans le conseil et l' enseignement , on rencontre des membres de ce groupe dont les tentatives pour introduire dans une sorte d' unité les mythologies infondées de leur héritage "" fondamentaliste "" et la réalité tenace de monde moderne ne sont que trop douloureusement évidentes .",NA,NA,pending,-6354017624437570411,1.0,reference word
NA,NA,NOUN,enseignement,NA,NA,NA,enseignement,0,NA,NA,NA,"Il est possible pour les Etats de réserver une partie de leurs fonds pour l' enseignement professionnel afin de demander , sur une base ad hoc , une flexibilité pour subventionner tout programme local de formation préalable à l' emploi que je vais rapidement mettre en place dans une communauté pour aider une nouvelle usine industrielle .",NA,NA,pending,-6354017624437570411,0.85,"The words ""enseignement"" in both contexts refer to the concept of ""teaching"" or ""education."" In the first context, it is associated with a broader discussion about the challenges of integrating different mythologies and modern realities within an educational framework. In the second context, it pertains specifically to professional education or training programs aimed at preparing individuals for employment.

Given that both instances of ""enseignement"" relate to the concept of education, albeit in slightly different contexts (one more theoretical and the other practical), I would assess the probability that they have the same meaning as high.

Probability: 0.85"
NA,NA,NOUN,enseignement,NA,NA,NA,enseignement,0,NA,NA,NA,"Une spécialisation considérable dans les matières d' enseignement telles que l' architecture , le design de meubles , les textiles et la couleur est également souhaitable .",NA,NA,pending,-6354017624437570411,0.95,"The two instances of the word ""enseignement"" in the provided contexts refer to the same concept of ""teaching"" or ""instruction."" In both contexts, ""enseignement"" is used to denote the act or process of educating or imparting knowledge. 

Given that the word is used in the same form and contextually relates to the concept of education, I would assign a high probability that they have the same meaning in a dictionary.

Probability: 0.95"
NA,NA,ADJ,essentiels,NA,NA,NA,essentiel,0,NA,NA,NA,Ces forces sont jugées suffisantes pour remplir les rôles et missions essentiels de réserves à l' appui de nos objectifs de sécurité nationale .,NA,NA,pending,-4215061205818265467,1.0,reference word
NA,NA,ADJ,essentielles,NA,NA,NA,essentiel,0,NA,NA,NA,"La deuxième capacité est représentée par nos forces terrestres , navales et aériennes déployées dans les zones avant essentielles , ainsi que par des réserves prêtes à effectuer des renforts d' urgence précoces .",NA,NA,pending,-4215061205818265467,0.95,"The words ""essentiels"" and ""essentielles"" are both forms of the adjective ""essentiel,"" which means ""essential"" in English. The difference between them lies in their grammatical gender: ""essentiels"" is the masculine plural form, while ""essentielles"" is the feminine plural form. 

In the provided contexts, both words refer to something that is crucial or necessary. Therefore, despite the difference in gender, they convey the same core meaning.

Given this analysis, I would assign a high probability that they have the same meaning in a dictionary context. 

Probability: 0.95"
NA,NA,ADJ,essentiel,NA,NA,NA,essentiel,0,NA,NA,NA,Un ventilateur est essentiel pour le double abri mural et pour les abris souterrains .,NA,NA,pending,-4215061205818265467,0.85,"The words ""essentiels"" and ""essentiel"" both derive from the same root and share a similar meaning related to something being necessary or fundamental. In the contexts provided, both words refer to something that is crucial or important for fulfilling a role or function. 

Given that ""essentiels"" is the plural form and ""essentiel"" is the singular form, they are used in similar contexts to convey the importance of certain elements. 

Considering these factors, I would estimate the probability that they have the same meaning in a dictionary to be quite high.

Probability: 0.85"
NA,NA,ADJ,esthétique,NA,NA,NA,esthétique,0,NA,NA,NA,"Un facteur contributif est la perspective , la distance esthétique uniforme qui est maintenue .",NA,NA,pending,-1093899066173694704,1.0,reference word
NA,NA,ADJ,esthétiques,NA,NA,NA,esthétique,0,NA,NA,NA,"Ses différents postulats esthétiques restent des repères d' une maison divisée contre elle-même : Supra Expressionnisme , Neo Paganism , Neo Classicism , Neo Romanticism , Neo Jazz , Neo Ecclesiastism , Neo Popularism , et plus récemment , Post Serialism - tous en compétition les uns avec les autres à sein d' un compositeur !",NA,NA,pending,-1093899066173694704,0.85,"The words ""esthétique"" and ""esthétiques"" both relate to the concept of aesthetics, which pertains to the nature of beauty, art, and taste. In the provided contexts, ""esthétique"" refers to a uniform aesthetic perspective, while ""esthétiques"" refers to various aesthetic postulates or principles.

Given that both words derive from the same root and pertain to the field of aesthetics, they share a closely related meaning. However, ""esthétique"" is singular and refers to a specific concept, while ""esthétiques"" is plural and refers to multiple concepts or principles.

Considering these factors, I would estimate the probability that they have the same meaning in a dictionary context to be around 85%. They are closely related but not identical in usage."
NA,NA,ADJ,esthétiques,NA,NA,NA,esthétique,0,NA,NA,NA,"Exclusive de valeurs esthétiques , telles que le niveau élevé - ou faible mousse , la teneur en parfum , etc , les exigences pour l' activité organique utilisée dans les textiles de lavage sont élevées .",NA,NA,pending,-1093899066173694704,0.85,"The words ""esthétique"" and ""esthétiques"" both relate to the concept of aesthetics, which pertains to beauty, art, and taste. In the provided contexts, ""esthétique"" refers to a uniform aesthetic perspective, while ""esthétiques"" refers to aesthetic values in a more general sense.

Given that both words derive from the same root and pertain to the same overarching concept of aesthetics, I would assess the probability that they have the same meaning in a dictionary as relatively high.

Probability: 0.85"
NA,NA,VERB,exécuté,NA,NA,NA,exécuter,0,NA,NA,NA,"En février le meurtre de Patrice Lumumba , qui avait été kidnappé à Katanga et exécuté sur ordre de Tshombe , a de nouveau incité l' U.N. à agir .",NA,NA,pending,-1320539058103013298,1.0,reference word
NA,NA,VERB,exécuté,NA,NA,NA,exécuter,1,NA,NA,NA,"Mais sous la direction de Mira Ziminska-Sygietynska , qui avec son défunt mari a fondé l' organisation en 1948 , tout a été mis en forme théâtrale , traité sélectivement , chorégraphié spécifiquement pour la présentation à spectateurs , et exécuté tout à fait professionnellement .",NA,NA,pending,788744315014616999,0.1,"To determine the probability that the two instances of the word ""exécuté"" have the same meaning, we need to analyze the contexts in which they are used.

1. In context_1, ""exécuté"" refers to the act of carrying out a death sentence, specifically in the context of a murder. It implies a violent and final action taken against a person.

2. In context_2, ""exécuté"" refers to the execution of a performance or artistic work. It implies the act of performing or carrying out a plan or idea in a professional manner, without any violent connotation.

Given these analyses, the two uses of ""exécuté"" have distinctly different meanings: one is related to a lethal action, while the other pertains to the execution of a performance.

Based on this comparison, I would assign a low probability that the two instances of ""exécuté"" have the same meaning. 

Probability: 0.1 (or 10%)"
NA,NA,VERB,exécutés,NA,NA,NA,exécuter,0,NA,NA,NA,Deux Américains et sept Cubains ont été exécutés par des pelotons d' exécution aujourd'hui alors que les tribunaux militaires de Castro ont commencé à prononcer la peine de mort pour les forces d' invasion capturées et les collaborateurs présumés .,NA,NA,pending,-1320539058103013298,0.9,"The words ""exécuté"" and ""exécutés"" both derive from the verb ""exécuter,"" which means ""to execute."" In the provided contexts, both words refer to the act of carrying out a death sentence or killing someone, albeit in different scenarios. 

Given that both contexts involve the execution of individuals, the probability that these words have the same meaning in a dictionary context is quite high. 

Therefore, I would estimate the probability that ""exécuté"" and ""exécutés"" have the same meaning to be around 90%."
NA,NA,NOUN,feuilles,NA,NA,NA,feuille,0,NA,NA,NA,"Les feuilles brûlaient quelque part et la fumée sentait , pour toute son acidité ammoniaque , des débuts .",NA,NA,pending,-5529172023051191482,1.0,reference word
NA,NA,NOUN,feuille,NA,NA,NA,feuille,0,NA,NA,NA,"Après avoir sélectionné une feuille et l' avoir inspectée pour détecter les défauts ( même les meilleurs ont parfois des "" nubbins "" étrangers sur sa surface ) , je l' éponge soigneusement de deux côtés avec de l' eau propre , froide .",NA,NA,pending,-5529172023051191482,0.85,"The words ""feuilles"" and ""feuille"" are both forms of the French noun meaning ""leaf."" ""Feuilles"" is the plural form, while ""feuille"" is the singular form. In the provided contexts, ""feuilles"" refers to multiple leaves that are burning, while ""feuille"" refers to a single leaf being inspected for defects.

Given that both words refer to the same concept of a leaf, albeit in different quantities, I would assess the probability that they have the same meaning in a dictionary as high, but not absolute, due to the difference in number.

Probability that they have the same meaning: **0.85**"
NA,NA,NOUN,feuilles,NA,NA,NA,feuille,0,NA,NA,NA,"Quand ils ont 4 à 6 feuilles et qu' ils sont de petites plantes , il est temps de les indiquer où ils doivent rester .",NA,NA,pending,-5529172023051191482,0.95,"The word ""feuilles"" in both contexts refers to ""leaves."" In the first context, it describes leaves that are burning and producing smoke, while in the second context, it refers to the leaves of small plants that are ready to be transplanted. Despite the different situations, both usages pertain to the same concept of ""leaves"" in a botanical sense.

Given this analysis, the probability that the two instances of ""feuilles"" have the same meaning is high. 

Probability: 0.95"
NA,NA,NOUN,gaz,NA,NA,NA,gaz,0,NA,NA,NA,L ' analyse spectrométrique de masse de gaz a évolué à partir de chauffage jusqu' à 410 ' C indique les oxydes d' azote et la vapeur d ' eau .,NA,NA,pending,8655612175723070548,1.0,reference word
NA,NA,NOUN,gaz,NA,NA,NA,gaz,0,NA,NA,NA,"Les petits et grands intestins ont été remplis de gaz , et le jejunum a été dilaté à environ 2 fois sa circonférence normale .",NA,NA,pending,8655612175723070548,0.95,"The word ""gaz"" in both contexts refers to the same physical state of matter, specifically a substance that is in the gaseous form. In context 1, it is related to the analysis of gases in a scientific setting, while in context 2, it refers to gas accumulation in the intestines. Despite the different contexts, the fundamental meaning of ""gaz"" remains consistent.

Given this analysis, I would assign a high probability that the two instances of ""gaz"" have the same meaning in a dictionary context.

Probability: 0.95"
NA,NA,NOUN,gaz,NA,NA,NA,gaz,0,NA,NA,NA,"L' injection de gaz à travers une anode poreuse ( refroidissement par transpiration ) non seulement nourrit l' énergie transférée à l' anode par les procédés mentionnés ci-dessus , mais modifie également les conditions dans l' arc lui-même .",NA,NA,pending,8655612175723070548,0.95,"The word ""gaz"" in both contexts refers to the same general concept of ""gas."" In context 1, it is related to mass spectrometry and the analysis of gases, specifically mentioning nitrogen oxides and water vapor. In context 2, it refers to the injection of gas in a technical process involving an anode.

Given that both contexts involve the scientific and technical use of the term ""gas,"" the probability that they have the same meaning in a dictionary is high. 

Probability: 0.95"
NA,NA,NOUN,geste,NA,NA,NA,geste,0,NA,NA,NA,Quand un geste accompagne qui est -il ?,NA,NA,pending,6058507240397143290,1.0,reference word
NA,NA,NOUN,geste,NA,NA,NA,geste,0,NA,NA,NA,"Quand , comme un geste diplomatique d' amité et en paiement pour le prêt de hommes armés à l' élection d' avril , Torrio avait donné à O ' Banion une tranche de Cicéron , les bénéfices de ce district avaient été de 20000 $par mois .",NA,NA,pending,6058507240397143290,0.75,"The word ""geste"" in both contexts refers to an action or gesture, but the nuances differ slightly. In context_1, it seems to refer to a general action accompanying something, while in context_2, it specifically refers to a diplomatic gesture related to a political situation. 

Given that both usages of ""geste"" relate to the concept of an action or gesture, but with different implications, I would estimate the probability that they have the same meaning in a dictionary to be around 0.75."
NA,NA,NOUN,geste,NA,NA,NA,geste,0,NA,NA,NA,"Il y avait le jour Oncle Izaak avait , dans un geste grandiose inattendu , remis le joli sloop à Abel pour les gardes , à condition qu' il ne manque jamais de laisser son frère l' accompagner quand le jeune garçon le souhaitait .",NA,NA,pending,6058507240397143290,0.85,"The word ""geste"" in both contexts refers to a physical action or gesture. In context 1, it seems to be discussing the nature of a gesture in relation to a person, while in context 2, it describes a grand gesture made by Uncle Izaak. Both usages imply a similar meaning related to actions or movements that convey intention or emotion.

Given this analysis, I would estimate the probability that these two instances of ""geste"" have the same meaning in a dictionary to be quite high.

Probability: 0.85"
NA,NA,NOUN,grenier,NA,NA,NA,grenier,0,NA,NA,NA,"Se hâtant à grenier , dont la température était facilement plus chaud que la Côte d' Or , vous avez procédé à masquer les fenêtres avec une couverture de laine fantaisie , certains pantalons kaki , et le genre , et de saccager les innombrables boîtes et barils stockés là .",NA,NA,pending,1381142101874008975,1.0,reference word
NA,NA,NOUN,grenier,NA,NA,NA,grenier,0,NA,NA,NA,Je travaille à grenier .,NA,NA,pending,1381142101874008975,0.95,"The word ""grenier"" in both contexts refers to an attic or a storage space, typically located in the upper part of a building. In context 1, it describes actions taking place in an attic, while in context 2, it indicates a workplace that is likely in or related to an attic. 

Given that both instances of ""grenier"" refer to the same concept of an attic or storage area, I would assess the probability that they have the same meaning as very high.

Probability: 0.95"
NA,NA,NOUN,grenier,NA,NA,NA,grenier,0,NA,NA,NA,"Et là , j' étais enchaîné avec Eileen dans ce grenier sale à quatrième étage de la rue Hudson .",NA,NA,pending,1381142101874008975,0.95,"The word ""grenier"" in both contexts refers to an attic or a storage space typically located at the top of a building. In both instances, it is used to describe a physical location where items are stored or where people may find themselves. 

Given that the contexts provided do not suggest any different meanings for ""grenier,"" we can conclude that they refer to the same concept.

Probability that they have the same meaning: **0.95**"
NA,NA,NOUN,idole,NA,NA,NA,idole,0,NA,NA,NA,"Un matin , nous avons découvert non seulement que les centimes étaient manquants de l' idole , mais qu' une cigarette avait été étouffée dans ses genoux .",NA,NA,pending,4410130598391551963,1.0,reference word
NA,NA,NOUN,idole,NA,NA,NA,idole,0,NA,NA,NA,"L' idole de hackers , bien sûr , est Ray Ainsley , qui a obtenu un 19 dans les États-Unis Open .",NA,NA,pending,4410130598391551963,0.75,"The word ""idole"" in both contexts refers to a figure or object of admiration or worship. In the first context, it seems to refer to a physical idol or statue that is missing coins, while in the second context, it refers to a person who is highly regarded or admired in the hacking community. 

Despite the different usages, both contexts share the core meaning of ""idole"" as something or someone that is revered or looked up to. Therefore, I would assess the probability that they have the same meaning in a dictionary as relatively high.

Probability: 0.75"
NA,NA,NOUN,idole,NA,NA,NA,idole,0,NA,NA,NA,Stevie n' a vu aucune idole ; cela l' a troublé qu' il ne pouvait pas toujours voir ce que papa voyait .,NA,NA,pending,4410130598391551963,0.85,"The word ""idole"" in both contexts refers to the concept of an idol, which can denote a figure of worship or admiration. In the first context, it seems to refer to a physical object or statue that is missing coins, while in the second context, it refers to a more abstract notion of an idol that is not visible to the character. 

Despite the different usages, both contexts maintain the core meaning of ""idole"" as something that is revered or admired. Therefore, I would assess the probability that they have the same meaning in a dictionary as relatively high.

Probability: 0.85"
NA,NA,NOUN,idéologies,NA,NA,NA,idéologie,0,NA,NA,NA,"Tous étaient là dans cette association lâchement tricotée d' idéologies diversifiées , et chacun a démenti l' autre et battu sa poitrine pour ses propres approches .",NA,NA,pending,4035834589939664621,1.0,reference word
NA,NA,NOUN,idéologies,NA,NA,NA,idéologie,0,NA,NA,NA,"Toutes les idéologies changent de jour en jour , sous ses yeux , alors comment un homme pourrait -il regarder vers n' importe lequel d' entre eux pour un élargissement de sa liberté ?",NA,NA,pending,4035834589939664621,0.95,"The words ""idéologies"" in both contexts refer to systems of beliefs or ideas, particularly in a political or social context. In both instances, they are used to discuss different perspectives or approaches that individuals or groups may hold. 

Given that the contexts highlight the diversity and changeability of ideologies, the probability that the two instances of ""idéologies"" have the same meaning is very high. 

Probability: 0.95"
NA,NA,NOUN,idéologie,NA,NA,NA,idéologie,0,NA,NA,NA,Pourquoi ne nous rendons -nous pas compte qu' aucune idéologie ne croit autant en elle-même qu' elle ne croit en autre chose ?,NA,NA,pending,4035834589939664621,0.85,"The words ""idéologies"" and ""idéologie"" both refer to systems of ideas or beliefs, typically in a political or philosophical context. The first word is the plural form, indicating multiple systems of beliefs, while the second is the singular form, referring to a single system of beliefs.

Given that both words share the same root and are related in meaning, the probability that they have the same meaning in a dictionary context is quite high, but they are not identical in usage due to the difference in number (singular vs. plural).

Considering this, I would estimate the probability that ""idéologies"" and ""idéologie"" have the same meaning in a dictionary to be around 85%."
NA,NA,NOUN,imagination,NA,NA,NA,imagination,0,NA,NA,NA,C' est la fonction principale de l' imagination opérant en l' absence de stimulus expérientiel original par lequel les images ont été initialement appropriées .,NA,NA,pending,1251290231441829842,1.0,reference word
NA,NA,NOUN,imagination,NA,NA,NA,imagination,0,NA,NA,NA,Une de mes vertus ou vices est une sorte d' imagination tridimensionnelle complète avec des effets sonores et glorieuse couleur vivante .,NA,NA,pending,1251290231441829842,0.85,"The two instances of the word ""imagination"" in the provided contexts refer to the same concept of the mental faculty that allows for the creation of images, ideas, or concepts that are not present to the senses. 

In context_1, ""imagination"" is described as a function that operates in the absence of original experiential stimuli, suggesting a focus on the cognitive process of generating images or ideas. 

In context_2, ""imagination"" is associated with a vivid and immersive experience, indicating a more experiential or creative aspect of the same cognitive process.

Given that both contexts highlight different facets of the same underlying concept of imagination, I would assign a high probability that they have the same meaning in a dictionary.

Probability: 0.85"
NA,NA,NOUN,imagination,NA,NA,NA,imagination,0,NA,NA,NA,Une imagination vraiment vivante se déplace au-delà de souvenir conventionnel à un sens de l' immédiateté .,NA,NA,pending,1251290231441829842,0.85,"The two contexts provided for the word ""imagination"" both discuss the concept of imagination in a similar manner, focusing on its role in generating images and experiences beyond conventional memory or original stimuli. 

In context_1, imagination is described as a function that operates in the absence of original experiential stimuli, suggesting a creative or generative aspect. In context_2, imagination is portrayed as a vibrant force that transcends conventional memory, emphasizing immediacy and a dynamic quality.

Given that both contexts highlight the creative and generative nature of imagination, I would assess the probability that they have the same meaning in a dictionary as high.

Probability: 0.85"
NA,NA,NOUN,impact,NA,NA,NA,impact,0,NA,NA,NA,Le plus grand impact de principe de fonds de contrepartie a été d' encourager à départ les États les plus pauvres et les districts scolaires à dépenser suffisamment pour obtenir leur pleine allocation de fonds extérieurs .,NA,NA,pending,-4925966727610680193,1.0,reference word
NA,NA,NOUN,impacts,NA,NA,NA,impact,1,NA,NA,NA,"Quatre-vingt-dix pour cent des 153 impacts enregistrés se sont produits entre minuit et midi , et de jour en jour la variation de taux était autant qu' un ordre de grandeur .",NA,NA,pending,4229345934141806929,0.3,"To determine the probability that ""impact"" and ""impacts"" have the same meaning in the provided contexts, we need to analyze the meanings of the words in their respective contexts.

1. **Context of word_1 (""impact"")**: The term ""impact"" here refers to the effect or influence that a principle (in this case, related to funding) has on certain entities (the poorest states and school districts). It suggests a significant consequence or result of an action or policy.

2. **Context of word_2 (""impacts"")**: In this context, ""impacts"" refers to recorded occurrences or events that have taken place within a specific timeframe. It implies a collection of effects or results that have been documented.

Both terms relate to the concept of effects or consequences, but they are used in slightly different ways. ""Impact"" in the first context is more about the influence of a principle, while ""impacts"" in the second context refers to specific instances or occurrences of effects.

Given this analysis, while both words are related to the idea of effects, they are used in different contexts and imply different nuances. Therefore, they do not have the same meaning in these contexts.

Based on this reasoning, I would assign a probability of **0.3** that ""impact"" and ""impacts"" have the same meaning in the provided contexts."
NA,NA,NOUN,impact,NA,NA,NA,impact,0,NA,NA,NA,L' impact de facteurs technologiques est également illustré par l' histoire de programme de carburant à haute énergie .,NA,NA,pending,-4925966727610680193,0.85,"The two instances of the word ""impact"" in the provided contexts refer to the effect or influence of something. In context_1, ""impact"" relates to the effect of a funding principle on poorer states and school districts, while in context_2, it refers to the influence of technological factors on a specific program. 

Given that both usages of ""impact"" convey the idea of an effect or influence, I would assess the probability that they have the same meaning in a dictionary as high.

Probability: 0.85"
NA,NA,NOUN,intervalles,NA,NA,NA,intervalle,0,NA,NA,NA,"Les vagues sont séparées par intervalles de 15 minutes à une heure ou plus ( en raison de leur grande longueur ) , et cela a souvent permis à gens de penser après la première grande vague s' est écrasée qu' elle est partout .",NA,NA,pending,-4432044382788015418,1.0,reference word
NA,NA,NOUN,intervalle,NA,NA,NA,intervalle,0,NA,NA,NA,"Nous avons montré que le graphique de f contient à moins un composant dont l' inverse est l' intervalle entier [ 0 , T ] , et dont la multiplicité est étrange .",NA,NA,pending,-4432044382788015418,0.95,"The words ""intervalles"" and ""intervalle"" are both forms of the same noun in French, with ""intervalles"" being the plural form and ""intervalle"" being the singular form. In the contexts provided, both refer to the concept of a period or space between events or points in time.

Given that they are different forms of the same word and share the same core meaning related to time or space separation, I would assign a high probability that they have the same meaning in a dictionary.

Probability: 0.95"
NA,NA,NOUN,intervalles,NA,NA,NA,intervalle,0,NA,NA,NA,Des échantillons composites ont été prélevés à intervalles hebdomadaires .,NA,NA,pending,-4432044382788015418,0.95,"The two instances of the word ""intervalles"" in the provided contexts refer to the concept of intervals or periods of time. In the first context, it describes the time gaps between waves, while in the second context, it refers to the frequency of sampling over a weekly basis. 

Since both usages pertain to the idea of time intervals, they share the same meaning in this context. 

Probability that they have the same meaning: **0.95**"
NA,NA,NOUN,ironie,NA,NA,NA,ironie,0,NA,NA,NA,Avec une ironie pardonnable Shelley écrit à père qui avait publiquement renié sa fille :,NA,NA,pending,8213684499404823020,1.0,reference word
NA,NA,NOUN,ironies,NA,NA,NA,ironie,0,NA,NA,NA,"L' une de ironies de la croisade actuelle pour l' unité chrétienne est qu' il n' y a pas , relativement parlant , beaucoup de vrais chrétiens à unir .",NA,NA,pending,8213684499404823020,0.85,"The words ""ironie"" and ""ironies"" both refer to the concept of irony, but they are used in different contexts. ""Ironie"" is the singular form in French, while ""ironies"" is the plural form. Despite this difference in number, they share the same core meaning related to the expression of something contrary to what is expected or intended, often for humorous or emphatic effect.

Given that both words pertain to the same concept of irony, I would estimate the probability that they have the same meaning in a dictionary to be quite high.

Probability: 0.85"
NA,NA,NOUN,ironie,NA,NA,NA,ironie,0,NA,NA,NA,L' ironie tragique de la pièce est que la croyance et l' inquiétude même avec un diable qui pourrait être rencontré dans les bois et combattu avec des formules exposées dans les livres était la chose même qui les a empêchés de détecter le vrai diable quand il est venu parmi eux .,NA,NA,pending,8213684499404823020,0.95,"The two instances of the word ""ironie"" in the provided contexts refer to the same concept of irony. In context_1, it describes a situation where Shelley uses irony in a forgiving manner regarding a father-daughter relationship. In context_2, it discusses tragic irony in a play, highlighting the contrast between belief and reality. 

Given that both contexts discuss the concept of irony, albeit in different scenarios, I would assign a high probability that they have the same meaning in a dictionary.

Probability: 0.95"
NA,NA,VERB,jouissions,NA,NA,NA,jouir,0,NA,NA,NA,Nous jouissions d' une liberté paradoxale quand nous étions encore trop jeunes pour l' école .,NA,NA,pending,-757674043131872519,1.0,reference word
NA,NA,VERB,jouit,NA,NA,NA,jouir,0,NA,NA,NA,"Le collectionneur jouit de contact avec la vie rurale ; il chasse le folklore pour les raisons mêmes "" champ et ruisseau "" que beaucoup de personnes chassent le gibier ; et il est rarement très préoccupé par la signification de ce qu ' il a localisé .",NA,NA,pending,-757674043131872519,0.85,"The words ""jouissions"" and ""jouit"" are forms of the verb ""jouir,"" which means ""to enjoy"" in French. In the provided contexts, both words convey the idea of experiencing or having enjoyment or pleasure. 

- In context_1, ""jouissions"" refers to enjoying a paradoxical freedom.
- In context_2, ""jouit"" refers to enjoying contact with rural life.

Since both contexts involve the concept of enjoyment, I would assess that the two words have the same meaning in this context.

Probability that they have the same meaning: **0.85** (or 85%)."
NA,NA,VERB,jouit,NA,NA,NA,jouir,0,NA,NA,NA,"Du côté positif , la récente action fédérale a largement sapé la sanction légale dont jouit depuis si longtemps la position ségrégationniste ; des lois antidiscriminatoires dans le domaine de logement ont maintenant été adoptées par treize États et , bien que des dispositions spécifiques aient varié , la tendance est clairement à l' élargissement de la couverture .",NA,NA,pending,-757674043131872519,0.85,"The words ""jouissions"" and ""jouit"" are both forms of the verb ""jouir,"" which means ""to enjoy"" in French. In the provided contexts, ""jouissions"" is in the first person plural imperfect tense, indicating a past state of enjoyment, while ""jouit"" is in the third person singular present tense, indicating a current state of enjoyment.

Given that both words derive from the same root verb and convey the concept of enjoying something, they share a similar meaning. However, they differ in tense and perspective, which affects their specific usage in sentences.

Considering these factors, I would estimate the probability that ""jouissions"" and ""jouit"" have the same meaning in a dictionary context to be around 85%."
NA,NA,VERB,lancé,NA,NA,NA,lancer,0,NA,NA,NA,"Le plus célèbre de tous a été lancé par l' explosion de l' île de Krakatoa en 1883 ; il a traversé le Pacifique à 300 miles à l' heure , dévasté les côtes de Java et Sumatra avec des vagues de 100 à 130 pieds de haut , et a frappé la côte aussi loin que San Francisco .",NA,NA,pending,-7125255449865617377,1.0,reference word
NA,NA,VERB,lancés,NA,NA,NA,lancer,0,NA,NA,NA,"Mais à cours de dernières années de bateaux ont été lancés dans des zones où , il ya peu de temps , la seule eau à trouver était dans les puits et les abreuvoirs pour le bétail .",NA,NA,pending,-7125255449865617377,0.85,"To determine the probability that ""lancé"" and ""lancés"" have the same meaning in the provided contexts, we need to analyze the meanings of the words in their respective contexts.

1. **Word 1: ""lancé""** - In context 1, ""lancé"" refers to something that has been thrown or propelled, specifically in relation to the explosion of Krakatoa and the resulting waves. It implies a sense of forceful movement or initiation.

2. **Word 2: ""lancés""** - In context 2, ""lancés"" refers to boats that have been launched or set into the water. This usage also implies a sense of initiation but in a more literal sense of putting boats into a body of water.

Both words derive from the same root verb ""lancer,"" which means ""to launch"" or ""to throw."" In both contexts, the core idea revolves around the initiation of movement or action.

Given this analysis, while the specific applications of the words differ (one relating to waves and the other to boats), they share a fundamental meaning related to the act of launching or propelling something.

Therefore, I would assign a high probability that ""lancé"" and ""lancés"" have the same meaning in a dictionary context, likely around **0.85**."
NA,NA,VERB,lancer,NA,NA,NA,lancer,0,NA,NA,NA,"Dans plusieurs cas importants , tels que l' Inde , une décennie d' efforts concentrés peut lancer ces pays dans une phase où ils peuvent poursuivre leur propre progrès économique et social avec peu ou pas d' aide gouvernementale .",NA,NA,pending,-7125255449865617377,0.85,"To determine the probability that ""lancé"" and ""lancer"" have the same meaning, we need to analyze their meanings in the provided contexts.

1. **Word Analysis**:
   - ""lancé"" is the past participle of the verb ""lancer,"" which means ""to launch"" or ""to throw.""
   - ""lancer"" is the infinitive form of the same verb, meaning ""to launch"" or ""to throw.""

2. **Context Analysis**:
   - In context_1, ""lancé"" refers to something that was launched (in this case, a wave or phenomenon resulting from the explosion of Krakatoa).
   - In context_2, ""lancer"" refers to the act of launching efforts or initiatives in a country.

3. **Meaning Comparison**:
   - Both words relate to the concept of launching or initiating something. ""Lancé"" describes the result of a launch, while ""lancer"" describes the action of launching.

Given that both words derive from the same root and share a core meaning related to launching, we can conclude that they are closely related in meaning.

**Probability Assessment**:
Considering the analysis, I would assign a high probability that ""lancé"" and ""lancer"" have the same meaning in a dictionary context, specifically in terms of their core action of launching.

**Probability**: 0.85 (or 85%)"
NA,NA,NOUN,liaison,NA,NA,NA,liaison,0,NA,NA,NA,"Il y a donc la possibilité que cette liaison **f soit symétrique , bien que Douglass n' ait pu déterminer sa symétrie à partir de ses données de rayons X .",NA,NA,pending,8828708134682810405,1.0,reference word
NA,NA,NOUN,liaison,NA,NA,NA,liaison,0,NA,NA,NA,Mais la liaison a commencé avec succès dans les derniers jours de l' automne était maintenant languissant .,NA,NA,pending,8828708134682810405,0.6,"The word ""liaison"" in both contexts refers to a connection or relationship, but the specific nature of that connection differs. In context_1, ""liaison"" seems to refer to a more abstract or technical relationship, possibly in a scientific or mathematical sense, while in context_2, it refers to a more general or possibly emotional connection, as indicated by the phrase ""a commencé avec succès"" (started successfully) and ""maintenant languissant"" (now languishing).

Given these nuances, while both uses of ""liaison"" share a core meaning of connection or relationship, the specific implications and contexts differ significantly.

Probability that they have the same meaning: **0.6** (60%)"
NA,NA,NOUN,liaison,NA,NA,NA,liaison,0,NA,NA,NA,"Si la liaison **f est linéaire , alors il y a trois positions raisonnables pour les atomes d' hydrogène : ( 1 ) Les atomes d' hydrogène sont centrés et donc tous se trouvent sur une feuille à mi-chemin entre les feuilles d' oxygène ; ( 2 ) tous les atomes d' hydrogène sont sur une feuille , mais la feuille est plus proche d' une feuille d' oxygène que de l' autre ; ( 3 ) les atomes d' hydrogène sont asymétriquement placés , soit à hasard ou de manière ordonnée , de sorte que certains atomes d' hydrogène sont plus proches de atomes d' oxygène supérieurs tandis que d' autres sont plus proches de atomes d' oxygène inférieurs .",NA,NA,pending,8828708134682810405,0.85,"The word ""liaison"" in both contexts refers to a connection or bond, likely in a scientific or chemical context. In the first context, it discusses the possibility of a symmetrical bond, while in the second context, it describes the arrangement of hydrogen atoms in relation to oxygen atoms, indicating a specific type of bond or connection.

Given that both usages of ""liaison"" pertain to the concept of a connection or bond, particularly in a scientific context, I would assess the probability that they have the same meaning as follows:

Probability: 0.85

This high probability reflects that while the specific details and implications may vary, the core meaning of ""liaison"" as a connection remains consistent across both contexts."
NA,NA,NOUN,logique,NA,NA,NA,logique,0,NA,NA,NA,Cela a fait un certain degré de logique .,NA,NA,pending,6599024970788261927,1.0,reference word
NA,NA,NOUN,logique,NA,NA,NA,logique,0,NA,NA,NA,""" La logique de créer un service ferroviaire fort , équilibré et compétitif à deux systèmes dans l' Est est si évidente que B. + O. s' est publiquement engagé dans l' approche décrite ici .",NA,NA,pending,6599024970788261927,0.85,"The word ""logique"" in both contexts refers to the concept of reasoning or rationality. In context_1, it suggests a degree of coherence or sensibility in a situation, while in context_2, it refers to the reasoning behind creating a strong and competitive railway service. 

Given that both usages pertain to the idea of reasoning or rational thought, I would assess the probability that they have the same meaning as high.

Probability: 0.85"
NA,NA,NOUN,logique,NA,NA,NA,logique,0,NA,NA,NA,"La logique de certains menteurs , une wispe d' optimisme aussi fragile que l' odeur de fleurs tropicales qui est venue par la fenêtre ( une euphorie peut-être engendrée par la pilule Fritzie lui avait donné ) , la console pendant un moment .",NA,NA,pending,6599024970788261927,0.85,"The two instances of the word ""logique"" in the provided contexts both refer to the concept of logic or reasoning. In context_1, ""logique"" is used to describe a degree of reasoning or coherence in a situation. In context_2, ""logique"" refers to the reasoning or rationale behind the actions of certain individuals (in this case, liars).

Given that both usages pertain to the idea of reasoning or logical thought, I would assess the probability that they have the same meaning in a dictionary as high.

Probability: 0.85"
NA,NA,ADJ,lourds,NA,NA,NA,lourd,0,NA,NA,NA,Seuls les os lourds de boeufs les maintenaient ancrés .,NA,NA,pending,-3657099401658189208,1.0,reference word
NA,NA,ADJ,lourds,NA,NA,NA,lourd,0,NA,NA,NA,"Puis il a remarqué les nuages qui couraient sur eux - lourds , omineux , les nuages de plomb qui se formaient alors qu' ils trancheaient sur les crêtes de collines environnantes .",NA,NA,pending,-3657099401658189208,0.85,"The word ""lourds"" in both contexts refers to the quality of being heavy. In context_1, it describes the bones of cattle as being heavy, while in context_2, it describes clouds as being heavy and ominous. Although the specific referents differ (bones vs. clouds), the underlying meaning of ""heavy"" remains consistent.

Given this analysis, I would assign a probability of 0.85 that the two instances of ""lourds"" have the same meaning in a dictionary."
NA,NA,ADJ,lourd,NA,NA,NA,lourd,0,NA,NA,NA,Il n' était pas plus lourd qu' un enfant .,NA,NA,pending,-3657099401658189208,0.95,"The words ""lourds"" and ""lourd"" both derive from the same root and share a common meaning related to weight. In the contexts provided, ""lourds"" refers to ""heavy"" in the plural form (bones), while ""lourd"" refers to ""heavy"" in the singular form (a child). 

Given that both words convey the same concept of heaviness, I would estimate the probability that they have the same meaning in a dictionary to be quite high.

Probability: 0.95"
NA,NA,NOUN,malaise,NA,NA,NA,malaise,0,NA,NA,NA,Ceci est cependant symptomatique de notre malaise national .,NA,NA,pending,-7886994128715778651,1.0,reference word
NA,NA,NOUN,malaise,NA,NA,NA,malaise,0,NA,NA,NA,Mais il ne ressentait aucun malaise physique .,NA,NA,pending,-7886994128715778651,0.85,"The word ""malaise"" in both contexts refers to a sense of discomfort or unease. In the first context, it pertains to a national feeling of unease or discontent, while in the second context, it refers to a physical discomfort. Despite the different applications (national vs. physical), the core meaning of ""malaise"" as a state of unease remains consistent.

Given this analysis, I would assign a high probability that the two instances of ""malaise"" have the same meaning in a dictionary context, as they both convey a sense of discomfort or unease, albeit in different domains.

Probability: 0.85"
NA,NA,NOUN,malaise,NA,NA,NA,malaise,0,NA,NA,NA,"Comme symptomatique de malaise de l' homme commun , il est le plus significatif: un libéral et un catholique , élu par la peau de ses dents .",NA,NA,pending,-7886994128715778651,0.85,"The two instances of the word ""malaise"" in the provided contexts refer to a similar concept of discomfort or unease within a societal or communal context. In both cases, ""malaise"" is used to describe a feeling of discontent or dissatisfaction that is prevalent among a group of people (the nation in the first context and the common man in the second context).

Given that both contexts highlight a collective sense of unease, I would assess the probability that these two uses of ""malaise"" have the same meaning in a dictionary as high.

Probability: 0.85"
NA,NA,NOUN,moteur,NA,NA,NA,moteur,0,NA,NA,NA,"En outre , le moteur a le sceau de l' approbation de Laboratoires de assureurs , ce qui signifie qu' il est sûr .",NA,NA,pending,1786771906469100082,1.0,reference word
NA,NA,NOUN,moteur,NA,NA,NA,moteur,0,NA,NA,NA,"Greg a claqué ses gaz sur le mur de feu et a monté le RPM , et le moteur a répondu comme s' il avait attendu .",NA,NA,pending,1786771906469100082,0.95,"The two instances of the word ""moteur"" in the provided contexts refer to the same concept of an engine or motor. In both contexts, ""moteur"" is used to describe a mechanical device that converts energy into motion. 

Given that both contexts discuss the functionality and characteristics of a motor, I would assign a high probability that they have the same meaning in a dictionary.

Probability: 0.95"
NA,NA,NOUN,moteur,NA,NA,NA,moteur,0,NA,NA,NA,L' unité se compose d' un petit moteur qui se met en marche dès qu' il est branché .,NA,NA,pending,1786771906469100082,0.95,"The two instances of the word ""moteur"" in the provided contexts refer to the same concept of a ""motor"" in French, which is a device that converts energy into mechanical motion. In both contexts, ""moteur"" is used to describe a mechanical component that is involved in a process (one being approved for safety and the other being activated when plugged in).

Given this analysis, I would assign a high probability that these two instances of ""moteur"" have the same meaning in a dictionary context.

Probability: 0.95"
NA,NA,NOUN,naissance,NA,NA,NA,naissance,0,NA,NA,NA,La naissance de mythe compense la mort de l' idéal .,NA,NA,pending,-5388531625872748053,1.0,reference word
NA,NA,NOUN,naissance,NA,NA,NA,naissance,0,NA,NA,NA,"Quand j' ai regardé la date réelle de sa naissance et que je l' ai trouvé le 15 mars , j' ai réalisé que Roy était né sous le signe zodiacal droit pour un aquarelle :",NA,NA,pending,-5388531625872748053,0.85,"The word ""naissance"" in both contexts refers to the concept of ""birth."" In context_1, it is used metaphorically to describe the emergence or creation of a myth, while in context_2, it refers to the literal birth date of a person. Despite the different usages, both contexts share the core meaning of ""naissance"" as the beginning or origin of something.

Given this analysis, I would assign a high probability that the two instances of ""naissance"" have the same meaning in a dictionary context.

Probability: 0.85"
NA,NA,NOUN,naissance,NA,NA,NA,naissance,0,NA,NA,NA,Cette durée de naissance semble typique .,NA,NA,pending,-5388531625872748053,0.85,"The word ""naissance"" in both contexts refers to the concept of ""birth"" or ""origin."" In context 1, it relates to the emergence or creation of a myth, while in context 2, it pertains to the duration of a birth process. Despite the different nuances, both usages revolve around the idea of coming into existence.

Given this analysis, I would assign a high probability that the two instances of ""naissance"" have the same meaning in a dictionary context.

Probability: 0.85"
NA,NA,ADJ,noires,NA,NA,NA,noir,0,NA,NA,NA,Bandes noires de peau accrochées à elle .,NA,NA,pending,-4244536332439926827,1.0,reference word
NA,NA,ADJ,noire,NA,NA,NA,noir,0,NA,NA,NA,"La bonne était très noire et très énergique , garnie d' un uniforme de pique jaune .",NA,NA,pending,-4244536332439926827,0.95,"To determine the probability that ""noires"" and ""noire"" have the same meaning, we need to analyze the contexts and the meanings of the words.

1. **Word Analysis**:
   - ""noires"" is the plural form of ""noire,"" which means ""black"" in French. In the first context, it refers to ""bandes noires"" (black bands), indicating a description of color.
   - ""noire"" is the singular form of the same adjective, used to describe ""la bonne"" (the maid), indicating her color.

2. **Context Analysis**:
   - In context_1, ""noires"" describes bands of skin that are black in color.
   - In context_2, ""noire"" describes the maid's skin color, emphasizing her being very black.

Both words refer to the same color (black) and are used in similar descriptive contexts. The difference in number (singular vs. plural) does not change the fundamental meaning of the word.

Given this analysis, the probability that ""noires"" and ""noire"" have the same meaning in a dictionary context is very high.

**Probability**: 0.95"
NA,NA,ADJ,noirs,NA,NA,NA,noir,1,NA,NA,NA,"Dies , par exemple , il a déduit à partir de points noirs sur une surface blanche .",NA,NA,pending,-2135252959322296530,0.3,"To determine the probability that ""noires"" and ""noirs"" have the same meaning, we need to analyze their usage in the provided contexts.

1. **Word Analysis**:
   - ""noires"" is the feminine plural form of ""noir,"" which means ""black"" in French. In context_1, it refers to ""black bands of skin.""
   - ""noirs"" is the masculine plural form of ""noir."" In context_2, it refers to ""black points"" on a white surface.

2. **Contextual Meaning**:
   - In context_1, ""noires"" describes a physical characteristic (the color of skin).
   - In context_2, ""noirs"" describes a visual characteristic (the color of points).

3. **Semantic Similarity**:
   - Both words derive from the same root and share the same basic meaning of ""black."" However, they are used in different contexts and refer to different types of objects (bands of skin vs. points).

Given this analysis, while ""noires"" and ""noirs"" share the same root meaning of ""black,"" they are used in different contexts and refer to different entities. Therefore, they do not have the same meaning in the contexts provided.

**Probability of having the same meaning**: 0.3 (30%)"
NA,NA,VERB,négligés,NA,NA,NA,négliger,0,NA,NA,NA,"Très facilement , ils peuvent être négligés et finalement rejoindre les rangs de non concernés et inactifs .",NA,NA,pending,732222686862636074,1.0,reference word
NA,NA,VERB,négligé,NA,NA,NA,négliger,1,NA,NA,NA,"Ils étaient principalement concernés par la possibilité de décès d' un parent et la complication de la vie avec le survivant par la suite , mais le décès possible de son propre conjoint n' a pas été négligé .",NA,NA,pending,7239863442964634499,0.2,"To determine the probability that the words ""négligés"" and ""négligé"" have the same meaning, we need to analyze their contexts and meanings.

1. **Word Forms**: 
   - ""négligés"" is the plural form of the past participle of the verb ""négliger"" (to neglect).
   - ""négligé"" is the singular form of the same past participle.

2. **Context Analysis**:
   - In context_1, ""négligés"" refers to individuals who are neglected or overlooked, suggesting a state of being disregarded or not taken into account.
   - In context_2, ""négligé"" refers to the act of not overlooking or disregarding something, specifically the potential death of a spouse, indicating that it is being considered or acknowledged.

3. **Meaning Comparison**:
   - Both words derive from the same verb and relate to the concept of neglect. However, ""négligés"" implies a state of being neglected, while ""négligé"" implies the action of not neglecting something.

Given this analysis, while both words are related to the concept of neglect, they convey different aspects of that concept. Therefore, they do not have the same meaning.

**Probability**: 0.2 (indicating a low likelihood that they have the same meaning)."
NA,NA,VERB,négliger,NA,NA,NA,négliger,2,NA,NA,NA,"Ayant ( à travers mon effort inlassable et la dévotion ) obtenu stardom , une fortune et une épouse de renommée mondiale à un âge où la plupart de jeunes hommes votent leur premier vote , Letch a procédé à les négliger tous .",NA,NA,pending,2346789413991938133,0.1,"The words ""négligé"" and ""négliger"" are related but have different meanings. 

- ""Négligé"" in the first context refers to the act of not ignoring or overlooking something (in this case, the possible death of a spouse).
- ""Négliger"" in the second context means to neglect or disregard something or someone.

Given this analysis, the probability that they have the same meaning is low. 

Probability: 0.1 (10%)"
NA,NA,VERB,piétiner,NA,NA,NA,piétiner,0,NA,NA,NA,Ils sont montés autour et autour pour piétiner la figure dans le sable .,NA,NA,pending,8529898875622099742,1.0,reference word
NA,NA,VERB,piétinés,NA,NA,NA,piétiner,0,NA,NA,NA,Les hôpitaux contiennent des patients piétinés par des éléphants ou écrasés par des voitures de sport .,NA,NA,pending,8529898875622099742,0.85,"To compare the words ""piétiner"" and ""piétinés,"" we need to analyze their meanings in the given contexts.

1. **""piétiner""** (verb) - In the first context, it refers to the action of trampling or stepping on something, specifically in a repetitive manner to damage or destroy it (in this case, a figure in the sand).

2. **""piétinés""** (past participle of ""piétiner"") - In the second context, it describes patients who have been trampled or crushed, indicating that they have suffered from the action of being stepped on.

Both words derive from the same root and share a core meaning related to trampling or stepping on something. The first is an active form (the act of trampling), while the second is a passive form (having been trampled).

Given this analysis, the probability that ""piétiner"" and ""piétinés"" have the same meaning in a dictionary context is quite high, as they are directly related in terms of action and consequence.

**Probability: 0.85**"
NA,NA,VERB,piétiner,NA,NA,NA,piétiner,0,NA,NA,NA,""" Ils vont le piétiner .",NA,NA,pending,8529898875622099742,0.95,"The word ""piétiner"" in both contexts refers to the action of stepping on something or trampling it. In the first context, it describes the act of trampling a figure in the sand, while in the second context, it implies a similar action of trampling or stepping on someone or something. 

Given that both usages convey the same core meaning of trampling, I would assess the probability that they have the same meaning as high.

Probability: 0.95"
NA,NA,NOUN,poignée,NA,NA,NA,poignée,0,NA,NA,NA,"Les dents se sont cassées sous la torsion de Jess , et il a balancé la poignée dans une tentative d' abattre Curt ' s cerveau .",NA,NA,pending,-5372332863115853511,1.0,reference word
NA,NA,NOUN,poignée,NA,NA,NA,poignée,1,NA,NA,NA,""" Seule une poignée relative de ces informations a été reçue "" , a déclaré le jury , "" compte tenu de l' intérêt général pour les élections , le nombre d' électeurs et la taille de cette ville "" .",NA,NA,pending,-3263049489998223214,0.05,"The word ""poignée"" appears in both contexts, but it has different meanings in each case. 

In context_1, ""poignée"" refers to a physical object, specifically a handle or grip that Jess is using to swing at Curt. 

In context_2, ""poignée"" refers to a small quantity or handful of information, indicating a limited amount of something.

Given these distinct meanings, the probability that the two instances of ""poignée"" have the same meaning is very low. 

Probability: 0.05 (5%)"
NA,NA,NOUN,poignée,NA,NA,NA,poignée,2,NA,NA,NA,"Chaque poignée en laiton et charnière brillait pour sa récompense , et il savait comment se rendre à la poussière dans les fleurs de Chine et comment descendre les longues gouttes de verre qui pendaient de lustre .",NA,NA,pending,-8156123518970919580,0.05,"The word ""poignée"" appears in both contexts, but it has different meanings in each case. 

In context_1, ""poignée"" refers to a small quantity or handful of information, suggesting a metaphorical use related to the amount of data received. 

In context_2, ""poignée"" refers to a physical handle or grip, likely related to hardware or fixtures (like a door handle).

Given these distinct meanings, the probability that the two instances of ""poignée"" have the same meaning is very low. 

Probability: 0.05 (5%)"
NA,NA,ADJ,probable,NA,NA,NA,probable,0,NA,NA,NA,"Faute de trouver ce qui était voulu , comme il était le plus probable , consultez d' autres invités , avec une attention spéciale - mais pas exclusive - à ceux avec des chambres dans la rue .",NA,NA,pending,-2865219993110505467,1.0,reference word
NA,NA,ADJ,probable,NA,NA,NA,probable,0,NA,NA,NA,"Une fois de plus , Tom Horn était le premier et le plus probable suspect , et il a été amené pour interrogatoire immédiatement .",NA,NA,pending,-2865219993110505467,0.95,"The word ""probable"" in both contexts refers to the likelihood or chance of something occurring. In context_1, it suggests that something is likely to happen based on the situation described, while in context_2, it indicates that Tom Horn is the most likely suspect in a case. 

Given that both usages convey the idea of likelihood or probability, I would assess the probability that they have the same meaning in a dictionary as high.

Probability: 0.95"
NA,NA,ADJ,probable,NA,NA,NA,probable,0,NA,NA,NA,"Il est fort probable qu' une zone encore plus grande ait été couverte , en particulier sous le vent .",NA,NA,pending,-2865219993110505467,0.95,"The two instances of the word ""probable"" in the provided contexts both refer to the likelihood or chance of something occurring. In context_1, ""probable"" is used to suggest that it is most likely that the desired outcome will be achieved by consulting other guests. In context_2, ""probable"" indicates a strong likelihood regarding the extent of an area being covered.

Given that both contexts convey the same core meaning of likelihood or chance, I would assess the probability that they have the same meaning in a dictionary as high.

Probability: 0.95"
NA,NA,ADJ,proche,NA,NA,NA,proche,0,NA,NA,NA,"Mimésis est la chose la plus proche possible de la re-vivance réelle de l' expérience , dans laquelle la personne imaginante récupère à travers de images quelque chose de la force et de la profondeur caractéristique de l' expérience elle-même .",NA,NA,pending,-6891477246207500510,1.0,reference word
NA,NA,ADJ,proche,NA,NA,NA,proche,0,NA,NA,NA,"Le temps de foin était proche , et ils avaient besoin de branches fortes pour réparer une grille de foin .",NA,NA,pending,-6891477246207500510,0.85,"The word ""proche"" in both contexts refers to the concept of proximity or nearness. In context_1, it relates to the idea of being close to a real experience, while in context_2, it indicates the time being near or approaching. Despite the different applications, the core meaning of ""proche"" as ""close"" or ""near"" remains consistent.

Given this analysis, I would assign a high probability that the two instances of ""proche"" have the same meaning in a dictionary context.

Probability: 0.85"
NA,NA,ADJ,proche,NA,NA,NA,proche,1,NA,NA,NA,Le nègre était proche derrière lui .,NA,NA,pending,-383836490105502085,0.1,"To determine the probability that the word ""proche"" has the same meaning in the two provided contexts, we need to analyze the usage of the word in each context.

1. In context_1, ""proche"" refers to something that is very similar or close in nature to something else, specifically in the context of mimesis and the representation of real experiences. Here, ""proche"" conveys a sense of similarity or closeness in terms of quality or essence.

2. In context_2, ""proche"" describes physical proximity, indicating that the subject (the nègre) is near or close in distance to another person. In this case, ""proche"" is used in a spatial sense.

Given these analyses, the meanings of ""proche"" in the two contexts differ significantly: one is about similarity in essence, while the other is about physical closeness.

Based on this understanding, I would assign a low probability that the two instances of ""proche"" have the same meaning. 

Probability: 0.1 (10%)"
NA,NA,VERB,promu,NA,NA,NA,promouvoir,0,NA,NA,NA,"Comme j' ai grandi et a été promu , ainsi était -il , toujours où j' étais .",NA,NA,pending,6544914725534650022,1.0,reference word
NA,NA,VERB,promouvoir,NA,NA,NA,promouvoir,0,NA,NA,NA,"Quelques jours avant de voir votre mention de ce que faisaient les libéraux de Texas pour promouvoir "" Louis Capet "" [ "" La Semaine "" , 3 juin ] , une autre analogie m' était arrivée .",NA,NA,pending,6544914725534650022,0.85,"The words ""promu"" and ""promouvoir"" are related in meaning, as ""promu"" is the past participle of the verb ""promouvoir,"" which means ""to promote."" In the first context, ""promu"" refers to the act of being promoted, while in the second context, ""promouvoir"" refers to the act of promoting something. 

Given that both words are derived from the same root and share a core meaning related to advancement or support, I would estimate the probability that they have the same meaning in a dictionary to be around 85%."
NA,NA,VERB,promu,NA,NA,NA,promouvoir,0,NA,NA,NA,Son pouvoir était si grand qu' il a même promu et rétrogradé les dieux selon qu' ils avaient écouté ou étaient sourds à pétitions .,NA,NA,pending,6544914725534650022,0.85,"The word ""promu"" in both contexts refers to the act of being elevated or advanced in status or position. In context 1, it suggests a personal advancement, likely in a career or social standing. In context 2, it refers to the act of promoting or elevating others, specifically in a more powerful or authoritative sense.

Given that both usages of ""promu"" relate to the concept of advancement or elevation, albeit in slightly different contexts, I would assess the probability that they have the same meaning as relatively high.

Probability that they have the same meaning: **0.85**"
NA,NA,ADJ,précédente,NA,NA,NA,précédent,0,NA,NA,NA,"Ainsi , le prix limite public est encore augmenté par une augmentation salariale donnée , plus elle a été longue depuis la précédente augmentation de prix .",NA,NA,pending,2268778683531121714,1.0,reference word
NA,NA,ADJ,précédentes,NA,NA,NA,précédent,0,NA,NA,NA,"( 1 ) vos motifs de demande de prorogation , ( 2 ) si vous avez produit des déclarations de revenus en temps opportun pour les trois années précédentes et ( 3 ) si vous étiez tenu de produire une déclaration estimative pour l' année et , dans l' affirmative , si vous avez produit et payé les paiements d' impôt estimatifs à plus tard à dates d' échéance .",NA,NA,pending,2268778683531121714,0.95,"The words ""précédente"" and ""précédentes"" are both forms of the same adjective in French, meaning ""previous"" or ""prior."" The first word is in the singular feminine form, while the second is in the plural feminine form. 

In the provided contexts, both words refer to something that occurred before a certain point in time. Therefore, they share the same core meaning related to temporality and sequence.

Given this analysis, I would assign a high probability that these words have the same meaning in a dictionary context.

Probability: 0.95"
NA,NA,ADJ,précédentes,NA,NA,NA,précédent,0,NA,NA,NA,"Les présentations précédentes ont porté sur le français , l' espagnol , le russe , l' italien , l' allemand et le japonais .",NA,NA,pending,2268778683531121714,0.95,"The words ""précédente"" and ""précédentes"" are both forms of the same adjective in French, meaning ""previous"" or ""preceding."" The first word is in the singular feminine form, while the second is in the plural feminine form. Given that they share the same root and meaning, the probability that they have the same meaning in a dictionary is quite high.

Probability: 0.95"
NA,NA,NOUN,publications,NA,NA,NA,publication,0,NA,NA,NA,"Ces publications , rédigées spécialement pour les gestionnaires ou les propriétaires de petites entreprises , aident indirectement les programmes de développement communautaire .",NA,NA,pending,-4295397658482243808,1.0,reference word
NA,NA,NOUN,publication,NA,NA,NA,publication,0,NA,NA,NA,"J' étais à moins conscient de la distinction dans ma présentation complète de Yokuts qui attend publication , dans laquelle , dans l' inscription ' Deux Significations Stem ' , je suis parti par astérisques les formes dans lesquelles n de tige B était * * f de tige A 3 , les non astérisés se tenant pour * * f; ou sous ' Quatre Stems ' , je suis parti par des cas d' astérisques où la combinaison n de tiges * * f était * * f .",NA,NA,pending,-4295397658482243808,0.65,"To determine the probability that ""publications"" and ""publication"" have the same meaning, we need to analyze the contexts provided.

1. **Context of ""publications""**: The first context discusses various publications aimed at managers or owners of small businesses, indicating that these are likely multiple documents or works that provide information or guidance.

2. **Context of ""publication""**: The second context refers to a singular work that is awaiting publication, suggesting it is a specific document or research piece that is in the process of being published.

Both words refer to the act of making information available to the public, but ""publications"" is the plural form, indicating multiple works, while ""publication"" refers to a single work. 

Given that they are related in meaning (both pertain to the dissemination of information), but differ in number (singular vs. plural), I would assign a moderate probability that they have the same meaning.

**Probability**: 0.65"
NA,NA,NOUN,publications,NA,NA,NA,publication,0,NA,NA,NA,Il y a même des publications appelées Sick and Mad .,NA,NA,pending,-4295397658482243808,0.95,"The two instances of the word ""publications"" in the provided contexts refer to the same general concept of published materials or documents. In both contexts, ""publications"" is used to describe written works that are made available to the public, whether for informational purposes or as part of a specific theme or topic.

Given that the word ""publications"" is used in a consistent manner in both contexts, I would assign a high probability that they have the same meaning in a dictionary.

Probability: 0.95"
NA,NA,NOUN,publicité,NA,NA,NA,publicité,0,NA,NA,NA,"La publicité représentait 1,1 % de premiers contacts avec les nouveaux membres .",NA,NA,pending,-739161519685566342,1.0,reference word
NA,NA,NOUN,publicité,NA,NA,NA,publicité,0,NA,NA,NA,La publicité est -elle honnête ?,NA,NA,pending,-739161519685566342,0.95,"The two instances of the word ""publicité"" in the provided contexts refer to the same concept of advertising. In both contexts, ""publicité"" pertains to the act of promoting products or services to the public. 

Given that the meaning remains consistent across both contexts, I would assign a high probability that they have the same meaning in a dictionary.

Probability: 0.95"
NA,NA,NOUN,publicité,NA,NA,NA,publicité,0,NA,NA,NA,"Les Nords ; Hathaway , le directeur de publicité de Jerry ; Livingston Birdwood , producteur de Uprising .",NA,NA,pending,-739161519685566342,0.85,"The word ""publicité"" in both contexts refers to the concept of advertising. In context_1, it is used in a general sense to describe the role of advertising in generating new contacts. In context_2, it refers to a specific role or position related to advertising, namely a director of advertising.

Given that both instances of ""publicité"" relate to the field of advertising, we can conclude that they share the same core meaning, even though one is more general and the other is specific to a role.

Probability that they have the same meaning: **0.85**"
NA,NA,VERB,reconnaître,NA,NA,NA,reconnaître,0,NA,NA,NA,Ce n' est pas le genre de chose que la plupart de politiciens voudraient reconnaître publiquement .,NA,NA,pending,4425218056084005393,1.0,reference word
NA,NA,VERB,reconnaissant,NA,NA,NA,reconnaître,1,NA,NA,NA,"En reconnaissant et en aidant les Juniors à s' intéresser à monde de chiens , tout aidera à créer de futurs propriétaires de chiens .",NA,NA,pending,-7513885261523547798,0.1,"The words ""reconnaître"" and ""reconnaissant"" are related but have different meanings. 

- ""Reconnaître"" (to recognize) refers to the act of acknowledging or identifying something or someone.
- ""Reconnaissant"" (grateful) describes a state of being thankful or appreciative.

Given their distinct meanings, the probability that they have the same meaning in a dictionary is low. 

Probability: 0.1 (10%)"
NA,NA,VERB,reconnaissons,NA,NA,NA,reconnaître,0,NA,NA,NA,"Nous , anciens combattants , reconnaissons le fait qu' à mesure que le temps passe , la demande de soins médicaux dans les hôpitaux de VA augmentera proportionnellement à l' âge qui favorise la maladie .",NA,NA,pending,4425218056084005393,0.95,"The words ""reconnaître"" and ""reconnaissons"" are both forms of the verb ""reconnaître,"" which means ""to recognize"" in English. In the provided contexts, ""reconnaître"" is used in a general sense of acknowledging something publicly, while ""reconnaissons"" is the first-person plural form, indicating that the speakers (veterans) are acknowledging a fact.

Since both words derive from the same root and convey the idea of recognition or acknowledgment, they share the same core meaning. Therefore, I would assess the probability that they have the same meaning in a dictionary as quite high.

Probability: 0.95"
NA,NA,NOUN,respiration,NA,NA,NA,respiration,0,NA,NA,NA,Watson s' est emparé d' une profonde respiration .,NA,NA,pending,-1009674468352473913,1.0,reference word
NA,NA,NOUN,respiration,NA,NA,NA,respiration,0,NA,NA,NA,Il s' arrêta sur l' atterrissage pour maintenir sa respiration puis se pencha pour examiner la porte unique par la lumière de l' ampoule faible au-dessus .,NA,NA,pending,-1009674468352473913,0.95,"The word ""respiration"" in both contexts refers to the act of breathing. In the first context, it is used to describe taking a deep breath, while in the second context, it refers to maintaining breath during an action. Since both usages pertain to the biological process of breathing, they share the same meaning.

Probability that they have the same meaning: 95%"
NA,NA,NOUN,respiration,NA,NA,NA,respiration,0,NA,NA,NA,"J' ai pris une profonde respiration et une avalation encore plus profonde de ma boisson , et a dit , "" J'admets que retourner à Ralph Waldo Emerson pour l' humour est comme aller à une comédie musicale moderne pour la musique et la comédie "" .",NA,NA,pending,-1009674468352473913,0.95,"The two instances of the word ""respiration"" in the provided contexts refer to the act of breathing, specifically taking a deep breath. In both contexts, the word is used to describe the physical action of inhaling deeply, which is a common meaning of ""respiration."" 

Given that both contexts convey the same fundamental action related to breathing, I would assess the probability that these two uses of ""respiration"" have the same meaning as high.

Probability: 0.95"
NA,NA,NOUN,robe,NA,NA,NA,robe,0,NA,NA,NA,"Elle portait une robe de coton brun , coupée à travers les hanches d' une manière qui était supposée faire son look plus mince , un empiècement mis dans la jupe et plissés flamboyants en dessous .",NA,NA,pending,7458830321657398651,1.0,reference word
NA,NA,NOUN,robes,NA,NA,NA,robe,0,NA,NA,NA,"Ici il a esquivé , assis dans leurs robes fluides de lin et de soie , jeunes filles pas encore vingt , certains sur le point d' être mariés , certains mariés un an ou deux .",NA,NA,pending,7458830321657398651,0.95,"The words ""robe"" and ""robes"" refer to the same concept of a garment worn by individuals, specifically a dress. The first context describes a single dress, while the second context refers to multiple dresses. Since both words pertain to the same type of clothing, they share the same meaning.

Probability that they have the same meaning: 0.95"
NA,NA,NOUN,robe,NA,NA,NA,robe,0,NA,NA,NA,"Toujours , il avait aimé la façon dont elle avait regardé , dans une robe de coton fraîche , propre - jaune citron , s' il se rappelait .",NA,NA,pending,7458830321657398651,0.95,"The two instances of the word ""robe"" in the provided contexts refer to the same concept: a garment worn by a person, specifically a dress made of cotton. Both contexts describe a dress in terms of its material and color, and they both convey the idea of a clothing item that is worn. 

Given this analysis, the probability that the two instances of ""robe"" have the same meaning in a dictionary is very high. 

Probability: 0.95"
NA,NA,NOUN,rémunération,NA,NA,NA,rémunération,0,NA,NA,NA,"- Environ 30 % de dépenses pour le Département de la Défense en 1961 sont consacrées à dépenses de personnel militaire , y compris la rémunération de militaires actifs , de réserve et retraités .",NA,NA,pending,-2467990850890421000,1.0,reference word
NA,NA,NOUN,rémunération,NA,NA,NA,rémunération,0,NA,NA,NA,Votre climat de gestion et votre plan de rémunération de gestion attirent -ils et maintiennent -ils de gens de marketing de premier plan ?,NA,NA,pending,-2467990850890421000,0.95,"The two instances of the word ""rémunération"" in the provided contexts refer to the concept of compensation or payment for work or services rendered. In both contexts, ""rémunération"" is used to describe the financial compensation given to individuals, whether they are military personnel or management staff.

Given that the meaning of ""rémunération"" remains consistent across both contexts, I would assess the probability that they have the same meaning in a dictionary as very high.

Probability: 0.95"
NA,NA,NOUN,rémunération,NA,NA,NA,rémunération,0,NA,NA,NA,La loi sur la rémunération militaire de 1958 s' écarte de cette formule établie en prévoyant une augmentation de 6 % plutôt qu' une augmentation proportionnelle pour toute personne ayant pris sa retraite avant sa date d' entrée en vigueur le 1er juin 1958 .,NA,NA,pending,-2467990850890421000,0.95,"The words ""rémunération"" in both contexts refer to the concept of compensation or payment, specifically in relation to military personnel. Given that both contexts discuss military remuneration and the financial aspects associated with it, the probability that they have the same meaning in a dictionary is very high.

Probability: 0.95"
NA,NA,NOUN,réseau,NA,NA,NA,réseau,0,NA,NA,NA,"Dans la figure 2 , les points de réseau sont désignés par une lettre accompagnée d' un numéro .",NA,NA,pending,8043265537269000917,1.0,reference word
NA,NA,NOUN,réseau,NA,NA,NA,réseau,0,NA,NA,NA,Un réseau de stations d' échantillonnage avait été mis en place à terre .,NA,NA,pending,8043265537269000917,0.85,"The word ""réseau"" appears in both contexts, and while the specific applications differ slightly, they both refer to a network or system of interconnected elements. In context 1, it refers to points in a network, likely in a graphical or mathematical sense. In context 2, it refers to a network of sampling stations, which implies a physical or logistical arrangement.

Given that both usages of ""réseau"" pertain to the concept of a network, I would assess the probability that they have the same meaning in a dictionary as relatively high.

Probability: 0.85"
NA,NA,NOUN,réseau,NA,NA,NA,réseau,0,NA,NA,NA,Ce réseau organisationnel ne serait pas utile s' il n' y avait pas de règlement relatif à types de messages envoyés .,NA,NA,pending,8043265537269000917,0.85,"The word ""réseau"" appears in both contexts, and while it is used in different phrases, the core meaning remains consistent. In context 1, ""réseau"" refers to a network of points, likely in a graphical or mathematical sense. In context 2, ""réseau"" refers to an organizational network, which involves connections and communication within a structured system.

Given that both usages of ""réseau"" pertain to the concept of a network—whether it be a network of points or an organizational network—the probability that they have the same meaning is relatively high.

Probability: 0.85"
NA,NA,NOUN,secret,NA,NA,NA,secret,0,NA,NA,NA,C' est un secret .,NA,NA,pending,-2270859635618510486,1.0,reference word
NA,NA,NOUN,secret,NA,NA,NA,secret,0,NA,NA,NA,C' était le nouvel angle publicitaire - quelque chose à propos d' une politique Lloyd's de Londres pour assurer le secret de l' ingrédient secret .,NA,NA,pending,-2270859635618510486,0.95,"The two instances of the word ""secret"" in the provided contexts refer to the same concept of something that is not known or is kept hidden from others. 

In context_1, ""secret"" is used in a general sense, indicating that something is confidential or not to be disclosed. 

In context_2, ""secret"" is used to describe an ingredient that is kept hidden, which aligns with the general meaning of something that is not revealed or known.

Given that both usages of ""secret"" convey the idea of confidentiality or hidden information, I would assign a high probability that they have the same meaning in a dictionary.

Probability: 0.95"
NA,NA,NOUN,secret,NA,NA,NA,secret,0,NA,NA,NA,"Les tensions qui accompagnent une conscience répressive de mal , de péché ou d' un secret tourmentant sont soulagées pour les moins autonomes ou autosuffisants par la confession , la repentance et la pénitence .",NA,NA,pending,-2270859635618510486,0.95,"The two instances of the word ""secret"" in the provided contexts both refer to the concept of something that is hidden or not meant to be known by others. In the first context, ""C' est un secret"" translates to ""It is a secret,"" indicating a straightforward use of the term. In the second context, ""un secret tourmentant"" translates to ""a tormenting secret,"" which also refers to something hidden that causes distress.

Given that both usages of ""secret"" convey the idea of something concealed or not openly acknowledged, I would assess the probability that they have the same meaning in a dictionary as high.

Probability: 0.95"
NA,NA,NOUN,Seigneur,NA,NA,NA,seigneur,0,NA,NA,NA,"Pour être le Sauveur et le Seigneur , Jésus-Christ doit être un individu historique avec une biographie toute sa propre ; il n' ose pas être un énon cosmique qui se jette sur la terre pendant un certain temps mais ne s' identifie jamais à l' histoire de l' homme .",NA,NA,pending,8295838943077811090,1.0,reference word
NA,NA,NOUN,Seigneur,NA,NA,NA,seigneur,0,NA,NA,NA,""" Combien de temps , mon Seigneur ?",NA,NA,pending,8295838943077811090,0.85,"The two instances of the word ""Seigneur"" in the provided contexts refer to the same term, which translates to ""Lord"" in English. In the first context, it is used in a religious sense, referring to Jesus Christ as a savior and lord. In the second context, it is used as a form of address, likely indicating respect or authority.

Given that both usages of ""Seigneur"" relate to the concept of lordship or authority, albeit in different contexts, I would assess the probability that they have the same meaning as high.

Probability: 0.85"
NA,NA,NOUN,Seigneur,NA,NA,NA,seigneur,0,NA,NA,NA,"Pour cette raison , il l' a informé , le Seigneur a rendu le ciel bleu .",NA,NA,pending,8295838943077811090,0.85,"The two instances of the word ""Seigneur"" in the provided contexts refer to the same concept, which is a title of respect or authority, often used in a religious context to denote a lord or a divine figure. In the first context, it refers to Jesus Christ as a historical and divine figure, while in the second context, it seems to refer to a divine being or God who has the power to influence nature.

Given that both usages pertain to a figure of authority and divinity, I would assess the probability that they have the same meaning in a dictionary as high.

Probability: 0.85"
NA,NA,NOUN,solution,NA,NA,NA,solution,0,NA,NA,NA,Cette solution de tétrachlorure de carbone de chlore a été éclairée pendant une journée après laquelle la fiole a été refermée sur un système de vide et l' excès de chlore distillé .,NA,NA,pending,617724736042488399,1.0,reference word
NA,NA,NOUN,solution,NA,NA,NA,solution,1,NA,NA,NA,"Une solution est l' acquisition de diplômes dans l' éducation , mais c' est un mauvais substitut .",NA,NA,pending,7125365492144486824,0.1,"The word ""solution"" in both contexts refers to different meanings. In context_1, ""solution"" refers to a chemical solution, specifically a mixture involving carbon tetrachloride and chlorine. In context_2, ""solution"" refers to a resolution or answer to a problem, particularly in the context of education and acquiring degrees.

Given these distinct meanings, the probability that the two instances of ""solution"" have the same meaning is low.

Probability: 0.1 (10%)"
NA,NA,NOUN,solution,NA,NA,NA,solution,0,NA,NA,NA,"Le précipité a été lavé deux fois avec une solution saturée à 80 % de * * f , dissous en petite quantité de tampon phosphate neutre de 0,1 M , dialysé contre de l' eau distillée froide jusqu' à exempt d' ions d' ammonium , et lyophilisé avec de l' azote liquide .",NA,NA,pending,617724736042488399,0.95,"The word ""solution"" in both contexts refers to a liquid mixture in which a substance (solute) is dissolved in another substance (solvent). In the first context, it specifically mentions ""tétrachlorure de carbone"" and ""chlore,"" indicating a chemical solution. In the second context, it refers to a ""solution saturée"" involving a phosphate buffer, which is also a chemical solution.

Given that both usages pertain to the concept of a solution in a chemical context, I would assess the probability that they have the same meaning as high.

Probability: 0.95"
NA,NA,VERB,souscrivons,NA,NA,NA,souscrire,0,NA,NA,NA,Nous souscrivons 500 actions de Morton Foods of Texas .,NA,NA,pending,4313143993684455294,1.0,reference word
NA,NA,VERB,souscrire,NA,NA,NA,souscrire,0,NA,NA,NA,"En outre , sur les nombreux navires en mer et dans les petites stations navales , la disponibilité de Journal a supprimé la nécessité de souscrire à plusieurs autres revues d' origine civile au-delà de la quantité désormais autorisée , afin de fournir une couverture raisonnablement comparable .",NA,NA,pending,4313143993684455294,0.85,"To determine the probability that ""souscrivons"" and ""souscrire"" have the same meaning, we need to analyze their meanings in the provided contexts.

1. **souscrivons**: This is the first-person plural form of the verb ""souscrire,"" which means ""to subscribe"" or ""to sign up for."" In the context provided, it refers to the act of subscribing to or purchasing shares of Morton Foods of Texas.

2. **souscrire**: This is the infinitive form of the same verb. In the second context, it refers to the act of subscribing to multiple journals or publications.

Both words share the same root and convey the idea of subscribing or committing to something, whether it be shares or publications. 

Given that both contexts involve the act of subscribing, albeit in different scenarios, we can conclude that they are semantically related.

Considering this analysis, I would assign a high probability that ""souscrivons"" and ""souscrire"" have the same meaning in a dictionary context. 

**Probability: 0.85**"
NA,NA,VERB,souscrivant,NA,NA,NA,souscrire,0,NA,NA,NA,"Ce document a été signé par quarante-cinq personnes , souscrivant un total de deux cents actions .",NA,NA,pending,4313143993684455294,0.95,"To determine the probability that ""souscrivons"" and ""souscrivant"" have the same meaning, we need to analyze their meanings in the given contexts.

1. **Word Analysis**:
   - ""souscrivons"" is the first-person plural form of the verb ""souscrire,"" which means ""to subscribe"" or ""to sign up for"" something, typically in a financial context (like shares or stocks).
   - ""souscrivant"" is the present participle form of the same verb ""souscrire,"" which also means ""subscribing"" or ""signing up.""

2. **Context Analysis**:
   - In context_1, ""Nous souscrivons 500 actions de Morton Foods of Texas"" translates to ""We subscribe to 500 shares of Morton Foods of Texas."" This indicates an active participation in acquiring shares.
   - In context_2, ""souscrivant un total de deux cents actions"" translates to ""subscribing a total of two hundred shares."" This indicates that the individuals are in the process of subscribing to shares.

3. **Meaning Comparison**:
   - Both words derive from the same root verb and relate to the act of subscribing to shares. The difference lies in the grammatical form (one is a conjugated verb, and the other is a participle), but they convey the same core action of subscribing.

Given this analysis, we can conclude that ""souscrivons"" and ""souscrivant"" have the same underlying meaning related to the act of subscribing to shares.

**Probability**: I would assign a high probability of 0.95 that ""souscrivons"" and ""souscrivant"" have the same meaning in a dictionary context."
NA,NA,NOUN,spécificité,NA,NA,NA,spécificité,0,NA,NA,NA,"La spécificité de la coloration dans les tumeurs WTV avec * * f et * * f mais pas avec NS et * * f ou avec l' antisérum à virus jaune de la pomme de terre et * * f , et l' absence d' une telle coloration dans le tissu tumoral de la couronne de trèfle sucré , indiquent qu' un antigène de WTV était teinté .",NA,NA,pending,-4329432750783999080,1.0,reference word
NA,NA,NOUN,spécificité,NA,NA,NA,spécificité,0,NA,NA,NA,"En essayant d' améliorer la spécificité de la coloration , les antisérums marqués à la fluorescéine utilisés dans les méthodes directes et indirectes ont été traités de plusieurs façons : ( 1 ) Ils ont été passés deux fois par le Dowex-2-chlorure et traités avec des poudres insolubles à l' acétone ( Coons , 1958 ) préparées à partir de foie de souris ou de tiges de trèfle sucré saines ou de tissu biliaire de couronne produit par Agrobacterium tumefaciens ( E. F. Smith + Townsend ) Conn , sur les tiges de trèfle sucré .",NA,NA,pending,-4329432750783999080,0.95,"The two instances of the word ""spécificité"" in the provided contexts refer to the same concept of specificity in a scientific context, particularly related to the specificity of staining in biological samples. Given that both contexts discuss the specificity of coloration in relation to certain biological entities, we can conclude that they share the same meaning.

Probability that they have the same meaning: 95%"
NA,NA,NOUN,spécificité,NA,NA,NA,spécificité,0,NA,NA,NA,La spécificité de la coloration avec * * f a été établie comme suit: * * les sections tumorales spécifiquement tachées mais pas les sections de tiges de trèfle doux sain ou de tissu tumoral de la couronne de trèfle doux .,NA,NA,pending,-4329432750783999080,0.95,"The two instances of the word ""spécificité"" in the provided contexts refer to the same concept of ""specificity"" in a scientific or medical context, particularly related to the specificity of staining in tumors. Since both contexts discuss the specificity of coloration in relation to tumor tissues, they share the same meaning.

Probability that they have the same meaning: 0.95"
NA,NA,NOUN,tempête,NA,NA,NA,tempête,0,NA,NA,NA,Ils avaient pour couvrir à la fois l' obscurité et une tempête d' été .,NA,NA,pending,8048593718340400525,1.0,reference word
NA,NA,NOUN,tempêtes,NA,NA,NA,tempête,0,NA,NA,NA,"Les tempêtes de passé étaient mortes , et le grand bouleversement qui devait marquer le siècle suivant n' avait pas encore commencé à perturber l' esprit de hommes .",NA,NA,pending,8048593718340400525,0.95,"The words ""tempête"" and ""tempêtes"" are both forms of the same noun in French, referring to a storm. ""Tempête"" is the singular form, while ""tempêtes"" is the plural form. Given that they refer to the same concept of a storm, the probability that they have the same meaning in a dictionary is very high.

Probability: 0.95"
NA,NA,NOUN,tempête,NA,NA,NA,tempête,0,NA,NA,NA,"Après la tempête , le ciel a dégagé bleu et frais , et l' air parfumé a balayé les collines .",NA,NA,pending,8048593718340400525,0.95,"The two instances of the word ""tempête"" in the provided contexts refer to the same concept of a storm or tempest. In both contexts, ""tempête"" is used to describe a weather phenomenon characterized by strong winds and possibly rain, which aligns with its definition in a dictionary.

Given that both contexts use ""tempête"" in a similar manner, the probability that they have the same meaning is very high.

Probability: 0.95"
NA,NA,NOUN,transitions,NA,NA,NA,transition,0,NA,NA,NA,Personne ne niera que ces grands développements et transitions sont d' un grand intérêt intrinsèque et que l' étude de idées dans la littérature serait malheureusement incomplète sans leur référence fréquente .,NA,NA,pending,-941663797106595329,1.0,reference word
NA,NA,NOUN,transitions,NA,NA,NA,transition,1,NA,NA,NA,"Comme les méthodes conventionnelles sont insensibles à basses fréquences de ces transitions moléculaires , la méthode de résonance paramagnétique est utilisée à la place .",NA,NA,pending,-5834737826079291695,0.1,"To determine the probability that the two instances of the word ""transitions"" have the same meaning, we need to analyze the contexts in which they are used.

In context_1, ""transitions"" refers to significant developments or changes in ideas or concepts, suggesting a broader, more abstract sense of transition related to intellectual or thematic shifts.

In context_2, ""transitions"" refers specifically to molecular transitions, which are physical changes at the molecular level, likely involving states of matter or energy levels.

Given these analyses, the two uses of ""transitions"" refer to different types of changes: one is conceptual and the other is physical. Therefore, they do not share the same meaning.

Based on this comparison, I would assign a low probability that the two instances of ""transitions"" have the same meaning. 

Probability: 0.1 (10%)"
NA,NA,NOUN,transition,NA,NA,NA,transition,0,NA,NA,NA,"L ' un d' eux est la < < dissolution > > , qui permet une transition visuellement fluide d ' une scène à l' autre .",NA,NA,pending,-941663797106595329,0.6,"To determine the probability that ""transitions"" and ""transition"" have the same meaning based on the provided contexts, we can analyze the usage of each word.

In context_1, ""transitions"" refers to significant developments and changes, suggesting a broader or more complex process involving multiple shifts or changes. The focus is on the importance of these transitions in the study of literature.

In context_2, ""transition"" refers to a specific process of moving smoothly from one scene to another, indicating a singular instance of change that is visually fluid.

While both words relate to the concept of change, ""transitions"" implies multiple instances or types of changes, whereas ""transition"" refers to a single instance. Therefore, they are related but not identical in meaning.

Considering this analysis, I would assign a probability of 0.6 that ""transitions"" and ""transition"" have the same meaning in a dictionary context."
NA,NA,ADV,très,NA,NA,NA,très,0,NA,NA,NA,"Non , ce n' est pas très juste .",NA,NA,pending,7552015341559788580,1.0,reference word
NA,NA,ADV,très,NA,NA,NA,très,0,NA,NA,NA,"Le travail d' Aeschbacher est très semblable à celui de Schnabel , mais le son sur son disque Decca est daté , et vous aurez de mal à localiser une copie de celui-ci .",NA,NA,pending,7552015341559788580,0.95,"The word ""très"" in both contexts is used as an adverb meaning ""very."" In the first context, it modifies the adjective ""juste"" (fair/just), while in the second context, it modifies the adjective ""semblable"" (similar). 

Since ""très"" consistently conveys the same meaning of intensifying the quality of the adjectives it modifies, we can conclude that the two instances of ""très"" have the same meaning.

Probability that they have the same meaning: **0.95**"
NA,NA,ADV,Très,NA,NA,NA,très,0,NA,NA,NA,"Très souvent , les abeilles forment une majorité sur les chatons de saule .",NA,NA,pending,7552015341559788580,0.95,"The word ""très"" in both contexts is an adverb meaning ""very"" in English. In context 1, it modifies the adjective ""juste"" (fair/just), while in context 2, it modifies the adverb ""souvent"" (often). 

Since ""très"" retains the same meaning of intensifying the degree of the words it modifies in both instances, we can conclude that they have the same meaning.

Probability that they have the same meaning: **0.95**"
NA,NA,NOUN,électricité,NA,NA,NA,électricité,0,NA,NA,NA,Il a été agité par l' annonce de la découverte de Volta de l' électricité chimique et il a immédiatement appliqué la pile voltaïque à des expériences avec des acides et alcalis .,NA,NA,pending,-8971541196792157206,1.0,reference word
NA,NA,NOUN,électricité,NA,NA,NA,électricité,0,NA,NA,NA,L' électricité joue un rôle si important dans la vie communautaire aujourd'hui qu' il est difficile d' envisager un moment où le courant n' était pas disponible pour une utilisation quotidienne .,NA,NA,pending,-8971541196792157206,0.95,"The words ""électricité"" in both contexts refer to the same concept of electricity as a form of energy resulting from the flow of electric charge. In the first context, it is discussed in relation to Volta's discovery and its application in experiments, while in the second context, it is described in terms of its importance in daily life. 

Given that both instances of ""électricité"" pertain to the same fundamental concept, I would assign a high probability that they have the same meaning in a dictionary.

Probability: 0.95"
NA,NA,NOUN,électricité,NA,NA,NA,électricité,0,NA,NA,NA,"Il faut essayer de voir si l ' électricité , dans son stade le plus latent , a une action quelconque sur l' aimant en tant que tel > > .",NA,NA,pending,-8971541196792157206,0.95,"The words provided are both ""électricité"" in different contexts. Since they are the same word and refer to the same concept of electricity in both contexts, the probability that they have the same meaning is very high.

Probability: 0.95"
NA,NA,VERB,étendre,NA,NA,NA,étendre,0,NA,NA,NA,"Siège de système Nassau est un lieu de plus en plus occupé de nos jours , menaçant de s' étendre au-delà de ses frontières .",NA,NA,pending,3442273505391288356,1.0,reference word
NA,NA,VERB,étendu,NA,NA,NA,étendre,0,NA,NA,NA,L'air bleu sans limite a été étendu sur le zénith comme la peau d' un tambour .,NA,NA,pending,3442273505391288356,0.85,"To compare the words ""étendre"" and ""étendu,"" we need to analyze their meanings in the provided contexts.

1. **Word 1: étendre** - This is the infinitive form of the verb meaning ""to extend"" or ""to spread."" In context 1, it refers to the action of something (the system) potentially spreading beyond its current limits.

2. **Word 2: étendu** - This is the past participle form of the verb ""étendre,"" meaning ""extended"" or ""spread out."" In context 2, it describes the air being spread out or extended across the sky.

Both words are derived from the same root verb and relate to the concept of extension or spreading. The first word refers to the action of extending, while the second describes the state of having been extended.

Given this analysis, the probability that ""étendre"" and ""étendu"" have the same meaning in a dictionary context is relatively high, as they are different forms of the same verb and share a core meaning related to extension.

**Probability: 0.85**"
NA,NA,VERB,étend,NA,NA,NA,étendre,0,NA,NA,NA,"Dr Bonnor soutient l' idée que l' univers s' étend et se contracte , que dans plusieurs milliards d' années l' expansion se ralentira et s' inversera et que la contraction se mettra en place .",NA,NA,pending,3442273505391288356,0.85,"The words ""étendre"" and ""étend"" are forms of the same verb in French, with ""étendre"" being the infinitive form and ""étend"" being the third person singular present tense form. Both contexts involve the concept of expansion or spreading out.

In context_1, ""s'étendre"" refers to the idea of something (the system) expanding beyond its current boundaries. In context_2, ""s'étend"" refers to the universe expanding and contracting over time.

Given that both usages relate to the concept of expansion, I would assess the probability that they have the same meaning in a dictionary as high.

Probability: 0.85"
