id,lang,pos,text,text_meaning,text_romaji,text_hiragana,lemma,lemma_meaning,lemma_romaji,lemma_hiragana,example,context,annotation,document,status,y_pred,pred,process
NA,NA,NOUN,Mississippi,NA,NA,NA,Mississippi,0,NA,NA,NA,"Un soldat de Mississippi a écrit: "" Notre général Reub Davis est un cul vain , coincé , illettré "" .",NA,NA,pending,-6154570724212004857,1.0,reference word
NA,NA,NOUN,Mississippi,NA,NA,NA,Mississippi,1,NA,NA,NA,"Raymond Vernon rapporte que les résidents de l' est de St . Louis ont traversé le Mississippi , à travers le centre-ville de St. Louis et à l' ouest de la banlieue pour faire de shopping , tout simplement parce que le stationnement est plus facile à grandes branches qu' il est à cœur de la ville .",NA,NA,pending,3000741937540482265,0.1,"The word ""Mississippi"" in both contexts refers to different entities. In context_1, ""Mississippi"" refers to the U.S. state, as it is describing a soldier from Mississippi. In context_2, ""Mississippi"" refers to the Mississippi River, as it describes people crossing it to go shopping. 

Given these contexts, the probability that ""Mississippi"" has the same meaning in both contexts is low. The word refers to different geographical entities: a state in the first context and a river in the second context.

Probability: 10%"
NA,NA,NOUN,Mississippi,NA,NA,NA,Mississippi,0,NA,NA,NA,"Mais en regardant Faulkner dans son arrière-plan à Mississippi et dans le Sud , il est important de ne pas perdre la perspective plus large .",NA,NA,pending,-6154570724212004857,0.95,"The word ""Mississippi"" in both contexts refers to the U.S. state of Mississippi. In context_1, it is used to describe the origin of a soldier, while in context_2, it is used to describe the setting or background related to the author Faulkner. Both uses refer to the same geographical location, the state of Mississippi. Therefore, the probability that they have the same meaning in a dictionary is very high.

Probability: 95%"
NA,NA,NOUN,abandon,NA,NA,NA,abandon,0,NA,NA,NA,"Je proposerais , d' abord , un abandon de tentatives d' une liste lexicale universelle , aussi intrinsèquement inexploitable , et opérationnellement inadéquate en proportion qu' elle est réalisée .",NA,NA,pending,1295995514774163947,1.0,reference word
NA,NA,NOUN,abandon,NA,NA,NA,abandon,0,NA,NA,NA,"Que cet abandon ait lieu sur une scène , à cours d' une performance ' artique ' , suffit à associer Jacoby à l' art , et à lui faire tomber la punition pour l' art ; c'est-à-dire , il est suspect , coupable , puni , comme n' importe qui dans les histoires de Mann qui produit l' illusion , et c' est vrai même si les éléments constants de la nature artiste , technique , magie , culpabilité et souffrance , sont divisés dans cette histoire entre Jacoby et La^utner .",NA,NA,pending,1295995514774163947,0.6,"To determine the probability that the word ""abandon"" has the same meaning in both contexts, we need to analyze the specific usage in each sentence.

In context_1, ""abandon"" is used in the sense of giving up or ceasing attempts at creating a universal lexical list. This suggests a meaning related to relinquishing or discontinuing an effort or project.

In context_2, ""abandon"" refers to an act that takes place during a performance, which associates someone with art and leads to punishment. This usage implies a sense of surrender or yielding, possibly in a more metaphorical or dramatic sense, related to the act of performing or engaging in art.

While both contexts involve the idea of giving up or yielding, the specific applications differ: context_1 is about ceasing an intellectual or practical effort, while context_2 involves a more metaphorical or performative surrender. Despite these differences, the core idea of relinquishment is present in both.

Given these observations, the probability that ""abandon"" has the same meaning in both contexts is moderate, around 60%. The core concept is similar, but the nuances and applications differ."
NA,NA,NOUN,abandon,NA,NA,NA,abandon,1,NA,NA,NA,"Pendant un certain temps après l' abandon de l' usine locale , le courant électrique pour Manchester a été apporté de sud avec un lien d' urgence avec le système Vermont Marble Company à nord .",NA,NA,pending,7803636270876162372,0.2,"The probability that the word ""abandon"" has the same meaning in both contexts is low.

In context_1, ""abandon"" refers to the act of giving up or ceasing attempts to create a universal lexical list, which is more abstract and conceptual.

In context_2, ""abandon"" refers to the act of leaving or ceasing operations at a physical location, specifically a local factory, which is more concrete and physical.

These two uses of ""abandon"" reflect different senses of the word: one is about ceasing an effort or plan, and the other is about leaving a place or ceasing its use. Therefore, the meanings are distinct."
NA,NA,NOUN,absorption,NA,NA,NA,absorption,0,NA,NA,NA,L' absorption par résonance magnétique a été détectée en utilisant un modèle Varian **f spectromètre à large ligne et le système d' électroaimant de 12 pouces associé .,NA,NA,pending,-5175441899263041420,1.0,reference word
NA,NA,NOUN,absorption,NA,NA,NA,absorption,0,NA,NA,NA,Un test de Schilling a démontré une absorption normale de la vitamine * * f .,NA,NA,pending,-5175441899263041420,0.8,"The word ""absorption"" in both contexts refers to the process of taking in or assimilating substances. In context_1, ""absorption"" is used in the context of magnetic resonance, which is a physical process involving the absorption of electromagnetic radiation. In context_2, ""absorption"" refers to the biological process of absorbing nutrients, specifically vitamin B12, in the body.

While both contexts involve the general concept of ""absorption,"" they pertain to different fields: physics and biology. Despite the different applications, the core meaning of ""absorption"" as the process of taking in or assimilating something remains consistent.

Given this analysis, the probability that ""absorption"" has the same meaning in both contexts is relatively high, as the fundamental concept is the same, even though the specific applications differ.

Probability: 0.8 (80%)"
NA,NA,NOUN,absorption,NA,NA,NA,absorption,0,NA,NA,NA,"Comme l' absorption de ondes radio dans un matériau semblable à la roche varie en fonction de la longueur de ondes , il devrait être possible d' échantillonner la variation de température à différentes profondeurs sous la surface et éventuellement de détecter des changements dans la structure ou la composition de matériau de surface lunaire .",NA,NA,pending,-5175441899263041420,0.9,"The probability that the word ""absorption"" has the same meaning in both contexts is high. In both contexts, ""absorption"" refers to the process by which a material takes in energy, such as electromagnetic waves or radio waves. The first context discusses magnetic resonance absorption detected using a spectrometer, while the second context discusses the absorption of radio waves in a rock-like material. Both involve the concept of energy being absorbed by a material, indicating a similar meaning. Therefore, the probability is around 90%."
NA,NA,NOUN,administrateur,NA,NA,NA,administrateur,0,NA,NA,NA,"Si un contribuable décède , l' exécuteur testamentaire , l' administrateur ou le représentant légal doit produire la déclaration finale pour le défunt à plus tard le 15e jour de 4e mois suivant la clôture de l' année d' impôt normale de contribuable décédé .",NA,NA,pending,-7769939236575295125,1.0,reference word
NA,NA,NOUN,administrateur,NA,NA,NA,administrateur,1,NA,NA,NA,Brian Thayer était un administrateur parfaitement honnête et compétent .,NA,NA,pending,-1262298480473296700,0.2,"The word ""administrateur"" in both contexts refers to different roles. In context_1, ""administrateur"" is used in a legal or financial sense, referring to a person responsible for managing the affairs of a deceased person's estate, similar to an executor or legal representative. In context_2, ""administrateur"" refers to a person in a managerial or supervisory role, likely within an organization or institution, emphasizing honesty and competence.

Given these distinctions, the probability that ""administrateur"" has the same meaning in both contexts is low. I would estimate the probability at around 20%."
NA,NA,NOUN,administrateur,NA,NA,NA,administrateur,0,NA,NA,NA,"À condition que , si le montant total de l' indemnité n' excède pas 500 $et qu' il n' y ait pas d' exécuteur exécutif ou d' administrateur qualifié , le paiement puisse être effectué à la ou à personnes que le contrôleur général de États-Unis a jugées y avoir droit , sans qu' il soit nécessaire de se conformer à exigences de la loi en ce qui concerne l' administration de successions ;",NA,NA,pending,-7769939236575295125,0.95,"The word ""administrateur"" in both contexts refers to a person responsible for managing or overseeing the affairs of a deceased person's estate. In context_1, ""administrateur"" is mentioned alongside ""exécuteur testamentaire"" and ""représentant légal,"" indicating a role in handling the final tax declaration for a deceased taxpayer. In context_2, ""administrateur"" is mentioned in the context of handling payments related to an estate when there is no qualified executor or administrator.

Given that both contexts involve the management of a deceased person's estate, the probability that ""administrateur"" has the same meaning in both contexts is very high. Therefore, the probability is approximately 0.95."
NA,NA,NOUN,appel,NA,NA,NA,appel,0,NA,NA,NA,"Un appel à la police avait été placé d' ici quelques minutes après 21 heures , et la première voiture de police était arrivée deux ou trois minutes après cela - il y a 10 minutes maintenant .",NA,NA,pending,7248344771818333928,1.0,reference word
NA,NA,NOUN,appel,NA,NA,NA,appel,1,NA,NA,NA,"Compte tenu de ces circonstances , ainsi que de fait que la question à procès à cet égard se concentrait entièrement sur la recommandation de Ministère , que le pétitionnaire a répudiée mais que la commission d' appel et les tribunaux ci-dessous ont trouvées étayées par le dossier , nous ne trouvons aucune pertinence dans le rapport et les notes de conseiller-auditeur .",NA,NA,pending,2355270742845637562,0.05,"The word ""appel"" in French can have multiple meanings, including ""call"" (as in a phone call or a call for help) and ""appeal"" (as in a legal appeal). 

In context_1, ""appel"" refers to a call to the police, indicating the meaning of a phone call or a call for assistance.

In context_2, ""appel"" refers to a legal appeal, as it is used in the context of a commission and tribunals, which are related to legal proceedings.

Given these contexts, the probability that ""appel"" has the same meaning in both contexts is very low, as they refer to different concepts: a call for help in the first context and a legal appeal in the second context. Therefore, the probability is close to 0%."
NA,NA,NOUN,appel,NA,NA,NA,appel,2,NA,NA,NA,"Quand il avait donné l' appel quelques instants pensé , il est allé dans la cuisine pour demander à Mme Yamata de préparer le thé et les sushis pour les visiteurs , en utilisant la porcelaine anglaise formelle et le service de thé d' argent qui avait été donné à la mission , puis il est allé dehors pour inspecter le terrain .",NA,NA,pending,8862911498947635987,0.05,"The word ""appel"" in context_1 refers to an ""appeal"" in a legal or formal sense, as it is used in the context of a commission and tribunals. In context_2, ""appel"" refers to a ""call"" or ""invitation,"" as it is used in the context of someone giving thought to a call or request before taking action.

Given these contexts, the probability that ""appel"" has the same meaning in both contexts is very low. The meanings are distinct: one is related to a legal appeal, and the other to a call or request. Therefore, the probability is close to 0%."
NA,NA,NOUN,boue,NA,NA,NA,boue,0,NA,NA,NA,"Elena , tu auras de la boue partout sur ta robe "" !",NA,NA,pending,-5094204051414005374,1.0,reference word
NA,NA,NOUN,boues,NA,NA,NA,boue,1,NA,NA,NA,"L'âge moyen de boues basé sur le déplacement de solides a été calculé à 14,5 jours .",NA,NA,pending,8459465993322849876,0.2,"The words ""boue"" and ""boues"" are both related to the concept of mud or sludge in French. However, their meanings can differ based on context. 

In context_1, ""boue"" refers to mud, which is a mixture of water and soil, typically found on the ground and can cause dirtiness, as suggested by the phrase ""tu auras de la boue partout sur ta robe"" (you will have mud all over your dress).

In context_2, ""boues"" refers to sludge, which is a semi-solid slurry that can be a byproduct of industrial or wastewater treatment processes. The context mentions ""l'âge moyen de boues basé sur le déplacement de solides"" (the average age of sludge based on the displacement of solids), indicating a technical or industrial context.

Given these contexts, the probability that ""boue"" and ""boues"" have the same meaning is low. While they are related in that they both involve a mixture of solids and liquids, their specific meanings and uses in these contexts are different. Therefore, the probability that they have the same meaning in a dictionary is around 20%."
NA,NA,NOUN,boue,NA,NA,NA,boue,0,NA,NA,NA,"Ils ont suivi la boue sur le sol de chêne , sur le tapis .",NA,NA,pending,-5094204051414005374,0.95,"The word ""boue"" in both contexts refers to the same meaning, which is ""mud"" in English. In context_1, it is used to describe mud that could get on a dress, and in context_2, it describes mud that has been tracked onto a floor and carpet. Both contexts involve the substance ""mud"" and its potential to soil or dirty surfaces. Therefore, the probability that ""boue"" has the same meaning in both contexts is very high.

Probability: 95%"
NA,NA,NOUN,carte,NA,NA,NA,carte,0,NA,NA,NA,"Maintenant , il ne pouvait jouer que la dernière carte dans ce qui était probablement le pont le plus froid de monde .",NA,NA,pending,-7948678207203030036,1.0,reference word
NA,NA,NOUN,cartes,NA,NA,NA,carte,1,NA,NA,NA,Les nouvelles éditions de cartes topographiques réalisées par le gouvernement fédéral sont excellentes pour vous orienter vers les caractéristiques naturelles de site .,NA,NA,pending,5604991837533825214,0.05,"The probability that ""carte"" in context_1 and ""cartes"" in context_2 have the same meaning is low. 

In context_1, ""carte"" refers to a playing card, as indicated by the phrase ""jouer que la dernière carte"" (play the last card), which is a common expression related to card games or strategies.

In context_2, ""cartes"" refers to topographic maps, as indicated by ""cartes topographiques"" and the context of orientation and natural features, which are typical uses for maps.

Therefore, the meanings in these contexts are different: one is about playing cards, and the other is about maps. The probability that they have the same meaning is low, around 5%."
NA,NA,NOUN,cartes,NA,NA,NA,carte,0,NA,NA,NA,"( Par exemple , voir l' exemple 2 de la section 5-5 , sur les cartes rouges entre les mains de 5 . )",NA,NA,pending,-7948678207203030036,0.95,"The word ""carte"" in context_1 refers to a ""card"" in the sense of a playing card, as it is used in the context of playing a game, likely a card game. The phrase ""jouer que la dernière carte"" suggests a strategic move in a game involving cards.

In context_2, ""cartes"" also refers to ""cards,"" specifically playing cards, as indicated by the mention of ""cartes rouges"" (red cards) and ""entre les mains"" (in the hands), which are typical phrases used in the context of card games.

Given both contexts refer to playing cards, the probability that ""carte"" and ""cartes"" have the same meaning in these contexts is very high. Therefore, the probability that they have the same meaning is approximately 0.95 or 95%."
NA,NA,ADJ,centrale,NA,NA,NA,central,0,NA,NA,NA,La préoccupation centrale de volume impressionnant d' Erich Auerbach appelé Mimésis est de décrire le passage d' une théorie classique de l' imitation ( basée sur la reconnaissance de niveaux de vérité ) à une théorie chrétienne de l' imitation dans laquelle les niveaux sont dissous .,NA,NA,pending,-1276705114078625501,1.0,reference word
NA,NA,ADJ,centrale,NA,NA,NA,central,1,NA,NA,NA,"Dans la grille centrale inférieure , un enregistreur à 8 canaux indique le pourcentage de dioxyde de carbone et d' azote de lobes supérieurs et inférieurs d' un poumon , le volume total d' inhalation par respiration , le débit d' air des deux lobes et la pression de deux lobes par rapport à l' autre .",NA,NA,pending,-6169779143051321867,0.1,"The word ""centrale"" in the given contexts has different meanings. In context_1, ""centrale"" refers to something that is central or of primary importance, specifically in the context of a central concern or theme in a literary work. In context_2, ""centrale"" refers to a central or middle position, specifically in the context of a grid or layout related to a scientific or technical measurement setup.

The probability that ""centrale"" has the same meaning in both contexts is low, as the first context uses it in a metaphorical sense related to importance, while the second context uses it in a literal sense related to position. Therefore, the probability is approximately 10%."
NA,NA,ADJ,central,NA,NA,NA,central,0,NA,NA,NA,"à niveau central , le système de vote scrutin uninominal a été sélectionné sur une forme de système scrutin de liste , même si ce dernier avait été recommandé par Duverger et favorisé par tous les partis politiques .",NA,NA,pending,-1276705114078625501,0.9,"The words ""centrale"" in French and ""central"" in English both relate to the concept of being at the center or being of primary importance. In the given contexts:

1. ""centrale"" in context_1 refers to the main or primary concern of Erich Auerbach's work ""Mimésis.""
2. ""central"" in context_2 refers to the main or primary level at which a voting system was selected.

Both words are used to describe something that is of primary importance or at the core of a subject. Therefore, the probability that ""centrale"" and ""central"" have the same meaning in a dictionary is high.

Probability: 0.9 (90%)"
NA,NA,NOUN,cheminée,NA,NA,NA,cheminée,0,NA,NA,NA,La cheminée de la cabane en face de lui a été surmontée d' un baril de bœuf avec des extrémités cassées .,NA,NA,pending,2394015981891674625,1.0,reference word
NA,NA,NOUN,cheminée,NA,NA,NA,cheminée,0,NA,NA,NA,La cheminée avait des carreaux faits pour Mme Monmouth par Picasso lui-même .,NA,NA,pending,2394015981891674625,0.95,"The word ""cheminée"" in both contexts refers to a chimney. In context_1, it describes a chimney on a cabin that has been modified with a barrel. In context_2, it refers to a chimney that has decorative tiles made by Picasso. Despite the different details provided in each context, the core meaning of ""cheminée"" as a structure that allows smoke to escape from a fireplace or stove is consistent in both cases.

Therefore, the probability that ""cheminée"" has the same meaning in both contexts is very high. I would estimate it to be around 95%."
NA,NA,NOUN,cheminée,NA,NA,NA,cheminée,0,NA,NA,NA,"La fumée de cette cheminée s' est levée aussi lentement que la fumée de n' importe quel autre , et accrochée aussi tristement dans la bruine , rampant vers le bas le long de la toile ensemencée de toit .",NA,NA,pending,2394015981891674625,0.95,"The word ""cheminée"" in both contexts refers to a chimney. In context_1, it describes a chimney that has been modified with a barrel, while in context_2, it describes the smoke rising from a chimney. Both contexts are consistent with the primary meaning of ""cheminée"" as a structure that allows smoke to escape from a building. Therefore, the probability that ""cheminée"" has the same meaning in both contexts is very high.

Probability: 95%"
NA,NA,VERB,commémorer,NA,NA,NA,commémorer,0,NA,NA,NA,Sa cause était de commémorer la gloire de son passé et d' inciter son peuple à la perpétuer dans le présent .,NA,NA,pending,-6639833344747166434,1.0,reference word
NA,NA,VERB,commémore,NA,NA,NA,commémorer,0,NA,NA,NA,"Il commémore le 185ème anniversaire de l' indépendance de Rhode Island quand , le 4 mai 1776 , l' Assemblée générale , par son action , a établi la première république libre dans le Nouveau Monde .",NA,NA,pending,-6639833344747166434,0.95,"The probability that ""commémorer"" in context_1 and ""commémore"" in context_2 have the same meaning is very high. Both contexts involve the act of remembering or honoring a past event or achievement. In context_1, ""commémorer"" is used to refer to honoring the glory of the past, while in context_2, ""commémore"" is used to refer to celebrating the anniversary of an important historical event. The core meaning of both instances is to remember and honor something from the past, which aligns with the primary definition of ""commémorer."" Therefore, the probability is close to 1 (or 100%)."
NA,NA,VERB,commémorer,NA,NA,NA,commémorer,0,NA,NA,NA,Je suis très privilégié aujourd'hui pour commémorer la brillante carrière de ce géant parlementaire .,NA,NA,pending,-6639833344747166434,1.0,"The word ""commémorer"" in both contexts refers to the act of remembering or honoring something from the past. In context_1, it is about commemorating the glory of the past to inspire people in the present. In context_2, it is about commemorating the career of a significant parliamentary figure. Both contexts involve the act of remembrance and honoring, which is the core meaning of ""commémorer.""

Therefore, the probability that ""commémorer"" has the same meaning in both contexts is very high, close to 100%."
NA,NA,ADJ,confuse,NA,NA,NA,confus,0,NA,NA,NA,"Tout dit , ils ont offert une image très confuse .",NA,NA,pending,-6717493507204914252,1.0,reference word
NA,NA,ADJ,confus,NA,NA,NA,confus,0,NA,NA,NA,"Elle a regardé confus à ce , et je me sentais sûr que ce avait été une mauvaise réponse pour moi de faire .",NA,NA,pending,-6717493507204914252,0.8,"To determine the probability that ""confuse"" in context_1 and ""confus"" in context_2 have the same meaning, we need to analyze the contexts and the meanings of the words.

1. **Context_1: ""confuse""** - In this context, ""confuse"" is used as an adjective (confuse in French is ""confus"" in English), describing an image that is not clear or is disordered. It suggests a lack of clarity or order.

2. **Context_2: ""confus""** - Here, ""confus"" is used as an adjective in French, describing a state of being perplexed or unsure. It indicates a feeling of being puzzled or uncertain.

Both contexts involve a lack of clarity, but they apply to different subjects: one to an image and the other to a person's state of mind. Despite this difference, the core meaning of being unclear or disordered is present in both.

Given these observations, the probability that ""confuse"" in context_1 and ""confus"" in context_2 have the same meaning is relatively high, as they both convey a sense of lack of clarity or order, albeit in different applications.

**Probability: 80%**"
NA,NA,ADJ,confus,NA,NA,NA,confus,0,NA,NA,NA,"Il a évolué à différents niveaux , il a été clameur et confus .",NA,NA,pending,-6717493507204914252,0.9,"To determine the probability that ""confuse"" in context_1 and ""confus"" in context_2 have the same meaning, we need to analyze the contexts and the meanings of the words.

1. **Context_1: ""Tout dit, ils ont offert une image très confuse.""**
   - Here, ""confuse"" is used as an adjective in French, meaning unclear or not well-organized. It describes an image or representation that is not easy to understand.

2. **Context_2: ""Il a évolué à différents niveaux, il a été clameur et confus.""**
   - In this context, ""confus"" is also used as an adjective in French, meaning disordered, unclear, or chaotic. It describes a situation or state that is not clear or is muddled.

Both contexts use the word to describe something that lacks clarity or is disorganized. In French, ""confus"" as an adjective can mean unclear, muddled, or chaotic, which aligns with the use of ""confuse"" in the first context.

Given these analyses, the probability that ""confuse"" in context_1 and ""confus"" in context_2 have the same meaning is very high.

**Probability: 90%**"
NA,NA,VERB,contemplant,NA,NA,NA,contempler,0,NA,NA,NA,"En contemplant ces punitions posthumes , Staline ne devrait pas perdre tout espoir .",NA,NA,pending,4340495738650079867,1.0,reference word
NA,NA,VERB,contempler,NA,NA,NA,contempler,0,NA,NA,NA,"Il y avait peu de temps pour les contempler , cependant ; en un instant , le médecin traquait à travers la pièce avec un registre antique dans ses mains , soigneusement auriculaire et grand comme un plateau de table .",NA,NA,pending,4340495738650079867,0.95,"The words ""contemplant"" and ""contempler"" are both forms of the same verb ""contempler"" in French, which means ""to contemplate"" or ""to look at thoughtfully."" ""Contemplant"" is the present participle form, while ""contempler"" is the infinitive form. Despite the different forms, they share the same core meaning of observing or considering something with attention.

Given the contexts provided:
- In context_1, ""contemplant"" is used in the sense of considering or reflecting on posthumous punishments.
- In context_2, ""contempler"" is used in the sense of looking at or observing something, in this case, presumably objects or a scene.

Both contexts involve the act of looking at or considering something thoughtfully, which aligns with the core meaning of ""contempler.""

Therefore, the probability that ""contemplant"" and ""contempler"" have the same meaning in a dictionary is very high, close to 1 or 100%."
NA,NA,VERB,contempler,NA,NA,NA,contempler,0,NA,NA,NA,"Nous avons tant de nouvelles choses à craindre en cette ère de armes nucléaires , des choses terribles qui sont trop horribles à contempler .",NA,NA,pending,4340495738650079867,0.95,"The words ""contemplant"" and ""contempler"" are both forms of the French verb ""contempler,"" which means ""to contemplate"" or ""to gaze at."" ""Contemplant"" is the present participle form, while ""contempler"" is the infinitive form. Despite the difference in form, they share the same root meaning.

In the provided contexts, both words are used in a similar sense of considering or reflecting upon something. In context_1, ""contemplant"" is used to describe the act of considering posthumous punishments, while in context_2, ""contempler"" is used to describe the act of considering or facing terrible things in the era of nuclear weapons.

Given that both words share the same root meaning and are used in similar contexts of reflection or consideration, the probability that they have the same meaning in a dictionary is very high.

Probability: 95%"
NA,NA,NOUN,corrélation,NA,NA,NA,corrélation,0,NA,NA,NA,Aucune corrélation n' a été trouvée entre ces variables et l' irréproductibilité de résultats .,NA,NA,pending,-6435329786932693573,1.0,reference word
NA,NA,NOUN,corrélation,NA,NA,NA,corrélation,0,NA,NA,NA,"La corrélation ( tableau 2 ) entre l' âge de début et l' âge d' achèvement était de + 0,50 , et entre l' âge de début et l' étendue était de - 0,10 .",NA,NA,pending,-6435329786932693573,0.95,"The word ""corrélation"" in both contexts refers to the statistical relationship between two or more variables. In context_1, it is used to describe the absence of a relationship between certain variables and the irreproducibility of results. In context_2, it is used to describe the degree of relationship between the age of onset and other age-related measures. Both contexts involve the concept of correlation as a measure of association between variables.

Given this analysis, the probability that ""corrélation"" has the same meaning in both contexts is very high. I would estimate it at 95%."
NA,NA,NOUN,corrélation,NA,NA,NA,corrélation,0,NA,NA,NA,La bonne corrélation de l' art avec l' universitaire ne peut être obtenue que si cette norme est respectée .,NA,NA,pending,-6435329786932693573,0.9,"The word ""corrélation"" in both contexts refers to a relationship or connection between two or more things. In context_1, it is used in a scientific or statistical sense, referring to the relationship between variables and the reproducibility of results. In context_2, it is used in a more abstract sense, referring to the relationship between art and academia. Despite the different contexts, the core meaning of ""corrélation"" as a relationship or connection remains consistent.

Therefore, the probability that ""corrélation"" has the same meaning in both contexts is high. I would estimate it to be around 90%."
NA,NA,NOUN,course,NA,NA,NA,course,0,NA,NA,NA,"Les Orioles ont obtenu une course dans la première manche lors de la reproduction , avec Robinson , les deux oiseaux qui ont obtenu une paire de coups , doublé à centre droit , déplacé à la troisième place sur Russ Snyder ' s simple à droite et traversé sur le terrain sauvage de Kunkel dans la saleté en face de la plaque .",NA,NA,pending,5636006366783957397,1.0,reference word
NA,NA,NOUN,course,NA,NA,NA,course,1,NA,NA,NA,""" Nous le laisserons faire beaucoup de course cette semaine , mais je ne sais pas s' il pourra jouer "" .",NA,NA,pending,-6303096950823595794,0.1,"The probability that ""course"" in context_1 and ""course"" in context_2 have the same meaning is low.

In context_1, ""course"" refers to a ""run"" in a baseball game, which is a point scored by a player. This is a specific sports-related term.

In context_2, ""course"" refers to ""running"" or ""exercise,"" as it is used in the context of allowing someone to do a lot of running or physical activity.

These are distinct meanings: one is a sports term related to scoring, and the other is related to physical activity or exercise."
NA,NA,NOUN,courses,NA,NA,NA,course,0,NA,NA,NA,"Hansen , qui a frappé le haut de l' Oriole 1960 de 22 homers et a conduit en 86 courses sur une moyenne de .255 en première année , complète l' équipe de printemps de Birds à 49 joueurs .",NA,NA,pending,5636006366783957397,0.9,"The probability that ""course"" in context_1 and ""courses"" in context_2 have the same meaning is high. In both contexts, the words are used in the context of baseball, referring to ""runs"" scored by a team or player. The term ""course"" in French and ""courses"" in English both relate to the concept of scoring in a baseball game. Therefore, the probability that they have the same meaning is approximately 90%."
NA,NA,NOUN,couteau,NA,NA,NA,couteau,0,NA,NA,NA,Un couteau ferait ça .,NA,NA,pending,8518431345223018962,1.0,reference word
NA,NA,NOUN,couteau,NA,NA,NA,couteau,0,NA,NA,NA,Un couteau africain et un champ de bataille sont en ce moment aiguisés par McKinley et Green .,NA,NA,pending,8518431345223018962,0.85,"The word ""couteau"" in French translates to ""knife"" in English. In both contexts provided, ""couteau"" refers to a knife, but the contexts suggest different uses or implications.

1. In context_1, ""Un couteau ferait ça"" (""A knife would do that"") implies a general use of a knife, possibly for cutting or performing an action that a knife is typically used for.

2. In context_2, ""Un couteau africain et un champ de bataille sont en ce moment aiguisés par McKinley et Green"" (""An African knife and a battlefield are currently being sharpened by McKinley and Green"") suggests a more specific or metaphorical use. The mention of ""African knife"" and ""battlefield"" implies a cultural or historical context, possibly referring to a specific type of knife or a symbolic use.

Despite the different contexts, the core meaning of ""couteau"" as a knife remains consistent. The primary difference lies in the specific or metaphorical implications in context_2. However, since the fundamental meaning of ""couteau"" as a knife is the same, the probability that they have the same meaning in a dictionary is high.

Probability: 85%"
NA,NA,NOUN,couteau,NA,NA,NA,couteau,0,NA,NA,NA,"Quand le couteau est entré dans sa poitrine , il est descendu à la fois .",NA,NA,pending,8518431345223018962,0.95,"The word ""couteau"" in both contexts refers to a knife. In context_1, ""Un couteau ferait ça"" suggests that a knife is capable of performing a certain action, likely implying cutting or stabbing. In context_2, ""Quand le couteau est entré dans sa poitrine, il est descendu à la fois"" describes a knife entering a chest, which is a literal use of a knife as a stabbing or cutting instrument.

Given that both contexts refer to the physical object ""knife"" and its typical use, the probability that ""couteau"" has the same meaning in both contexts is very high.

Probability: 0.95"
NA,NA,NOUN,danse,NA,NA,NA,danse,0,NA,NA,NA,"Avec le cri et la danse lente , avec les larmes et la chanson , avec le cri et la contorsion , le groupe d' angle a été assailli par l' hystérie et les frissons , les cris , la possession de quelque chose qui semblait être une force étrangère et extérieure .",NA,NA,pending,4897365535206935871,1.0,reference word
NA,NA,NOUN,danse,NA,NA,NA,danse,0,NA,NA,NA,La danse n' était plus autorisée dans les rues .,NA,NA,pending,4897365535206935871,0.9,"The word ""danse"" in both contexts refers to the act of dancing. In context_1, ""danse lente"" suggests a slow dance, which is part of a description involving emotional and possibly ritualistic elements. In context_2, ""danse"" refers to the general activity of dancing, which is mentioned in the context of a prohibition in public spaces. Despite the different contexts, the core meaning of ""danse"" as the act of dancing remains consistent in both cases.

Probability that they have the same meaning: 90%"
NA,NA,NOUN,danse,NA,NA,NA,danse,0,NA,NA,NA,"Si les professeurs de danse d' Amérique font leur affaire pour préparer leurs jeunes charges pour la gymnastique qui doit venir un jour si nos écoles sont vraiment responsables , nous serons beaucoup plus loin .",NA,NA,pending,4897365535206935871,0.9,"The word ""danse"" in both contexts refers to the act or art of dancing. In context_1, ""danse"" is associated with a slow dance that is part of a ritual or expressive performance, possibly conveying emotions or spiritual experiences. In context_2, ""danse"" refers to dance as a discipline or activity taught by dance teachers, likely in a more structured or educational setting.

Despite the different contexts, the core meaning of ""danse"" as the act or art of dancing remains consistent. Therefore, the probability that ""danse"" has the same meaning in both contexts is high.

Probability: 0.9"
NA,NA,NOUN,dialogue,NA,NA,NA,dialogue,0,NA,NA,NA,""" Il ne noie pas le dialogue "" , j' ai expliqué .",NA,NA,pending,-1872187668992599743,1.0,reference word
NA,NA,NOUN,dialogue,NA,NA,NA,dialogue,0,NA,NA,NA,"Le dialogue est vif , spirituel et franc - typique "" ne pas manger les marguerites "" matériel - qui a marqué l' auteur tout à long de ses livres et pièces de théâtre , et il était évident que le public de théâtre par la mer l' aimait .",NA,NA,pending,-1872187668992599743,0.85,"The word ""dialogue"" in both contexts refers to a form of conversation or exchange of ideas. In context_1, ""dialogue"" is used in a metaphorical sense, suggesting that the dialogue is not being overwhelmed or drowned out. In context_2, ""dialogue"" refers to the lively and witty conversation typical of a specific style in literature or theater. Both contexts involve the concept of communication or exchange of ideas, though one is more metaphorical and the other more literal.

Given these observations, the probability that ""dialogue"" has the same meaning in both contexts is high. The core meaning of ""dialogue"" as a form of conversation or exchange is consistent across both uses.

Probability: 0.85"
NA,NA,NOUN,dialogue,NA,NA,NA,dialogue,0,NA,NA,NA,Et les subtilités de dialogue sont très utiles .,NA,NA,pending,-1872187668992599743,0.95,"The word ""dialogue"" in both contexts is likely to have the same meaning. In context_1, ""Il ne noie pas le dialogue"" translates to ""He does not drown the dialogue,"" suggesting a focus on maintaining or preserving conversation or discussion. In context_2, ""Et les subtilités de dialogue sont très utiles"" translates to ""And the subtleties of dialogue are very useful,"" which also refers to conversation or discussion, particularly the nuances within it.

Both contexts refer to ""dialogue"" in the sense of conversation or exchange of ideas. Therefore, the probability that ""dialogue"" has the same meaning in both contexts is very high.

Probability: 0.95"
NA,NA,VERB,diffusées,NA,NA,NA,diffuser,0,NA,NA,NA,"Ces choses ont été diffusées par d' autres moyens , mais toujours à la suite de la publication étendue de résultats analytiques .",NA,NA,pending,-1741465816991345461,1.0,reference word
NA,NA,VERB,diffusée,NA,NA,NA,diffuser,0,NA,NA,NA,La description de la voiture a été immédiatement diffusée dans tout le sud de Maryland sur la radio de police .,NA,NA,pending,-1741465816991345461,0.85,"The word ""diffusées"" in context_1 refers to the dissemination or spreading of information or results through various means. In context_2, ""diffusée"" refers to the broadcasting or spreading of a description via police radio. Both contexts involve the concept of spreading or distributing information, albeit through different channels (analytical results vs. police radio).

Given these contexts, the probability that ""diffusées"" and ""diffusée"" have the same meaning in a dictionary is high, as both involve the act of spreading or distributing information. The primary difference lies in the specific medium or context of the dissemination, but the core meaning remains consistent.

Probability: 0.85"
NA,NA,VERB,diffusée,NA,NA,NA,diffuser,0,NA,NA,NA,"À cet égard , elle devrait pouvoir être diffusée sans destruction excessive .",NA,NA,pending,-1741465816991345461,0.85,"To determine the probability that ""diffusées"" in context_1 and ""diffusée"" in context_2 have the same meaning, we need to analyze the contexts in which they are used.

In context_1, ""diffusées"" refers to things that have been disseminated or spread by other means, particularly following the extensive publication of analytical results. This suggests a meaning related to the distribution or broadcasting of information or content.

In context_2, ""diffusée"" refers to something that should be able to be disseminated or spread without excessive destruction. This also suggests a meaning related to the distribution or broadcasting of something, likely information or content, in a way that is not harmful or destructive.

Both contexts involve the concept of spreading or distributing something, likely information or content, albeit with slightly different nuances (context_1 focuses on the means and context_2 on the manner of dissemination).

Given these analyses, the probability that ""diffusées"" in context_1 and ""diffusée"" in context_2 have the same meaning is high. They both relate to the act of spreading or distributing something.

Probability: 0.85"
NA,NA,ADJ,dimensionnel,NA,NA,NA,dimensionnel,0,NA,NA,NA,Laissez T être un opérateur linéaire sur l' espace vectoriel dimensionnel fini V sur le champ F.,NA,NA,pending,-8530866858662179300,1.0,reference word
NA,NA,ADJ,dimensionnel,NA,NA,NA,dimensionnel,0,NA,NA,NA,Laissez T être un opérateur linéaire sur l' espace vectoriel dimensionnel fini V sur le champ F.,NA,NA,pending,-8530866858662179300,1.0,reference word
NA,NA,ADJ,dimensionnel,NA,NA,NA,dimensionnel,0,NA,NA,NA,"Laissez V être un espace vectoriel dimensionnel fini sur un champ algébrique fermé F , par exemple , le champ de nombres complexes .",NA,NA,pending,-8530866858662179300,1.0,"The probability that ""dimensionnel"" has the same meaning in both contexts is very high, close to 100%. 

In both contexts, ""dimensionnel"" is used in the context of linear algebra and vector spaces, specifically referring to the property of being finite-dimensional. The contexts describe similar mathematical structures, namely finite-dimensional vector spaces over a field. The use of ""dimensionnel"" in both cases pertains to the same mathematical concept of dimensionality in vector spaces."
NA,NA,NOUN,distribution,NA,NA,NA,distribution,0,NA,NA,NA,"En outre , la distribution de la taille obtenue à partir de observations visuelles et radar des météores peut être extrapolée à domaine de micrométéorites .",NA,NA,pending,3107092349023815227,1.0,reference word
NA,NA,NOUN,distribution,NA,NA,NA,distribution,1,NA,NA,NA,"En outre , les points de distribution de masse plus grands et plus agressifs et les chaînes de magasins ont insisté sur la haute qualité - et le client semble avoir pris sur .",NA,NA,pending,-1785981679948881139,0.1,"The word ""distribution"" in context_1 refers to the statistical spread or arrangement of sizes, specifically in the context of meteors and micrometeorites. It is used in a scientific sense to describe how sizes are spread out or distributed.

In context_2, ""distribution"" refers to the process or system of delivering goods to various points, such as larger and more aggressive mass distribution points and retail chains. It is used in a commercial sense to describe the logistics and supply chain aspect of getting products to consumers.

Given these contexts, the probability that ""distribution"" has the same meaning in both contexts is low. The word is used in different domains (scientific vs. commercial) and refers to different concepts (statistical spread vs. logistics/supply chain). Therefore, the probability is approximately 10%."
NA,NA,NOUN,distribution,NA,NA,NA,distribution,0,NA,NA,NA,"Une distribution de concentration a été obtenue à partir d' observations radar sensibles à la quinzième magnitude ( Manning et Eshleman , 1959 ) .",NA,NA,pending,3107092349023815227,0.95,"The word ""distribution"" in both contexts refers to the statistical or mathematical concept of how certain values (such as size or concentration) are spread or arranged. In context_1, it refers to the distribution of sizes of meteors and micrometeorites, while in context_2, it refers to the distribution of concentration obtained from radar observations. Both usages involve the concept of distribution in a scientific or analytical sense, likely related to data or measurements.

Given this analysis, the probability that ""distribution"" has the same meaning in both contexts is very high. I would estimate it to be around 95%."
NA,NA,NOUN,division,NA,NA,NA,division,0,NA,NA,NA,"Le groupe connu comme l' Association américaine pour la santé , l' éducation physique , et les loisirs ( une division de l' Association nationale de l' éducation ) a initié une conférence qui a réuni des représentants de la National Rifle Association , SAAMI et l' American Fishing Tackle Manufacturers .",NA,NA,pending,-5908099681408594291,1.0,reference word
NA,NA,NOUN,division,NA,NA,NA,division,1,NA,NA,NA,"Même le sergent de mess , Bill Brown , un dapper , transfert cocu d' une division aéroportée , est sorti sur la portée .",NA,NA,pending,599541074693404134,0.1,"The word ""division"" in context_1 refers to a subset or branch of a larger organization, specifically a division of the National Education Association. In context_2, ""division"" refers to a military unit, specifically an airborne division. These are distinct meanings: one is organizational and the other is military. Therefore, the probability that they have the same meaning in a dictionary is low.

Probability: 10%"
NA,NA,NOUN,division,NA,NA,NA,division,2,NA,NA,NA,"Avec la domination de la division sympathique de l' hypothalamus , les changements opposés se produisent .",NA,NA,pending,7107181830795402559,0.1,"The word ""division"" in context_1 refers to a military unit, specifically an ""airborne division."" In context_2, ""division"" refers to a part or section of the hypothalamus, specifically the ""sympathetic division"" of the autonomic nervous system. These are two distinct meanings: one is related to military organization, and the other is related to anatomy and physiology.

Given these contexts, the probability that ""division"" has the same meaning in both contexts is low. I would estimate the probability to be around 10%."
NA,NA,NOUN,don,NA,NA,NA,don,0,NA,NA,NA,Il peut cependant être noté que son don pour la couleur et l' imagerie a dû être grandement stimulé par son séjour à Paris .,NA,NA,pending,-619001901045431070,1.0,reference word
NA,NA,NOUN,don,NA,NA,NA,don,1,NA,NA,NA,"Bien que son caractère soit plus large et plus comiquement arrondi que le don , il lui donne aussi une fermeté et une ténacité - une sorte de dignité paysanne .",NA,NA,pending,5888638855056567355,0.1,"The word ""don"" in context_1 refers to a ""gift"" or ""talent,"" as it describes someone's ability or aptitude for color and imagery. In context_2, ""don"" is used in a different sense, likely referring to a title or a characteristic, as it is compared to a character trait and associated with firmness and tenacity.

Given these contexts, the probability that ""don"" has the same meaning in both contexts is low. The word is used in different senses: one as a talent or ability, and the other as a characteristic or possibly a title. Therefore, the probability that they have the same meaning is approximately 10%."
NA,NA,NOUN,don,NA,NA,NA,don,0,NA,NA,NA,"Son don particulier , comme cela avait été suggéré précédemment , est son intensité .",NA,NA,pending,-619001901045431070,0.95,"The word ""don"" in both contexts is used in French, where it typically means ""gift"" or ""talent."" In context_1, ""don"" refers to a talent for color and imagery, while in context_2, it refers to a particular talent for intensity. Both contexts use ""don"" to describe a natural ability or talent. Therefore, the probability that ""don"" has the same meaning in both contexts is very high.

Probability: 95%"
NA,NA,VERB,démolir,NA,NA,NA,démolir,0,NA,NA,NA,Strindberg ' s remède pour cette condition était de démolir les vieilles structures et construire à nouveau de la terre vers le haut .,NA,NA,pending,3314686540894854287,1.0,reference word
NA,NA,VERB,démoli,NA,NA,NA,démolir,0,NA,NA,NA,Mortars avait démoli le ministère de la Défense et mis le feu à l' ambassade américaine à côté .,NA,NA,pending,3314686540894854287,0.95,"The word ""démolir"" in context_1 refers to the act of tearing down or destroying old structures as part of a process to rebuild from the ground up. In context_2, ""démoli"" describes the result of mortars having destroyed the Ministry of Defense and set fire to the nearby American embassy. Both contexts involve the act of destruction or tearing down of structures.

Given that both words are used in contexts involving the destruction of structures, the probability that they have the same meaning in a dictionary is very high. The primary difference is the tense, with ""démolir"" being the infinitive form and ""démoli"" being the past participle. However, since we are focusing on meaning rather than tense, the probability is:

Probability: 0.95"
NA,NA,VERB,démoli,NA,NA,NA,démolir,0,NA,NA,NA,"En 1810 , il fut démoli et remplacé par un pont suspendu en chaîne .",NA,NA,pending,3314686540894854287,0.95,"The words ""démolir"" and ""démoli"" are both forms of the same verb in French, which means ""to demolish"" or ""to tear down."" The context for both words involves the act of demolishing or tearing down structures. In context_1, ""démolir"" is used in a metaphorical sense to describe the process of tearing down old structures to build anew, while in context_2, ""démoli"" is used in a literal sense to describe the demolition of a bridge. Despite the difference in literal versus metaphorical usage, the core meaning of the verb remains the same in both contexts.

Therefore, the probability that ""démolir"" and ""démoli"" have the same meaning in a dictionary is very high, close to 100%."
NA,NA,NOUN,enseignement,NA,NA,NA,enseignement,0,NA,NA,NA,"À maintes reprises dans le conseil et l' enseignement , on rencontre des membres de ce groupe dont les tentatives pour introduire dans une sorte d' unité les mythologies infondées de leur héritage "" fondamentaliste "" et la réalité tenace de monde moderne ne sont que trop douloureusement évidentes .",NA,NA,pending,-6354017624437570411,1.0,reference word
NA,NA,NOUN,enseignement,NA,NA,NA,enseignement,0,NA,NA,NA,"Il est possible pour les Etats de réserver une partie de leurs fonds pour l' enseignement professionnel afin de demander , sur une base ad hoc , une flexibilité pour subventionner tout programme local de formation préalable à l' emploi que je vais rapidement mettre en place dans une communauté pour aider une nouvelle usine industrielle .",NA,NA,pending,-6354017624437570411,0.85,"The word ""enseignement"" in both contexts refers to the concept of teaching or education. In context_1, ""enseignement"" is used in a broader sense, referring to the act of teaching or the educational process in general, particularly in relation to integrating different worldviews. In context_2, ""enseignement"" specifically refers to professional or vocational education, focusing on training programs related to employment.

Despite the different contexts, the core meaning of ""enseignement"" as a form of education or teaching remains consistent. Therefore, the probability that ""enseignement"" has the same meaning in both contexts is high.

Probability: 0.85"
NA,NA,NOUN,enseignement,NA,NA,NA,enseignement,0,NA,NA,NA,"Une spécialisation considérable dans les matières d' enseignement telles que l' architecture , le design de meubles , les textiles et la couleur est également souhaitable .",NA,NA,pending,-6354017624437570411,0.9,"The word ""enseignement"" in both contexts refers to the concept of teaching or education. In context_1, ""enseignement"" is used in a broader sense, referring to the act or process of teaching, possibly in an educational or advisory setting. In context_2, ""enseignement"" refers to specific subjects or areas of study within an educational curriculum, such as architecture, furniture design, textiles, and color.

Despite the different contexts, the core meaning of ""enseignement"" as related to education or teaching remains consistent. Therefore, the probability that ""enseignement"" has the same meaning in both contexts is high.

Probability: 0.9 (90%)"
NA,NA,ADJ,essentiels,NA,NA,NA,essentiel,0,NA,NA,NA,Ces forces sont jugées suffisantes pour remplir les rôles et missions essentiels de réserves à l' appui de nos objectifs de sécurité nationale .,NA,NA,pending,-4215061205818265467,1.0,reference word
NA,NA,ADJ,essentielles,NA,NA,NA,essentiel,0,NA,NA,NA,"La deuxième capacité est représentée par nos forces terrestres , navales et aériennes déployées dans les zones avant essentielles , ainsi que par des réserves prêtes à effectuer des renforts d' urgence précoces .",NA,NA,pending,-4215061205818265467,0.95,"The words ""essentiels"" and ""essentielles"" are both forms of the adjective ""essentiel"" in French, which means ""essential"" or ""necessary"" in English. The difference between them is purely grammatical: ""essentiels"" is the masculine plural form, while ""essentielles"" is the feminine plural form. In the provided contexts, both words are used to describe roles, missions, or areas that are crucial or necessary.

Given that the difference is only in grammatical gender and number, and both words convey the same meaning of being crucial or necessary, the probability that they have the same meaning in a dictionary is very high.

Probability: 95%"
NA,NA,ADJ,essentiel,NA,NA,NA,essentiel,0,NA,NA,NA,Un ventilateur est essentiel pour le double abri mural et pour les abris souterrains .,NA,NA,pending,-4215061205818265467,0.9,"The word ""essentiels"" in context_1 refers to the essential roles and missions of reserves in support of national security objectives. In context_2, ""essentiel"" describes a fan as being essential for certain types of shelters. Both usages of the word ""essentiel"" relate to something being necessary or crucial. Therefore, the probability that they have the same meaning in a dictionary is high.

Probability: 90%"
NA,NA,ADJ,esthétique,NA,NA,NA,esthétique,0,NA,NA,NA,"Un facteur contributif est la perspective , la distance esthétique uniforme qui est maintenue .",NA,NA,pending,-1093899066173694704,1.0,reference word
NA,NA,ADJ,esthétiques,NA,NA,NA,esthétique,0,NA,NA,NA,"Ses différents postulats esthétiques restent des repères d' une maison divisée contre elle-même : Supra Expressionnisme , Neo Paganism , Neo Classicism , Neo Romanticism , Neo Jazz , Neo Ecclesiastism , Neo Popularism , et plus récemment , Post Serialism - tous en compétition les uns avec les autres à sein d' un compositeur !",NA,NA,pending,-1093899066173694704,0.8,"The probability that ""esthétique"" in context_1 and ""esthétiques"" in context_2 have the same meaning is relatively high. Both contexts refer to the concept of aesthetics, which involves the principles and philosophy of art and beauty. In context_1, ""distance esthétique"" suggests an aesthetic perspective or approach, while in context_2, ""postulats esthétiques"" refers to aesthetic principles or theories. Despite the different specific uses, both contexts relate to the broader concept of aesthetics. Therefore, the probability that they have the same meaning is around 80%."
NA,NA,ADJ,esthétiques,NA,NA,NA,esthétique,0,NA,NA,NA,"Exclusive de valeurs esthétiques , telles que le niveau élevé - ou faible mousse , la teneur en parfum , etc , les exigences pour l' activité organique utilisée dans les textiles de lavage sont élevées .",NA,NA,pending,-1093899066173694704,0.6,"The word ""esthétique"" in context_1 refers to an ""aesthetic distance,"" which is a concept in art and literature that describes the gap between a viewer's conscious reality and the fictional reality presented in a work of art. It is about maintaining a certain perspective or detachment to appreciate the artistic qualities.

In context_2, ""esthétiques"" refers to ""aesthetic values,"" which are qualities related to beauty or the appreciation of beauty, such as the appearance of foam or the presence of fragrance in textiles.

Both contexts involve the concept of aesthetics, but they apply it in different ways. Context_1 is more about the theoretical or conceptual aspect of aesthetics in art, while context_2 is about practical or sensory qualities that contribute to the perception of beauty in products.

The probability that ""esthétique"" and ""esthétiques"" have the same meaning in these contexts is moderate, as they both relate to aesthetics but focus on different aspects (conceptual vs. sensory/practical).

Probability: 0.6"
NA,NA,VERB,exécuté,NA,NA,NA,exécuter,0,NA,NA,NA,"En février le meurtre de Patrice Lumumba , qui avait été kidnappé à Katanga et exécuté sur ordre de Tshombe , a de nouveau incité l' U.N. à agir .",NA,NA,pending,-1320539058103013298,1.0,reference word
NA,NA,VERB,exécuté,NA,NA,NA,exécuter,1,NA,NA,NA,"Mais sous la direction de Mira Ziminska-Sygietynska , qui avec son défunt mari a fondé l' organisation en 1948 , tout a été mis en forme théâtrale , traité sélectivement , chorégraphié spécifiquement pour la présentation à spectateurs , et exécuté tout à fait professionnellement .",NA,NA,pending,788744315014616999,0.05,"The word ""exécuté"" in the given contexts has different meanings. In context_1, ""exécuté"" refers to the act of carrying out a death sentence or killing someone, as it is used in the context of a murder. In context_2, ""exécuté"" refers to the performance or execution of a task or artistic work, as it is used in the context of a theatrical presentation. 

The probability that ""exécuté"" has the same meaning in both contexts is very low, close to 0%."
NA,NA,VERB,exécutés,NA,NA,NA,exécuter,0,NA,NA,NA,Deux Américains et sept Cubains ont été exécutés par des pelotons d' exécution aujourd'hui alors que les tribunaux militaires de Castro ont commencé à prononcer la peine de mort pour les forces d' invasion capturées et les collaborateurs présumés .,NA,NA,pending,-1320539058103013298,0.95,"The probability that ""exécuté"" in context_1 and ""exécutés"" in context_2 have the same meaning is very high. In both contexts, the word refers to the act of carrying out a death sentence or killing someone, typically in a formal or authoritative manner. In context_1, it describes the killing of Patrice Lumumba, and in context_2, it describes the killing of individuals by firing squads. Both contexts involve execution as a form of capital punishment. Therefore, the probability is approximately 95%."
NA,NA,NOUN,feuilles,NA,NA,NA,feuille,0,NA,NA,NA,"Les feuilles brûlaient quelque part et la fumée sentait , pour toute son acidité ammoniaque , des débuts .",NA,NA,pending,-5529172023051191482,1.0,reference word
NA,NA,NOUN,feuille,NA,NA,NA,feuille,1,NA,NA,NA,"Après avoir sélectionné une feuille et l' avoir inspectée pour détecter les défauts ( même les meilleurs ont parfois des "" nubbins "" étrangers sur sa surface ) , je l' éponge soigneusement de deux côtés avec de l' eau propre , froide .",NA,NA,pending,978468733050806943,0.1,"The probability that ""feuilles"" in context_1 and ""feuille"" in context_2 have the same meaning is low. 

In context_1, ""feuilles"" refers to leaves, likely from trees or plants, as indicated by the mention of burning and smoke. In context_2, ""feuille"" refers to a sheet or leaf, possibly of paper or another material, as suggested by the inspection for defects and the careful cleaning with water. These contexts suggest different meanings: one related to natural foliage and the other to a material object."
NA,NA,NOUN,feuilles,NA,NA,NA,feuille,0,NA,NA,NA,"Quand ils ont 4 à 6 feuilles et qu' ils sont de petites plantes , il est temps de les indiquer où ils doivent rester .",NA,NA,pending,-5529172023051191482,0.95,"The word ""feuilles"" in French can have multiple meanings, but the most common are ""leaves"" (as in the leaves of a plant) and ""sheets"" (as in sheets of paper). 

In context_1, ""Les feuilles brûlaient quelque part et la fumée sentait..."" suggests that ""feuilles"" refers to leaves, likely from trees or plants, as they are burning and producing smoke.

In context_2, ""Quand ils ont 4 à 6 feuilles et qu' ils sont de petites plantes..."" clearly refers to leaves of plants, as it describes a stage in the growth of small plants.

Given both contexts, ""feuilles"" refers to the leaves of plants in both cases. Therefore, the probability that they have the same meaning in a dictionary is very high.

Probability: 95%"
NA,NA,NOUN,gaz,NA,NA,NA,gaz,0,NA,NA,NA,L ' analyse spectrométrique de masse de gaz a évolué à partir de chauffage jusqu' à 410 ' C indique les oxydes d' azote et la vapeur d ' eau .,NA,NA,pending,8655612175723070548,1.0,reference word
NA,NA,NOUN,gaz,NA,NA,NA,gaz,1,NA,NA,NA,"Les petits et grands intestins ont été remplis de gaz , et le jejunum a été dilaté à environ 2 fois sa circonférence normale .",NA,NA,pending,-3283491141884482643,0.2,"The word ""gaz"" in both contexts refers to a gaseous substance, but the specific meanings differ based on the context provided.

In context_1, ""gaz"" refers to gases involved in a scientific analysis, specifically oxides of nitrogen and water vapor, which are likely being studied in a laboratory setting.

In context_2, ""gaz"" refers to gas within the human intestines, which is a biological or medical context.

Given these contexts, the probability that ""gaz"" has the same meaning in both contexts is low, as the first context is related to scientific analysis of gases, while the second context pertains to gas within the human body. Therefore, the probability that they have the same meaning is around 20%."
NA,NA,NOUN,gaz,NA,NA,NA,gaz,0,NA,NA,NA,"L' injection de gaz à travers une anode poreuse ( refroidissement par transpiration ) non seulement nourrit l' énergie transférée à l' anode par les procédés mentionnés ci-dessus , mais modifie également les conditions dans l' arc lui-même .",NA,NA,pending,8655612175723070548,0.9,"The probability that ""gaz"" in both contexts has the same meaning is high. In both contexts, ""gaz"" refers to a gaseous substance. In context_1, it is related to the analysis of gases released at high temperatures, specifically mentioning nitrogen oxides and water vapor. In context_2, it refers to the injection of gas through a porous anode, which is a process involving gaseous substances. Both contexts involve the physical state of matter known as gas, likely in a scientific or technical setting. Therefore, the probability that ""gaz"" has the same meaning in both contexts is high, around 90%."
NA,NA,NOUN,geste,NA,NA,NA,geste,0,NA,NA,NA,Quand un geste accompagne qui est -il ?,NA,NA,pending,6058507240397143290,1.0,reference word
NA,NA,NOUN,geste,NA,NA,NA,geste,1,NA,NA,NA,"Quand , comme un geste diplomatique d' amité et en paiement pour le prêt de hommes armés à l' élection d' avril , Torrio avait donné à O ' Banion une tranche de Cicéron , les bénéfices de ce district avaient été de 20000 $par mois .",NA,NA,pending,1165433211424446924,0.2,"The word ""geste"" in French can have multiple meanings, including ""gesture"" or ""act."" In context_1, ""geste"" seems to refer to a physical movement or gesture, as it is accompanied by the question of who is performing it. In context_2, ""geste"" is used in the phrase ""geste diplomatique,"" which refers to a diplomatic gesture or act, indicating a symbolic or significant action rather than a physical movement.

Given these contexts, the probability that ""geste"" has the same meaning in both contexts is low. In context_1, it likely refers to a physical gesture, while in context_2, it refers to a symbolic or diplomatic act. Therefore, the probability that they have the same meaning is around 20%."
NA,NA,NOUN,geste,NA,NA,NA,geste,1,NA,NA,NA,"Il y avait le jour Oncle Izaak avait , dans un geste grandiose inattendu , remis le joli sloop à Abel pour les gardes , à condition qu' il ne manque jamais de laisser son frère l' accompagner quand le jeune garçon le souhaitait .",NA,NA,pending,1165433211424446924,0.85,"The word ""geste"" in both contexts refers to an action or deed, often with a symbolic or significant meaning. In context_1, ""geste"" is used to describe a diplomatic action or gesture of friendship. In context_2, ""geste"" refers to a grand or unexpected action of giving. Both usages involve an action that carries meaning beyond the physical act itself, suggesting a symbolic or intentional significance.

Given this analysis, the probability that ""geste"" has the same meaning in both contexts is high. I would estimate the probability to be around 85%."
NA,NA,NOUN,grenier,NA,NA,NA,grenier,0,NA,NA,NA,"Se hâtant à grenier , dont la température était facilement plus chaud que la Côte d' Or , vous avez procédé à masquer les fenêtres avec une couverture de laine fantaisie , certains pantalons kaki , et le genre , et de saccager les innombrables boîtes et barils stockés là .",NA,NA,pending,1381142101874008975,1.0,reference word
NA,NA,NOUN,grenier,NA,NA,NA,grenier,0,NA,NA,NA,Je travaille à grenier .,NA,NA,pending,1381142101874008975,0.95,"The word ""grenier"" in French typically means ""attic"" or ""loft."" 

In context_1, ""grenier"" is used to describe a place that is warmer than another location and is filled with boxes and barrels, which aligns with the typical meaning of an attic or storage loft.

In context_2, ""Je travaille à grenier"" suggests working in a ""grenier,"" which could imply working in an attic or loft space, possibly for storage or as a workspace.

Given these contexts, the probability that ""grenier"" has the same meaning in both contexts is very high. Both contexts refer to a physical space that is likely an attic or loft. Therefore, the probability is approximately 0.95 or 95%."
NA,NA,NOUN,grenier,NA,NA,NA,grenier,0,NA,NA,NA,"Et là , j' étais enchaîné avec Eileen dans ce grenier sale à quatrième étage de la rue Hudson .",NA,NA,pending,1381142101874008975,1.0,"The word ""grenier"" in both contexts refers to an attic or loft space. In context_1, ""grenier"" is described as a place that is warmer than another location and is used for storing various items like boxes and barrels. In context_2, ""grenier"" is described as a dirty attic on the fourth floor of a building. Both contexts describe ""grenier"" as a storage or upper space in a building, which aligns with the common meaning of ""attic"" or ""loft.""

Given this analysis, the probability that ""grenier"" has the same meaning in both contexts is very high, close to 100%."
NA,NA,NOUN,idole,NA,NA,NA,idole,0,NA,NA,NA,"Un matin , nous avons découvert non seulement que les centimes étaient manquants de l' idole , mais qu' une cigarette avait été étouffée dans ses genoux .",NA,NA,pending,4410130598391551963,1.0,reference word
NA,NA,NOUN,idole,NA,NA,NA,idole,1,NA,NA,NA,"L' idole de hackers , bien sûr , est Ray Ainsley , qui a obtenu un 19 dans les États-Unis Open .",NA,NA,pending,-7528972719216001228,0.2,"The word ""idole"" in both contexts refers to a figure or entity that is admired or revered. However, the specific meanings differ based on the context:

1. In context_1, ""idole"" refers to a physical object, likely a statue or representation, that is venerated or worshipped, as indicated by the mention of centimes (coins) and a cigarette being extinguished on it.

2. In context_2, ""idole"" refers to a person who is admired or looked up to, specifically in the context of hackers, with Ray Ainsley being the admired figure.

Given these contexts, the probability that ""idole"" has the same meaning in both contexts is low. The word is used in different senses: one as a physical object of worship and the other as a person who is admired. Therefore, the probability is around 20%."
NA,NA,NOUN,idole,NA,NA,NA,idole,0,NA,NA,NA,Stevie n' a vu aucune idole ; cela l' a troublé qu' il ne pouvait pas toujours voir ce que papa voyait .,NA,NA,pending,4410130598391551963,0.85,"The word ""idole"" in both contexts refers to a physical object or representation that is revered or holds significant value. In context_1, ""idole"" is described as an object from which centimes were missing and where a cigarette was extinguished, suggesting it is a tangible object, possibly a statue or figure. In context_2, ""idole"" is something that Stevie could not see, which implies it might be a physical representation or an object of reverence that is expected to be visible.

Given these contexts, the probability that ""idole"" has the same meaning in both instances is high. Both contexts suggest a physical object that holds some form of significance or reverence. Therefore, the probability that they have the same meaning is approximately 0.85 or 85%."
NA,NA,NOUN,idéologies,NA,NA,NA,idéologie,0,NA,NA,NA,"Tous étaient là dans cette association lâchement tricotée d' idéologies diversifiées , et chacun a démenti l' autre et battu sa poitrine pour ses propres approches .",NA,NA,pending,4035834589939664621,1.0,reference word
NA,NA,NOUN,idéologies,NA,NA,NA,idéologie,0,NA,NA,NA,"Toutes les idéologies changent de jour en jour , sous ses yeux , alors comment un homme pourrait -il regarder vers n' importe lequel d' entre eux pour un élargissement de sa liberté ?",NA,NA,pending,4035834589939664621,0.98,"The probability that ""idéologies"" has the same meaning in both contexts is very high, likely around 95-100%. In both contexts, ""idéologies"" refers to systems of ideas or beliefs, particularly in a political or philosophical sense. The contexts describe different aspects of how ideologies interact or change, but the core meaning of the word remains consistent."
NA,NA,NOUN,idéologie,NA,NA,NA,idéologie,0,NA,NA,NA,Pourquoi ne nous rendons -nous pas compte qu' aucune idéologie ne croit autant en elle-même qu' elle ne croit en autre chose ?,NA,NA,pending,4035834589939664621,0.95,"The words ""idéologies"" and ""idéologie"" are closely related, with ""idéologies"" being the plural form of ""idéologie."" In the provided contexts, both words refer to systems of ideas or beliefs. In context_1, ""idéologies"" refers to a variety of belief systems within an association, while in context_2, ""idéologie"" refers to a singular belief system and its self-perception.

Given that the primary difference between the two words is singular versus plural, and both contexts discuss belief systems, the probability that they have the same meaning in a dictionary is very high.

Probability: 95%"
NA,NA,NOUN,imagination,NA,NA,NA,imagination,0,NA,NA,NA,C' est la fonction principale de l' imagination opérant en l' absence de stimulus expérientiel original par lequel les images ont été initialement appropriées .,NA,NA,pending,1251290231441829842,1.0,reference word
NA,NA,NOUN,imagination,NA,NA,NA,imagination,0,NA,NA,NA,Une de mes vertus ou vices est une sorte d' imagination tridimensionnelle complète avec des effets sonores et glorieuse couleur vivante .,NA,NA,pending,1251290231441829842,0.9,"The word ""imagination"" in both contexts refers to the mental faculty of forming new ideas, images, or concepts not present to the senses. In context_1, it is described as a function operating in the absence of original experiential stimuli, while in context_2, it is described as a vivid, three-dimensional mental experience. Both contexts highlight the creative and mental aspect of imagination, though they emphasize different characteristics (functional vs. vividness).

Given that both contexts refer to the mental process of forming images or concepts, the probability that ""imagination"" has the same meaning in both contexts is high. Therefore, the probability is approximately 0.9."
NA,NA,NOUN,imagination,NA,NA,NA,imagination,0,NA,NA,NA,Une imagination vraiment vivante se déplace au-delà de souvenir conventionnel à un sens de l' immédiateté .,NA,NA,pending,1251290231441829842,0.95,"The word ""imagination"" in both contexts refers to the mental faculty of forming new ideas, images, or concepts not present to the senses. In context_1, it is described as a function operating in the absence of original experiential stimuli, suggesting a cognitive process of creating or recalling images. In context_2, it is described as moving beyond conventional memory to a sense of immediacy, emphasizing creativity and vividness.

Both contexts highlight the creative and cognitive aspects of imagination, focusing on its ability to transcend immediate sensory experience. Therefore, the probability that ""imagination"" has the same meaning in both contexts is very high.

Probability: 0.95"
NA,NA,NOUN,impact,NA,NA,NA,impact,0,NA,NA,NA,Le plus grand impact de principe de fonds de contrepartie a été d' encourager à départ les États les plus pauvres et les districts scolaires à dépenser suffisamment pour obtenir leur pleine allocation de fonds extérieurs .,NA,NA,pending,-4925966727610680193,1.0,reference word
NA,NA,NOUN,impacts,NA,NA,NA,impact,1,NA,NA,NA,"Quatre-vingt-dix pour cent des 153 impacts enregistrés se sont produits entre minuit et midi , et de jour en jour la variation de taux était autant qu' un ordre de grandeur .",NA,NA,pending,4229345934141806929,0.1,"The probability that ""impact"" in context_1 and ""impacts"" in context_2 have the same meaning is low.

In context_1, ""impact"" refers to the effect or influence of a policy or principle, specifically how it encourages certain actions or spending. This is a more abstract, metaphorical use of the word, focusing on the consequences or outcomes of an initiative.

In context_2, ""impacts"" refers to physical collisions or strikes, likely in a scientific or observational context, given the mention of recorded impacts and specific timing. This is a more literal, concrete use of the word, focusing on physical events.

Therefore, the meanings in these contexts are different, with context_1 being about influence or effect and context_2 about physical collisions."
NA,NA,NOUN,impact,NA,NA,NA,impact,0,NA,NA,NA,L' impact de facteurs technologiques est également illustré par l' histoire de programme de carburant à haute énergie .,NA,NA,pending,-4925966727610680193,0.95,"To determine the probability that the word ""impact"" has the same meaning in both contexts, we need to analyze the specific usage in each sentence.

In context_1, ""impact"" refers to the effect or influence of a matching funds principle on encouraging poorer states and school districts to spend enough to receive their full allocation of external funds. Here, ""impact"" is used in the sense of an effect or consequence of a policy or principle.

In context_2, ""impact"" refers to the effect or influence of technological factors as illustrated by the history of a high-energy fuel program. Similarly, ""impact"" is used in the sense of an effect or consequence, but this time related to technological factors.

In both contexts, ""impact"" is used to describe the effect or influence of one thing on another. Therefore, the probability that ""impact"" has the same meaning in both contexts is high.

Probability: 0.95 (95%)"
NA,NA,NOUN,intervalles,NA,NA,NA,intervalle,0,NA,NA,NA,"Les vagues sont séparées par intervalles de 15 minutes à une heure ou plus ( en raison de leur grande longueur ) , et cela a souvent permis à gens de penser après la première grande vague s' est écrasée qu' elle est partout .",NA,NA,pending,-4432044382788015418,1.0,reference word
NA,NA,NOUN,intervalle,NA,NA,NA,intervalle,0,NA,NA,NA,"Nous avons montré que le graphique de f contient à moins un composant dont l' inverse est l' intervalle entier [ 0 , T ] , et dont la multiplicité est étrange .",NA,NA,pending,-4432044382788015418,0.85,"The words ""intervalles"" and ""intervalle"" both refer to the concept of a ""gap"" or ""period of time"" between events or points. In the provided contexts:

- In context_1, ""intervalles"" refers to the time gaps between waves, indicating a period or duration between occurrences.
- In context_2, ""intervalle"" refers to a mathematical interval, specifically a range of values on a number line.

Both contexts involve the idea of a span or range, whether it be time or numerical values. Therefore, the probability that ""intervalles"" and ""intervalle"" have the same meaning in a dictionary is quite high, as they both relate to the concept of an interval or a span between points.

Probability: 85%"
NA,NA,NOUN,intervalles,NA,NA,NA,intervalle,0,NA,NA,NA,Des échantillons composites ont été prélevés à intervalles hebdomadaires .,NA,NA,pending,-4432044382788015418,0.95,"The word ""intervalles"" in both contexts refers to the concept of time intervals or periods between events. In context_1, ""intervalles"" refers to the time intervals between waves, while in context_2, it refers to the time intervals at which samples are taken. Both usages involve the idea of a recurring or repeated time period between occurrences. Therefore, the probability that ""intervalles"" has the same meaning in both contexts is very high.

Probability: 0.95"
NA,NA,NOUN,ironie,NA,NA,NA,ironie,0,NA,NA,NA,Avec une ironie pardonnable Shelley écrit à père qui avait publiquement renié sa fille :,NA,NA,pending,8213684499404823020,1.0,reference word
NA,NA,NOUN,ironies,NA,NA,NA,ironie,0,NA,NA,NA,"L' une de ironies de la croisade actuelle pour l' unité chrétienne est qu' il n' y a pas , relativement parlant , beaucoup de vrais chrétiens à unir .",NA,NA,pending,8213684499404823020,0.95,"The word ""ironie"" in French translates to ""irony"" in English, and ""ironies"" is simply the plural form of ""irony."" In both contexts provided, the word is used to convey a sense of irony, which is a rhetorical device or situation where there is a contrast between expectations and reality, often highlighting a discrepancy or incongruity.

In context_1, ""ironie"" is used to describe a tone or manner in which Shelley writes, suggesting a contrast between what is expected and what is expressed, likely with a hint of sarcasm or criticism. In context_2, ""ironies"" refers to the unexpected or contradictory aspects of a situation regarding the Christian unity crusade, again highlighting a contrast between the ideal and the reality.

Given that both instances refer to the concept of irony, the probability that ""ironie"" and ""ironies"" have the same meaning in these contexts is very high. Therefore, the probability is:

Probability: 0.95"
NA,NA,NOUN,ironie,NA,NA,NA,ironie,0,NA,NA,NA,L' ironie tragique de la pièce est que la croyance et l' inquiétude même avec un diable qui pourrait être rencontré dans les bois et combattu avec des formules exposées dans les livres était la chose même qui les a empêchés de détecter le vrai diable quand il est venu parmi eux .,NA,NA,pending,8213684499404823020,0.9,"The probability that ""ironie"" in both contexts has the same meaning is high. In both contexts, ""ironie"" refers to a form of expression where the intended meaning is opposite to the literal meaning, often used to convey sarcasm or highlight a contradiction. In context_1, it refers to a pardonnable irony in a personal letter, while in context_2, it refers to a tragic irony in a play. Both usages align with the general definition of irony as a rhetorical device. Therefore, the probability is around 90%."
NA,NA,VERB,jouissions,NA,NA,NA,jouir,0,NA,NA,NA,Nous jouissions d' une liberté paradoxale quand nous étions encore trop jeunes pour l' école .,NA,NA,pending,-757674043131872519,1.0,reference word
NA,NA,VERB,jouit,NA,NA,NA,jouir,0,NA,NA,NA,"Le collectionneur jouit de contact avec la vie rurale ; il chasse le folklore pour les raisons mêmes "" champ et ruisseau "" que beaucoup de personnes chassent le gibier ; et il est rarement très préoccupé par la signification de ce qu ' il a localisé .",NA,NA,pending,-757674043131872519,0.95,"The words ""jouissions"" and ""jouit"" are both forms of the French verb ""jouir,"" which generally means ""to enjoy"" or ""to take pleasure in."" In the given contexts:

- In context_1, ""jouissions"" is used in the sense of enjoying a paradoxical freedom when they were too young for school.
- In context_2, ""jouit"" is used in the sense of the collector enjoying contact with rural life.

Both contexts involve the sense of taking pleasure or deriving enjoyment from something. Therefore, the probability that ""jouissions"" and ""jouit"" have the same meaning in these contexts is very high.

Probability: 0.95"
NA,NA,VERB,jouit,NA,NA,NA,jouir,0,NA,NA,NA,"Du côté positif , la récente action fédérale a largement sapé la sanction légale dont jouit depuis si longtemps la position ségrégationniste ; des lois antidiscriminatoires dans le domaine de logement ont maintenant été adoptées par treize États et , bien que des dispositions spécifiques aient varié , la tendance est clairement à l' élargissement de la couverture .",NA,NA,pending,-757674043131872519,0.95,"The words ""jouissions"" and ""jouit"" are both forms of the verb ""jouir"" in French, which generally means ""to enjoy"" or ""to benefit from."" In the provided contexts:

- In context_1, ""jouissions"" is used in the sense of enjoying or experiencing a paradoxical freedom when they were too young for school.
- In context_2, ""jouit"" is used in the sense of benefiting from or having a legal sanction for a long time.

Both contexts involve the idea of experiencing or having the benefit of something, although the specific things being enjoyed or benefited from are different (freedom in the first context and legal sanction in the second). The core meaning of ""to enjoy"" or ""to benefit from"" is consistent in both uses.

Therefore, the probability that ""jouissions"" and ""jouit"" have the same meaning in a dictionary is very high, around 95%."
NA,NA,VERB,lancé,NA,NA,NA,lancer,0,NA,NA,NA,"Le plus célèbre de tous a été lancé par l' explosion de l' île de Krakatoa en 1883 ; il a traversé le Pacifique à 300 miles à l' heure , dévasté les côtes de Java et Sumatra avec des vagues de 100 à 130 pieds de haut , et a frappé la côte aussi loin que San Francisco .",NA,NA,pending,-7125255449865617377,1.0,reference word
NA,NA,VERB,lancés,NA,NA,NA,lancer,0,NA,NA,NA,"Mais à cours de dernières années de bateaux ont été lancés dans des zones où , il ya peu de temps , la seule eau à trouver était dans les puits et les abreuvoirs pour le bétail .",NA,NA,pending,-7125255449865617377,0.8,"The word ""lancé"" in context_1 refers to the initiation or triggering of an event, specifically the eruption of Krakatoa, which caused a series of waves or a tsunami. In context_2, ""lancés"" refers to the launching or setting afloat of boats in areas that were previously dry. 

Both uses of the word ""lancé"" involve the idea of starting or initiating something, but the specific actions and contexts are different: one is about a natural event (eruption leading to waves), and the other is about a human action (launching boats). Despite these differences, the core meaning of initiating or starting something is present in both contexts.

Therefore, the probability that ""lancé"" and ""lancés"" have the same meaning in a dictionary, focusing on the sense of initiating or starting, is relatively high.

Probability: 80%"
NA,NA,VERB,lancer,NA,NA,NA,lancer,0,NA,NA,NA,"Dans plusieurs cas importants , tels que l' Inde , une décennie d' efforts concentrés peut lancer ces pays dans une phase où ils peuvent poursuivre leur propre progrès économique et social avec peu ou pas d' aide gouvernementale .",NA,NA,pending,-7125255449865617377,0.8,"The word ""lancé"" in context_1 refers to the action of being set in motion or initiated, specifically describing the aftermath of the Krakatoa explosion that caused waves to be set in motion across the ocean. In context_2, ""lancer"" refers to initiating or starting a process, specifically the economic and social progress of countries. Both contexts involve the concept of initiating or setting something in motion, albeit in different scenarios (a physical event vs. a metaphorical process).

The probability that ""lancé"" and ""lancer"" have the same meaning in these contexts is relatively high, as both involve the idea of initiating or starting something. However, the specific applications differ (a natural event vs. a developmental process).

Probability: 80%"
NA,NA,NOUN,liaison,NA,NA,NA,liaison,0,NA,NA,NA,"Il y a donc la possibilité que cette liaison **f soit symétrique , bien que Douglass n' ait pu déterminer sa symétrie à partir de ses données de rayons X .",NA,NA,pending,8828708134682810405,1.0,reference word
NA,NA,NOUN,liaison,NA,NA,NA,liaison,1,NA,NA,NA,Mais la liaison a commencé avec succès dans les derniers jours de l' automne était maintenant languissant .,NA,NA,pending,-3110395182924742786,0.1,"The word ""liaison"" in French can have multiple meanings depending on the context. In context_1, ""liaison"" refers to a chemical bond, as indicated by the mention of symmetry and X-ray data, which are terms typically associated with chemistry. In context_2, ""liaison"" refers to a romantic or interpersonal relationship, as suggested by the context of it beginning successfully and then languishing, which is more characteristic of human relationships.

Given these contexts, the probability that ""liaison"" has the same meaning in both contexts is low. The word is used in two distinct senses: one scientific (chemical bond) and the other personal (relationship). Therefore, the probability that they have the same meaning is approximately 10%."
NA,NA,NOUN,liaison,NA,NA,NA,liaison,0,NA,NA,NA,"Si la liaison **f est linéaire , alors il y a trois positions raisonnables pour les atomes d' hydrogène : ( 1 ) Les atomes d' hydrogène sont centrés et donc tous se trouvent sur une feuille à mi-chemin entre les feuilles d' oxygène ; ( 2 ) tous les atomes d' hydrogène sont sur une feuille , mais la feuille est plus proche d' une feuille d' oxygène que de l' autre ; ( 3 ) les atomes d' hydrogène sont asymétriquement placés , soit à hasard ou de manière ordonnée , de sorte que certains atomes d' hydrogène sont plus proches de atomes d' oxygène supérieurs tandis que d' autres sont plus proches de atomes d' oxygène inférieurs .",NA,NA,pending,8828708134682810405,0.95,"The word ""liaison"" in both contexts refers to a chemical bond. In context_1, it discusses the symmetry of a bond as determined by X-ray data, while in context_2, it describes the linearity and positioning of hydrogen atoms in relation to the bond. Both contexts are discussing the structural and spatial characteristics of chemical bonds.

Given that both contexts are related to chemistry and describe properties of bonds, the probability that ""liaison"" has the same meaning in both contexts is very high.

Probability: 95%"
NA,NA,NOUN,logique,NA,NA,NA,logique,0,NA,NA,NA,Cela a fait un certain degré de logique .,NA,NA,pending,6599024970788261927,1.0,reference word
NA,NA,NOUN,logique,NA,NA,NA,logique,0,NA,NA,NA,""" La logique de créer un service ferroviaire fort , équilibré et compétitif à deux systèmes dans l' Est est si évidente que B. + O. s' est publiquement engagé dans l' approche décrite ici .",NA,NA,pending,6599024970788261927,0.95,"The word ""logique"" in both contexts refers to the concept of reasoning or rationality. In context_1, ""logique"" is used to describe something that makes sense or has a degree of rationality. In context_2, ""logique"" refers to the reasoning or rationale behind creating a strong and competitive railway service. Both usages pertain to the idea of logical reasoning or sound judgment.

Given this analysis, the probability that ""logique"" has the same meaning in both contexts is very high. I would estimate it to be around 95%."
NA,NA,NOUN,logique,NA,NA,NA,logique,0,NA,NA,NA,"La logique de certains menteurs , une wispe d' optimisme aussi fragile que l' odeur de fleurs tropicales qui est venue par la fenêtre ( une euphorie peut-être engendrée par la pilule Fritzie lui avait donné ) , la console pendant un moment .",NA,NA,pending,6599024970788261927,0.9,"The word ""logique"" in both contexts refers to the concept of logic or reasoning. In context_1, ""Cela a fait un certain degré de logique,"" it suggests that something made a certain degree of sense or was reasonable. In context_2, ""La logique de certains menteurs,"" it refers to the reasoning or thought process of certain liars. Both contexts use ""logique"" to describe a form of reasoning or sense-making, albeit in different scenarios.

Given that both instances of ""logique"" pertain to the concept of reasoning or logic, the probability that they have the same meaning in a dictionary is high. Therefore, the probability is approximately 90%."
NA,NA,ADJ,lourds,NA,NA,NA,lourd,0,NA,NA,NA,Seuls les os lourds de boeufs les maintenaient ancrés .,NA,NA,pending,-3657099401658189208,1.0,reference word
NA,NA,ADJ,lourds,NA,NA,NA,lourd,0,NA,NA,NA,"Puis il a remarqué les nuages qui couraient sur eux - lourds , omineux , les nuages de plomb qui se formaient alors qu' ils trancheaient sur les crêtes de collines environnantes .",NA,NA,pending,-3657099401658189208,0.6,"The word ""lourds"" in French can have different meanings based on the context. In context_1, ""lourds"" refers to the physical weight of the bones of the oxen, meaning ""heavy."" In context_2, ""lourds"" describes the clouds, suggesting they are ""heavy"" in a metaphorical sense, implying they are ominous or foreboding.

While both instances of ""lourds"" relate to the concept of heaviness, the first is literal, and the second is metaphorical. Therefore, the probability that they have the same meaning in a dictionary is moderate, as they share a common root meaning of ""heavy,"" but are applied differently in context.

Probability: 60%"
NA,NA,ADJ,lourd,NA,NA,NA,lourd,0,NA,NA,NA,Il n' était pas plus lourd qu' un enfant .,NA,NA,pending,-3657099401658189208,0.95,"To determine the probability that ""lourds"" in context_1 and ""lourd"" in context_2 have the same meaning, we need to analyze the contexts in which they are used.

In context_1, ""lourds"" is used in the phrase ""les os lourds de boeufs,"" which suggests that it refers to the physical weight or heaviness of the bones of the oxen. This implies a literal sense of being heavy.

In context_2, ""lourd"" is used in the phrase ""Il n'était pas plus lourd qu'un enfant,"" which also refers to physical weight, comparing the weight of something or someone to that of a child. This also implies a literal sense of being heavy.

Both contexts use the word to describe physical weight or heaviness. Therefore, the probability that ""lourds"" in context_1 and ""lourd"" in context_2 have the same meaning is very high.

Probability: 0.95 (95%)"
NA,NA,NOUN,malaise,NA,NA,NA,malaise,0,NA,NA,NA,Ceci est cependant symptomatique de notre malaise national .,NA,NA,pending,-7886994128715778651,1.0,reference word
NA,NA,NOUN,malaise,NA,NA,NA,malaise,1,NA,NA,NA,Mais il ne ressentait aucun malaise physique .,NA,NA,pending,1268318533036708471,0.2,"The word ""malaise"" in both contexts is used in different senses. In context_1, ""malaise"" refers to a general feeling of discomfort or unease, often used metaphorically to describe a societal or national issue. In context_2, ""malaise"" is used in a more literal sense, referring to a physical feeling of discomfort or unease.

Given these differences, the probability that ""malaise"" has the same meaning in both contexts is low. I would estimate the probability to be around 20%."
NA,NA,NOUN,malaise,NA,NA,NA,malaise,0,NA,NA,NA,"Comme symptomatique de malaise de l' homme commun , il est le plus significatif: un libéral et un catholique , élu par la peau de ses dents .",NA,NA,pending,-7886994128715778651,0.95,"The word ""malaise"" in both contexts refers to a general feeling of discomfort, unease, or dissatisfaction. In context_1, it is used to describe a national malaise, indicating a widespread sense of unease or discontent within a country. In context_2, it refers to the malaise of the common man, suggesting a similar sense of unease or dissatisfaction experienced by individuals.

Given that both contexts use ""malaise"" to describe a general state of discomfort or dissatisfaction, the probability that they have the same meaning in a dictionary is very high.

Probability: 95%"
NA,NA,NOUN,moteur,NA,NA,NA,moteur,0,NA,NA,NA,"En outre , le moteur a le sceau de l' approbation de Laboratoires de assureurs , ce qui signifie qu' il est sûr .",NA,NA,pending,1786771906469100082,1.0,reference word
NA,NA,NOUN,moteur,NA,NA,NA,moteur,0,NA,NA,NA,"Greg a claqué ses gaz sur le mur de feu et a monté le RPM , et le moteur a répondu comme s' il avait attendu .",NA,NA,pending,1786771906469100082,0.95,"The word ""moteur"" in both contexts refers to an engine or motor. In context_1, ""moteur"" is mentioned in relation to safety approval, indicating it is a mechanical device that has been certified as safe. In context_2, ""moteur"" is described in a scenario involving RPM (revolutions per minute) and response to throttle, which also clearly refers to a mechanical engine or motor.

Given that both contexts describe ""moteur"" as a mechanical device that powers something, the probability that they have the same meaning in a dictionary is very high.

Probability: 95%"
NA,NA,NOUN,moteur,NA,NA,NA,moteur,0,NA,NA,NA,L' unité se compose d' un petit moteur qui se met en marche dès qu' il est branché .,NA,NA,pending,1786771906469100082,0.95,"The word ""moteur"" in both contexts refers to a mechanical device that converts energy into motion, commonly known as an engine or motor. In context_1, ""moteur"" is described as having the approval of certain laboratories, indicating it is a type of engine that has been tested for safety. In context_2, ""moteur"" refers to a small engine that starts operating when plugged in, which is a typical function of a motor.

Given these contexts, the word ""moteur"" is used in both cases to describe a device that performs the same fundamental function of converting energy into motion. Therefore, the probability that ""moteur"" has the same meaning in both contexts is very high.

Probability: 0.95"
NA,NA,NOUN,naissance,NA,NA,NA,naissance,0,NA,NA,NA,La naissance de mythe compense la mort de l' idéal .,NA,NA,pending,-5388531625872748053,1.0,reference word
NA,NA,NOUN,naissance,NA,NA,NA,naissance,0,NA,NA,NA,"Quand j' ai regardé la date réelle de sa naissance et que je l' ai trouvé le 15 mars , j' ai réalisé que Roy était né sous le signe zodiacal droit pour un aquarelle :",NA,NA,pending,-5388531625872748053,0.9,"The word ""naissance"" in both contexts refers to the concept of ""birth."" In context_1, ""naissance"" is used metaphorically to describe the emergence or creation of a myth, while in context_2, it is used in a literal sense to refer to the actual birth date of a person. Despite the different uses (metaphorical vs. literal), the core meaning of ""naissance"" as ""birth"" remains consistent in both contexts.

Therefore, the probability that ""naissance"" has the same meaning in a dictionary in both contexts is high. I would estimate it to be around 90%."
NA,NA,NOUN,naissance,NA,NA,NA,naissance,0,NA,NA,NA,Cette durée de naissance semble typique .,NA,NA,pending,-5388531625872748053,0.85,"The word ""naissance"" in French generally means ""birth"" or ""origin."" In the provided contexts:

1. In context_1, ""La naissance de mythe compense la mort de l' idéal,"" the word ""naissance"" refers to the ""birth"" or ""emergence"" of a myth, which compensates for the death of an ideal. Here, ""naissance"" is used metaphorically to describe the beginning or creation of a concept.

2. In context_2, ""Cette durée de naissance semble typique,"" the word ""naissance"" is likely referring to the ""birth"" in a more literal sense, possibly discussing the typical duration of a birth process or the time it takes for something to be born.

While both contexts use the word ""naissance,"" the first context uses it metaphorically, while the second context uses it more literally. Despite this difference in usage, the core meaning of ""birth"" or ""beginning"" is consistent in both contexts.

Therefore, the probability that ""naissance"" has the same meaning in a dictionary in both contexts is high, as the fundamental concept of ""birth"" or ""origin"" is present in both. I would estimate the probability to be around 85%."
NA,NA,ADJ,noires,NA,NA,NA,noir,0,NA,NA,NA,Bandes noires de peau accrochées à elle .,NA,NA,pending,-4244536332439926827,1.0,reference word
NA,NA,ADJ,noire,NA,NA,NA,noir,0,NA,NA,NA,"La bonne était très noire et très énergique , garnie d' un uniforme de pique jaune .",NA,NA,pending,-4244536332439926827,0.9,"To determine the probability that ""noires"" in the first context and ""noire"" in the second context have the same meaning, we need to analyze the contexts in which they are used.

1. **Context 1**: ""Bandes noires de peau accrochées à elle."" 
   - Here, ""noires"" is an adjective describing ""bandes de peau"" (strips of skin). The word ""noires"" is used to describe the color of these strips, indicating they are black.

2. **Context 2**: ""La bonne était très noire et très énergique, garnie d'un uniforme de pique jaune.""
   - In this context, ""noire"" is an adjective describing ""la bonne"" (the maid). It is used to describe the skin color of the maid, indicating she is black.

In both contexts, ""noires"" and ""noire"" are used as adjectives to describe the color black. The first context describes the color of skin strips, while the second describes the skin color of a person. Despite the different subjects (skin strips vs. a person), the core meaning of the word ""noire"" as a color descriptor remains consistent.

Therefore, the probability that ""noires"" in the first context and ""noire"" in the second context have the same meaning (as a color descriptor) is high.

**Probability: 0.9 (90%)**"
NA,NA,ADJ,noirs,NA,NA,NA,noir,0,NA,NA,NA,"Dies , par exemple , il a déduit à partir de points noirs sur une surface blanche .",NA,NA,pending,-4244536332439926827,0.95,"To determine the probability that ""noires"" and ""noirs"" have the same meaning in the given contexts, we need to analyze the contexts in which these words are used.

1. **Context 1**: ""Bandes noires de peau accrochées à elle."" 
   - Here, ""noires"" is an adjective describing ""bandes"" (strips) of skin. The word ""noires"" is the feminine plural form of ""noir,"" meaning ""black"" in English. It describes the color of the skin strips.

2. **Context 2**: ""Dies, par exemple, il a déduit à partir de points noirs sur une surface blanche.""
   - In this context, ""noirs"" is an adjective describing ""points"" (dots or spots). The word ""noirs"" is the masculine plural form of ""noir,"" also meaning ""black"" in English. It describes the color of the spots on a white surface.

Both ""noires"" and ""noirs"" are forms of the adjective ""noir,"" which means ""black."" The difference in form is due to grammatical gender and number agreement in French: ""noires"" is feminine plural, while ""noirs"" is masculine plural. However, the core meaning of ""black"" remains the same in both contexts.

Given this analysis, the probability that ""noires"" and ""noirs"" have the same meaning in a dictionary is very high, as they both refer to the color black, just in different grammatical forms.

**Probability: 95%**"
NA,NA,VERB,négligés,NA,NA,NA,négliger,0,NA,NA,NA,"Très facilement , ils peuvent être négligés et finalement rejoindre les rangs de non concernés et inactifs .",NA,NA,pending,732222686862636074,1.0,reference word
NA,NA,VERB,négligé,NA,NA,NA,négliger,0,NA,NA,NA,"Ils étaient principalement concernés par la possibilité de décès d' un parent et la complication de la vie avec le survivant par la suite , mais le décès possible de son propre conjoint n' a pas été négligé .",NA,NA,pending,732222686862636074,0.95,"The word ""négligés"" in context_1 and ""négligé"" in context_2 both derive from the verb ""négliger,"" which means ""to neglect"" or ""to overlook."" In both contexts, the words are used in the sense of something being overlooked or not given proper attention. 

In context_1, ""négligés"" refers to people or things that can be easily overlooked and become inactive or unconcerned. In context_2, ""négligé"" refers to the possibility of a spouse's death being overlooked or not considered.

Given that both instances involve the concept of neglecting or overlooking something, the probability that they have the same meaning in a dictionary is very high.

Probability: 0.95"
NA,NA,VERB,négliger,NA,NA,NA,négliger,0,NA,NA,NA,"Ayant ( à travers mon effort inlassable et la dévotion ) obtenu stardom , une fortune et une épouse de renommée mondiale à un âge où la plupart de jeunes hommes votent leur premier vote , Letch a procédé à les négliger tous .",NA,NA,pending,732222686862636074,0.95,"The words ""négligés"" and ""négliger"" both derive from the same root and are related in meaning. ""Négligés"" is the past participle form of the verb ""négliger,"" which means ""to neglect"" or ""to overlook."" In the given contexts, ""négligés"" refers to things or people that are easily overlooked or neglected, while ""négliger"" refers to the act of neglecting or overlooking something or someone.

Given that both words are forms of the same verb and share the same core meaning of neglecting or overlooking, the probability that they have the same meaning in a dictionary is very high.

Probability: 95%"
NA,NA,VERB,piétiner,NA,NA,NA,piétiner,0,NA,NA,NA,Ils sont montés autour et autour pour piétiner la figure dans le sable .,NA,NA,pending,8529898875622099742,1.0,reference word
NA,NA,VERB,piétinés,NA,NA,NA,piétiner,0,NA,NA,NA,Les hôpitaux contiennent des patients piétinés par des éléphants ou écrasés par des voitures de sport .,NA,NA,pending,8529898875622099742,0.95,"The word ""piétiner"" in French generally means ""to trample"" or ""to stomp."" In both contexts provided, the word is used in a similar sense:

1. In context_1, ""piétiner la figure dans le sable"" suggests the action of trampling or stomping on a figure drawn or made in the sand.
2. In context_2, ""patients piétinés par des éléphants"" indicates people who have been trampled by elephants.

Both contexts involve the action of trampling, which is consistent with the primary meaning of ""piétiner."" Therefore, the probability that ""piétiner"" and ""piétinés"" have the same meaning in these contexts is very high.

Probability: 95%"
NA,NA,VERB,piétiner,NA,NA,NA,piétiner,0,NA,NA,NA,""" Ils vont le piétiner .",NA,NA,pending,8529898875622099742,0.8,"The word ""piétiner"" in French can have multiple meanings depending on the context. It can mean ""to trample"" or ""to stomp"" in a physical sense, or it can mean ""to make no progress"" or ""to stagnate"" in a more figurative sense.

In context_1, ""Ils sont montés autour et autour pour piétiner la figure dans le sable,"" the meaning of ""piétiner"" is likely ""to trample"" or ""to stomp,"" as it involves physically stepping on a figure in the sand.

In context_2, ""Ils vont le piétiner,"" without additional context, it is ambiguous but could also mean ""to trample"" or ""to stomp,"" possibly in a physical sense or metaphorically, such as ""to crush"" or ""to defeat"" someone or something.

Given the contexts provided, the probability that ""piétiner"" has the same meaning in both contexts is relatively high, as both can involve the physical act of trampling or stomping. However, without more context for the second sentence, there remains a slight possibility of a metaphorical interpretation.

Probability: 80%"
NA,NA,NOUN,poignée,NA,NA,NA,poignée,0,NA,NA,NA,"Les dents se sont cassées sous la torsion de Jess , et il a balancé la poignée dans une tentative d' abattre Curt ' s cerveau .",NA,NA,pending,-5372332863115853511,1.0,reference word
NA,NA,NOUN,poignée,NA,NA,NA,poignée,1,NA,NA,NA,""" Seule une poignée relative de ces informations a été reçue "" , a déclaré le jury , "" compte tenu de l' intérêt général pour les élections , le nombre d' électeurs et la taille de cette ville "" .",NA,NA,pending,-3263049489998223214,0.05,"The word ""poignée"" in French can have multiple meanings. In context_1, ""poignée"" refers to a ""handle"" or ""grip,"" as it is something that Jess is physically holding and using to swing. In context_2, ""poignée"" is used metaphorically to mean a ""handful"" or a small amount, referring to a limited quantity of information received.

Given these contexts, the probability that ""poignée"" has the same meaning in both contexts is very low. The meanings are distinct: one is a physical object (handle), and the other is a metaphorical quantity (handful).

Probability: 5%"
NA,NA,NOUN,poignée,NA,NA,NA,poignée,0,NA,NA,NA,"Chaque poignée en laiton et charnière brillait pour sa récompense , et il savait comment se rendre à la poussière dans les fleurs de Chine et comment descendre les longues gouttes de verre qui pendaient de lustre .",NA,NA,pending,-5372332863115853511,0.9,"The word ""poignée"" in French can have multiple meanings, including ""handle"" or ""grip."" In context_1, ""poignée"" refers to a handle, likely of a weapon or tool, that Jess is using in an attempt to strike someone. In context_2, ""poignée"" refers to a handle, likely of a door or drawer, that is made of brass and is polished to shine.

Both contexts use ""poignée"" to mean ""handle,"" but they refer to different types of handles in different scenarios. Despite the different applications, the core meaning of ""handle"" remains the same.

Therefore, the probability that ""poignée"" has the same meaning in both contexts is high. I would estimate it to be around 90%."
NA,NA,ADJ,probable,NA,NA,NA,probable,0,NA,NA,NA,"Faute de trouver ce qui était voulu , comme il était le plus probable , consultez d' autres invités , avec une attention spéciale - mais pas exclusive - à ceux avec des chambres dans la rue .",NA,NA,pending,-2865219993110505467,1.0,reference word
NA,NA,ADJ,probable,NA,NA,NA,probable,0,NA,NA,NA,"Une fois de plus , Tom Horn était le premier et le plus probable suspect , et il a été amené pour interrogatoire immédiatement .",NA,NA,pending,-2865219993110505467,0.95,"The probability that ""probable"" in both contexts has the same meaning is very high. In both contexts, ""probable"" is used as an adjective to describe something that is likely to happen or be true. In context_1, it refers to the likelihood of a certain situation or outcome, and in context_2, it refers to the likelihood of a person being a suspect. The core meaning of ""probable"" as indicating likelihood or high chance is consistent in both uses. Therefore, the probability that they have the same meaning is approximately 95%."
NA,NA,ADJ,probable,NA,NA,NA,probable,0,NA,NA,NA,"Il est fort probable qu' une zone encore plus grande ait été couverte , en particulier sous le vent .",NA,NA,pending,-2865219993110505467,0.95,"The word ""probable"" in both contexts refers to the likelihood or high chance of something being true or occurring. In context_1, ""probable"" is used to describe the most likely scenario or outcome when something desired is not found. In context_2, ""probable"" is used to express a strong likelihood that a larger area was covered, especially downwind.

Given that both instances of ""probable"" are used to convey the likelihood or high chance of an event or situation, the probability that they have the same meaning in a dictionary is very high.

Probability: 95%"
NA,NA,ADJ,proche,NA,NA,NA,proche,0,NA,NA,NA,"Mimésis est la chose la plus proche possible de la re-vivance réelle de l' expérience , dans laquelle la personne imaginante récupère à travers de images quelque chose de la force et de la profondeur caractéristique de l' expérience elle-même .",NA,NA,pending,-6891477246207500510,1.0,reference word
NA,NA,ADJ,proche,NA,NA,NA,proche,1,NA,NA,NA,"Le temps de foin était proche , et ils avaient besoin de branches fortes pour réparer une grille de foin .",NA,NA,pending,-383836490105502085,0.1,"The word ""proche"" in both contexts is used as an adjective, but it has different meanings in each context. 

In context_1, ""proche"" is used to mean ""close"" or ""nearest"" in terms of similarity or resemblance, referring to how closely something resembles or approximates something else.

In context_2, ""proche"" is used to mean ""near"" or ""approaching"" in terms of time, indicating that the time for haymaking is soon or imminent.

Given these different uses, the probability that ""proche"" has the same meaning in both contexts is low. I would estimate the probability to be around 10%."
NA,NA,ADJ,proche,NA,NA,NA,proche,2,NA,NA,NA,Le nègre était proche derrière lui .,NA,NA,pending,-5276910519078198451,0.3,"The word ""proche"" in French can have different meanings depending on the context. In context_1, ""proche"" is used to mean ""near"" or ""close"" in terms of time, indicating that the time for haymaking was approaching. In context_2, ""proche"" is used to mean ""close"" or ""near"" in terms of physical proximity, indicating that the person was physically close behind someone else.

While both uses of ""proche"" involve the concept of closeness, the first context refers to temporal proximity, and the second context refers to spatial proximity. Therefore, the probability that ""proche"" has the same meaning in both contexts is low, as they refer to different types of proximity.

Probability: 30%"
NA,NA,VERB,promu,NA,NA,NA,promouvoir,0,NA,NA,NA,"Comme j' ai grandi et a été promu , ainsi était -il , toujours où j' étais .",NA,NA,pending,6544914725534650022,1.0,reference word
NA,NA,VERB,promouvoir,NA,NA,NA,promouvoir,1,NA,NA,NA,"Quelques jours avant de voir votre mention de ce que faisaient les libéraux de Texas pour promouvoir "" Louis Capet "" [ "" La Semaine "" , 3 juin ] , une autre analogie m' était arrivée .",NA,NA,pending,1651840696561953656,0.2,"The words ""promu"" and ""promouvoir"" are related but have different meanings. ""Promu"" is the past participle of the verb ""promouvoir,"" which means ""to promote."" In the context provided, ""promu"" refers to someone who has been promoted, indicating a change in status or position. On the other hand, ""promouvoir"" in the second context refers to the act of promoting something, such as an idea or event.

Given these contexts, the probability that ""promu"" and ""promouvoir"" have the same meaning in a dictionary is low. ""Promu"" is a form of the verb ""promouvoir"" but specifically refers to the result of the action (being promoted), while ""promouvoir"" refers to the action itself (to promote).

Probability: 20%"
NA,NA,VERB,promu,NA,NA,NA,promouvoir,0,NA,NA,NA,Son pouvoir était si grand qu' il a même promu et rétrogradé les dieux selon qu' ils avaient écouté ou étaient sourds à pétitions .,NA,NA,pending,6544914725534650022,0.95,"The word ""promu"" in both contexts is used as a verb meaning ""to promote."" In context_1, it refers to someone being promoted in a general sense, likely in a career or status. In context_2, it refers to the act of promoting gods, which is metaphorical but still involves the concept of elevating status or rank. Despite the different subjects and settings, the core meaning of ""promu"" as ""to promote"" remains consistent in both contexts.

Probability that they have the same meaning: 95%"
NA,NA,ADJ,précédente,NA,NA,NA,précédent,0,NA,NA,NA,"Ainsi , le prix limite public est encore augmenté par une augmentation salariale donnée , plus elle a été longue depuis la précédente augmentation de prix .",NA,NA,pending,2268778683531121714,1.0,reference word
NA,NA,ADJ,précédentes,NA,NA,NA,précédent,0,NA,NA,NA,"( 1 ) vos motifs de demande de prorogation , ( 2 ) si vous avez produit des déclarations de revenus en temps opportun pour les trois années précédentes et ( 3 ) si vous étiez tenu de produire une déclaration estimative pour l' année et , dans l' affirmative , si vous avez produit et payé les paiements d' impôt estimatifs à plus tard à dates d' échéance .",NA,NA,pending,2268778683531121714,0.95,"The words ""précédente"" and ""précédentes"" are both forms of the French adjective ""précédent,"" which means ""previous"" or ""preceding."" The difference between them is grammatical: ""précédente"" is the feminine singular form, while ""précédentes"" is the feminine plural form. In both contexts provided, the words are used to describe something that came before in time.

In context_1, ""précédente"" refers to a previous price increase, while in context_2, ""précédentes"" refers to previous years. Despite the difference in grammatical number, the core meaning of ""preceding"" or ""previous"" is consistent in both contexts.

Therefore, the probability that ""précédente"" and ""précédentes"" have the same meaning in a dictionary is very high, around 95%. The difference is purely grammatical, not semantic."
NA,NA,ADJ,précédentes,NA,NA,NA,précédent,0,NA,NA,NA,"Les présentations précédentes ont porté sur le français , l' espagnol , le russe , l' italien , l' allemand et le japonais .",NA,NA,pending,2268778683531121714,0.95,"The words ""précédente"" and ""précédentes"" are both forms of the French adjective ""précédent,"" which means ""previous"" in English. The difference between them is grammatical: ""précédente"" is the feminine singular form, while ""précédentes"" is the feminine plural form. 

In the given contexts:
- In context_1, ""précédente"" refers to a previous price increase.
- In context_2, ""précédentes"" refers to previous presentations.

Both words are used to describe something that came before in time. Therefore, they share the same core meaning of ""previous"" or ""preceding.""

The probability that they have the same meaning in a dictionary is very high, around 95%, as they are simply different grammatical forms of the same adjective."
NA,NA,NOUN,publications,NA,NA,NA,publication,0,NA,NA,NA,"Ces publications , rédigées spécialement pour les gestionnaires ou les propriétaires de petites entreprises , aident indirectement les programmes de développement communautaire .",NA,NA,pending,-4295397658482243808,1.0,reference word
NA,NA,NOUN,publication,NA,NA,NA,publication,0,NA,NA,NA,"J' étais à moins conscient de la distinction dans ma présentation complète de Yokuts qui attend publication , dans laquelle , dans l' inscription ' Deux Significations Stem ' , je suis parti par astérisques les formes dans lesquelles n de tige B était * * f de tige A 3 , les non astérisés se tenant pour * * f; ou sous ' Quatre Stems ' , je suis parti par des cas d' astérisques où la combinaison n de tiges * * f était * * f .",NA,NA,pending,-4295397658482243808,0.85,"The words ""publications"" and ""publication"" in the given contexts have a high probability of having the same meaning. Both contexts refer to written works that are intended for distribution. In context_1, ""publications"" refers to materials created for business managers or owners, while in context_2, ""publication"" refers to the act of making a presentation available to the public. Despite the difference in plurality, both words relate to the concept of disseminating written content. Therefore, the probability that they have the same meaning is high."
NA,NA,NOUN,publications,NA,NA,NA,publication,0,NA,NA,NA,Il y a même des publications appelées Sick and Mad .,NA,NA,pending,-4295397658482243808,0.9,"The word ""publications"" in both contexts refers to written works that are published, such as books, magazines, or articles. In context_1, ""publications"" refers to materials specifically written for managers or small business owners, suggesting a focus on business or community development. In context_2, ""publications"" refers to works with a specific title, ""Sick and Mad,"" which could imply a thematic or genre focus.

Despite the different contexts, the core meaning of ""publications"" as written works that are made public remains consistent. Therefore, the probability that ""publications"" has the same meaning in both contexts is high.

Probability: 0.9 (90%)"
NA,NA,NOUN,publicité,NA,NA,NA,publicité,0,NA,NA,NA,"La publicité représentait 1,1 % de premiers contacts avec les nouveaux membres .",NA,NA,pending,-739161519685566342,1.0,reference word
NA,NA,NOUN,publicité,NA,NA,NA,publicité,0,NA,NA,NA,La publicité est -elle honnête ?,NA,NA,pending,-739161519685566342,0.95,"The word ""publicité"" in both contexts refers to the concept of advertising or advertisement. In context_1, ""publicité"" is used in a quantitative sense, referring to the role or impact of advertising in making first contacts with new members. In context_2, ""publicité"" is questioned in terms of its honesty, which implies a focus on the content or nature of the advertising itself.

Despite the different focuses in the contexts (impact vs. honesty), the core meaning of ""publicité"" as advertising remains consistent. Therefore, the probability that ""publicité"" has the same meaning in both contexts is very high.

Probability: 0.95 (95%)"
NA,NA,NOUN,publicité,NA,NA,NA,publicité,0,NA,NA,NA,"Les Nords ; Hathaway , le directeur de publicité de Jerry ; Livingston Birdwood , producteur de Uprising .",NA,NA,pending,-739161519685566342,0.9,"The word ""publicité"" in French can have multiple meanings, primarily ""advertising"" or ""publicity."" In context_1, ""publicité"" refers to ""advertising,"" as it is discussing the percentage of first contacts with new members, likely in a marketing or promotional context. In context_2, ""publicité"" refers to a job title, ""directeur de publicité,"" which translates to ""advertising director"" or ""publicity director,"" indicating a role related to managing advertising or publicity efforts.

Given these contexts, the word ""publicité"" is used in both instances to refer to the concept of advertising or publicity, albeit in slightly different applications (one as a general concept and the other as a job title). Therefore, the probability that they have the same meaning in a dictionary is high.

Probability: 0.9 (90%)"
NA,NA,VERB,reconnaître,NA,NA,NA,reconnaître,0,NA,NA,NA,Ce n' est pas le genre de chose que la plupart de politiciens voudraient reconnaître publiquement .,NA,NA,pending,4425218056084005393,1.0,reference word
NA,NA,VERB,reconnaissant,NA,NA,NA,reconnaître,1,NA,NA,NA,"En reconnaissant et en aidant les Juniors à s' intéresser à monde de chiens , tout aidera à créer de futurs propriétaires de chiens .",NA,NA,pending,-7513885261523547798,0.2,"The words ""reconnaître"" and ""reconnaissant"" in the given contexts have different meanings. 

- ""Reconnaître"" in context_1 refers to the act of acknowledging or admitting something, often publicly. In this case, it is about politicians acknowledging something publicly.
- ""Reconnaissant"" in context_2 is the present participle of ""reconnaître"" and is used in the sense of recognizing or acknowledging, but it is part of a phrase that implies recognizing and helping, which is more about acknowledging interest or involvement in a particular area (in this case, the world of dogs).

While both words are related to the concept of recognition, their specific meanings in these contexts are different. ""Reconnaître"" is about admitting or acknowledging a fact, while ""reconnaissant"" in this context is about recognizing and fostering interest.

Therefore, the probability that they have the same meaning in a dictionary is low, as they are used in different senses in these contexts. I would estimate the probability to be around 20%."
NA,NA,VERB,reconnaissons,NA,NA,NA,reconnaître,0,NA,NA,NA,"Nous , anciens combattants , reconnaissons le fait qu' à mesure que le temps passe , la demande de soins médicaux dans les hôpitaux de VA augmentera proportionnellement à l' âge qui favorise la maladie .",NA,NA,pending,4425218056084005393,0.9,"The word ""reconnaître"" in context_1 is used in the sense of ""admitting"" or ""acknowledging"" something publicly, which is often associated with accepting a fact or truth that might be uncomfortable or undesirable.

In context_2, ""reconnaissons"" is used in the sense of ""acknowledging"" or ""recognizing"" a fact about the increasing demand for medical care as veterans age. This also involves accepting a truth or reality.

Both contexts involve the act of acknowledging or accepting a fact or truth. Therefore, the probability that ""reconnaître"" and ""reconnaissons"" have the same meaning in these contexts is high.

Probability: 90%"
NA,NA,NOUN,respiration,NA,NA,NA,respiration,0,NA,NA,NA,Watson s' est emparé d' une profonde respiration .,NA,NA,pending,-1009674468352473913,1.0,reference word
NA,NA,NOUN,respiration,NA,NA,NA,respiration,0,NA,NA,NA,Il s' arrêta sur l' atterrissage pour maintenir sa respiration puis se pencha pour examiner la porte unique par la lumière de l' ampoule faible au-dessus .,NA,NA,pending,-1009674468352473913,0.95,"The word ""respiration"" in both contexts refers to the act of breathing. In context_1, ""Watson s'est emparé d'une profonde respiration"" translates to ""Watson took a deep breath,"" indicating the act of inhaling deeply. In context_2, ""Il s'arrêta sur l'atterrissage pour maintenir sa respiration"" translates to ""He stopped on the landing to hold his breath,"" which also involves the act of breathing, specifically controlling or holding it.

Given that both contexts involve the act of breathing, the probability that ""respiration"" has the same meaning in both contexts is very high. Therefore, the probability is:

Probability: 0.95"
NA,NA,NOUN,respiration,NA,NA,NA,respiration,0,NA,NA,NA,"J' ai pris une profonde respiration et une avalation encore plus profonde de ma boisson , et a dit , "" J'admets que retourner à Ralph Waldo Emerson pour l' humour est comme aller à une comédie musicale moderne pour la musique et la comédie "" .",NA,NA,pending,-1009674468352473913,0.95,"The probability that the word ""respiration"" has the same meaning in both contexts is very high. In both sentences, ""respiration"" refers to the act of taking a deep breath. The contexts provided do not suggest any alternative meanings for ""respiration"" beyond the literal act of breathing. Therefore, the probability that they have the same meaning is approximately 95%."
NA,NA,NOUN,robe,NA,NA,NA,robe,0,NA,NA,NA,"Elle portait une robe de coton brun , coupée à travers les hanches d' une manière qui était supposée faire son look plus mince , un empiècement mis dans la jupe et plissés flamboyants en dessous .",NA,NA,pending,7458830321657398651,1.0,reference word
NA,NA,NOUN,robes,NA,NA,NA,robe,0,NA,NA,NA,"Ici il a esquivé , assis dans leurs robes fluides de lin et de soie , jeunes filles pas encore vingt , certains sur le point d' être mariés , certains mariés un an ou deux .",NA,NA,pending,7458830321657398651,0.95,"The probability that ""robe"" in context_1 and ""robes"" in context_2 have the same meaning is very high. In both contexts, the word refers to a type of garment or dress. Context_1 describes a specific dress made of brown cotton, while context_2 refers to flowing dresses made of linen and silk worn by young women. Both contexts clearly indicate the use of ""robe"" as an article of clothing, specifically a dress. Therefore, the probability that they have the same meaning is approximately 95%."
NA,NA,NOUN,robe,NA,NA,NA,robe,0,NA,NA,NA,"Toujours , il avait aimé la façon dont elle avait regardé , dans une robe de coton fraîche , propre - jaune citron , s' il se rappelait .",NA,NA,pending,7458830321657398651,1.0,"The probability that the word ""robe"" has the same meaning in both contexts is very high, likely close to 100%. In both contexts, ""robe"" refers to a dress, specifically a garment worn by a woman. The descriptions in both contexts focus on the material and appearance of the dress, indicating that the meaning is consistent across both uses."
NA,NA,NOUN,rémunération,NA,NA,NA,rémunération,0,NA,NA,NA,"- Environ 30 % de dépenses pour le Département de la Défense en 1961 sont consacrées à dépenses de personnel militaire , y compris la rémunération de militaires actifs , de réserve et retraités .",NA,NA,pending,-2467990850890421000,1.0,reference word
NA,NA,NOUN,rémunération,NA,NA,NA,rémunération,0,NA,NA,NA,Votre climat de gestion et votre plan de rémunération de gestion attirent -ils et maintiennent -ils de gens de marketing de premier plan ?,NA,NA,pending,-2467990850890421000,0.95,"The word ""rémunération"" in both contexts refers to compensation or payment. In context_1, it is used in the context of military personnel, indicating the payment or salary given to active, reserve, and retired military members. In context_2, it refers to a management compensation plan, which is a system or strategy for paying management personnel, particularly in the marketing field.

Despite the different contexts—military personnel in the first and management/marketing in the second—the core meaning of ""rémunération"" as compensation or payment remains consistent. Therefore, the probability that ""rémunération"" has the same meaning in both contexts is very high.

Probability: 0.95"
NA,NA,NOUN,rémunération,NA,NA,NA,rémunération,0,NA,NA,NA,La loi sur la rémunération militaire de 1958 s' écarte de cette formule établie en prévoyant une augmentation de 6 % plutôt qu' une augmentation proportionnelle pour toute personne ayant pris sa retraite avant sa date d' entrée en vigueur le 1er juin 1958 .,NA,NA,pending,-2467990850890421000,0.95,"The probability that the word ""rémunération"" has the same meaning in both contexts is very high. In both contexts, ""rémunération"" refers to the compensation or payment given to military personnel, whether they are active, reserve, or retired. The contexts both deal with financial aspects related to military personnel, specifically their pay or compensation. Therefore, the meaning of ""rémunération"" is consistent across both contexts. Probability: 0.95."
NA,NA,NOUN,réseau,NA,NA,NA,réseau,0,NA,NA,NA,"Dans la figure 2 , les points de réseau sont désignés par une lettre accompagnée d' un numéro .",NA,NA,pending,8043265537269000917,1.0,reference word
NA,NA,NOUN,réseau,NA,NA,NA,réseau,1,NA,NA,NA,Un réseau de stations d' échantillonnage avait été mis en place à terre .,NA,NA,pending,-3895837780338552274,0.2,"The word ""réseau"" in French can have multiple meanings, including ""network"" and ""grid."" In context_1, ""réseau"" refers to a grid or lattice, as indicated by the mention of points designated by letters and numbers, which is typical in a grid or lattice structure. In context_2, ""réseau"" refers to a network, specifically a network of sampling stations, which is a common usage in environmental or scientific contexts.

Given these contexts, the probability that ""réseau"" has the same meaning in both contexts is low. In context_1, it refers to a grid or lattice, while in context_2, it refers to a network. Therefore, the probability that they have the same meaning is around 20%."
NA,NA,NOUN,réseau,NA,NA,NA,réseau,1,NA,NA,NA,Ce réseau organisationnel ne serait pas utile s' il n' y avait pas de règlement relatif à types de messages envoyés .,NA,NA,pending,-3895837780338552274,0.7,"The word ""réseau"" in both contexts refers to a ""network,"" but the specific meanings differ slightly based on the context:

1. In context_1, ""réseau"" refers to a network of sampling stations, which implies a physical or geographical network set up for scientific or monitoring purposes.

2. In context_2, ""réseau"" refers to an organizational network, which implies a more abstract or structural network related to communication or organizational structure.

While both uses of ""réseau"" involve the concept of a network, the specific applications are different: one is physical and related to locations, while the other is organizational and related to communication. Therefore, the probability that they have the exact same meaning in a dictionary is moderate, as they share a core concept but differ in application.

Probability: 70%"
NA,NA,NOUN,secret,NA,NA,NA,secret,0,NA,NA,NA,C' est un secret .,NA,NA,pending,-2270859635618510486,1.0,reference word
NA,NA,NOUN,secret,NA,NA,NA,secret,0,NA,NA,NA,C' était le nouvel angle publicitaire - quelque chose à propos d' une politique Lloyd's de Londres pour assurer le secret de l' ingrédient secret .,NA,NA,pending,-2270859635618510486,0.9,"To determine the probability that ""secret"" in both contexts has the same meaning, we need to analyze the usage in each sentence.

In context_1, ""C' est un secret,"" the word ""secret"" is used in a general sense, likely referring to something that is not known or is meant to be kept hidden.

In context_2, ""assurer le secret de l' ingrédient secret,"" the word ""secret"" is used in a more specific sense, referring to the confidentiality or hidden nature of a particular ingredient. Here, ""secret"" is used as a noun to describe something that is intentionally kept undisclosed.

Both contexts involve the concept of something being hidden or not publicly known. The primary meaning of ""secret"" as something that is kept from the knowledge of others is consistent in both contexts.

Therefore, the probability that ""secret"" has the same meaning in both contexts is high. I would estimate it to be around 85-90%."
NA,NA,NOUN,secret,NA,NA,NA,secret,0,NA,NA,NA,"Les tensions qui accompagnent une conscience répressive de mal , de péché ou d' un secret tourmentant sont soulagées pour les moins autonomes ou autosuffisants par la confession , la repentance et la pénitence .",NA,NA,pending,-2270859635618510486,0.7,"The word ""secret"" in both contexts is used as a noun, but the meanings are slightly different based on the context provided.

In context_1, ""C'est un secret,"" the word ""secret"" refers to something that is kept hidden or unknown, typically a piece of information that is not meant to be shared with others.

In context_2, ""un secret tourmentant,"" the word ""secret"" is used in a more specific sense, referring to a secret that causes distress or torment. It implies a deeper emotional or psychological burden associated with the secret.

While both uses of ""secret"" involve the idea of something hidden or not disclosed, the second context adds an emotional or psychological dimension to the meaning.

Given these nuances, the probability that ""secret"" has the exact same meaning in both contexts is moderate. They share a core meaning but differ in connotation and emotional impact.

Probability: 70%"
NA,NA,NOUN,Seigneur,NA,NA,NA,seigneur,0,NA,NA,NA,"Pour être le Sauveur et le Seigneur , Jésus-Christ doit être un individu historique avec une biographie toute sa propre ; il n' ose pas être un énon cosmique qui se jette sur la terre pendant un certain temps mais ne s' identifie jamais à l' histoire de l' homme .",NA,NA,pending,8295838943077811090,1.0,reference word
NA,NA,NOUN,Seigneur,NA,NA,NA,seigneur,0,NA,NA,NA,""" Combien de temps , mon Seigneur ?",NA,NA,pending,8295838943077811090,0.95,"The word ""Seigneur"" in both contexts is used in a religious or spiritual sense, referring to a figure of authority or divinity. In context_1, ""Seigneur"" is used in conjunction with ""Sauveur"" (Savior) and refers to Jesus Christ, emphasizing his role as a historical and divine figure. In context_2, ""Seigneur"" is used in a direct address, likely referring to God or a divine figure, as is common in religious texts or prayers.

Given the religious context in both instances, the probability that ""Seigneur"" has the same meaning in both contexts is high. It is used to denote a divine or authoritative figure, likely God or Jesus Christ, in both cases.

Probability: 0.95 (95%)"
NA,NA,NOUN,Seigneur,NA,NA,NA,seigneur,0,NA,NA,NA,"Pour cette raison , il l' a informé , le Seigneur a rendu le ciel bleu .",NA,NA,pending,8295838943077811090,0.95,"The word ""Seigneur"" in both contexts is likely referring to a divine or religious figure, specifically ""the Lord"" in a Christian context. In context_1, ""Seigneur"" is used in conjunction with ""Sauveur"" (Savior) and ""Jésus-Christ"" (Jesus Christ), which clearly indicates a religious meaning. In context_2, ""Seigneur"" is mentioned in relation to an action of rendering the sky blue, which also suggests a divine or supernatural being, likely referring to God or the Lord.

Given these contexts, the probability that ""Seigneur"" has the same meaning in both contexts is very high, as both refer to a divine figure, likely God or Jesus Christ in a Christian context.

Probability: 0.95"
NA,NA,NOUN,solution,NA,NA,NA,solution,0,NA,NA,NA,Cette solution de tétrachlorure de carbone de chlore a été éclairée pendant une journée après laquelle la fiole a été refermée sur un système de vide et l' excès de chlore distillé .,NA,NA,pending,617724736042488399,1.0,reference word
NA,NA,NOUN,solution,NA,NA,NA,solution,1,NA,NA,NA,"Une solution est l' acquisition de diplômes dans l' éducation , mais c' est un mauvais substitut .",NA,NA,pending,7125365492144486824,0.05,"The word ""solution"" in the provided contexts has different meanings. 

In context_1, ""solution"" refers to a chemical solution, specifically a mixture of substances (tétrachlorure de carbone and chlore) in a liquid form. This is a scientific or technical use of the term.

In context_2, ""solution"" refers to a means of solving a problem or dealing with a difficult situation, in this case, the acquisition of diplomas in education as a way to address an issue. This is a more abstract or metaphorical use of the term.

Given these distinct meanings, the probability that ""solution"" has the same meaning in both contexts is very low. I would estimate it to be around 5%."
NA,NA,NOUN,solution,NA,NA,NA,solution,0,NA,NA,NA,"Le précipité a été lavé deux fois avec une solution saturée à 80 % de * * f , dissous en petite quantité de tampon phosphate neutre de 0,1 M , dialysé contre de l' eau distillée froide jusqu' à exempt d' ions d' ammonium , et lyophilisé avec de l' azote liquide .",NA,NA,pending,617724736042488399,0.95,"The word ""solution"" in both contexts refers to a liquid mixture where a solute is dissolved in a solvent. In context_1, it refers to a solution of carbon tetrachloride and chlorine, while in context_2, it refers to a saturated solution used in a chemical process. Both usages pertain to the chemical sense of ""solution"" as a homogeneous mixture. Therefore, the probability that they have the same meaning in a dictionary is very high.

Probability: 95%"
NA,NA,VERB,souscrivons,NA,NA,NA,souscrire,0,NA,NA,NA,Nous souscrivons 500 actions de Morton Foods of Texas .,NA,NA,pending,4313143993684455294,1.0,reference word
NA,NA,VERB,souscrire,NA,NA,NA,souscrire,1,NA,NA,NA,"En outre , sur les nombreux navires en mer et dans les petites stations navales , la disponibilité de Journal a supprimé la nécessité de souscrire à plusieurs autres revues d' origine civile au-delà de la quantité désormais autorisée , afin de fournir une couverture raisonnablement comparable .",NA,NA,pending,-579930035288241072,0.3,"The word ""souscrivons"" in context_1 refers to the act of subscribing or purchasing shares, specifically 500 shares of Morton Foods of Texas. This usage is related to financial investment or acquisition of stock.

In context_2, ""souscrire"" refers to the act of subscribing to journals or magazines, which is more about obtaining a subscription to publications rather than purchasing shares.

While both instances involve the general concept of subscribing, the specific meanings differ: one is about financial investment in shares, and the other is about obtaining a subscription to publications. Therefore, the probability that they have the same meaning in a dictionary is low.

Probability: 30%"
NA,NA,VERB,souscrivant,NA,NA,NA,souscrire,0,NA,NA,NA,"Ce document a été signé par quarante-cinq personnes , souscrivant un total de deux cents actions .",NA,NA,pending,4313143993684455294,0.95,"The words ""souscrivons"" and ""souscrivant"" are both forms of the French verb ""souscrire,"" which means ""to subscribe"" or ""to sign up for."" In the given contexts, both words are used in the context of subscribing to or purchasing shares or stocks.

- In context_1, ""souscrivons"" is used in the first person plural present tense, indicating that ""we are subscribing to 500 shares of Morton Foods of Texas.""
- In context_2, ""souscrivant"" is a present participle, indicating that the document was signed by people who are subscribing to a total of 200 shares.

Both contexts involve the act of subscribing to shares, and the difference in form (tense and grammatical structure) does not affect the core meaning of the verb in these contexts.

Therefore, the probability that ""souscrivons"" and ""souscrivant"" have the same meaning in a dictionary, given these contexts, is very high.

Probability: 95%"
NA,NA,NOUN,spécificité,NA,NA,NA,spécificité,0,NA,NA,NA,"La spécificité de la coloration dans les tumeurs WTV avec * * f et * * f mais pas avec NS et * * f ou avec l' antisérum à virus jaune de la pomme de terre et * * f , et l' absence d' une telle coloration dans le tissu tumoral de la couronne de trèfle sucré , indiquent qu' un antigène de WTV était teinté .",NA,NA,pending,-4329432750783999080,1.0,reference word
NA,NA,NOUN,spécificité,NA,NA,NA,spécificité,0,NA,NA,NA,"En essayant d' améliorer la spécificité de la coloration , les antisérums marqués à la fluorescéine utilisés dans les méthodes directes et indirectes ont été traités de plusieurs façons : ( 1 ) Ils ont été passés deux fois par le Dowex-2-chlorure et traités avec des poudres insolubles à l' acétone ( Coons , 1958 ) préparées à partir de foie de souris ou de tiges de trèfle sucré saines ou de tissu biliaire de couronne produit par Agrobacterium tumefaciens ( E. F. Smith + Townsend ) Conn , sur les tiges de trèfle sucré .",NA,NA,pending,-4329432750783999080,0.95,"The probability that the word ""spécificité"" has the same meaning in both contexts is very high. In both contexts, ""spécificité"" refers to the specificity of staining or coloration in a scientific or laboratory setting, particularly in relation to identifying or distinguishing certain antigens or tissues. The contexts are both related to immunological or pathological studies, where specificity is a key concept in ensuring that the staining accurately targets the intended substances without cross-reacting with others. Therefore, the probability that ""spécificité"" has the same meaning in both contexts is approximately 95%."
NA,NA,NOUN,spécificité,NA,NA,NA,spécificité,0,NA,NA,NA,La spécificité de la coloration avec * * f a été établie comme suit: * * les sections tumorales spécifiquement tachées mais pas les sections de tiges de trèfle doux sain ou de tissu tumoral de la couronne de trèfle doux .,NA,NA,pending,-4329432750783999080,0.95,"The probability that ""spécificité"" has the same meaning in both contexts is very high. In both contexts, ""spécificité"" refers to the specificity of staining in a scientific or biological context, particularly related to how certain stains or antibodies interact with specific antigens or tissues. The contexts are discussing the specificity of staining in relation to tumors and plant tissues, indicating that the word is used in a similar technical sense in both instances. Therefore, the probability is close to 1 (or 100%)."
NA,NA,NOUN,tempête,NA,NA,NA,tempête,0,NA,NA,NA,Ils avaient pour couvrir à la fois l' obscurité et une tempête d' été .,NA,NA,pending,8048593718340400525,1.0,reference word
NA,NA,NOUN,tempêtes,NA,NA,NA,tempête,0,NA,NA,NA,"Les tempêtes de passé étaient mortes , et le grand bouleversement qui devait marquer le siècle suivant n' avait pas encore commencé à perturber l' esprit de hommes .",NA,NA,pending,8048593718340400525,0.95,"The words ""tempête"" and ""tempêtes"" are both forms of the same noun in French, with ""tempête"" being singular and ""tempêtes"" being plural. In both contexts provided, the word refers to a storm or a tumultuous weather event. 

In context_1, ""tempête"" is used to describe a summer storm, while in context_2, ""tempêtes"" refers to past storms, likely metaphorical for past upheavals or disturbances. Despite the slight difference in usage (literal vs. potentially metaphorical), the core meaning related to a storm or disturbance remains consistent.

Therefore, the probability that ""tempête"" and ""tempêtes"" have the same meaning in a dictionary is very high. I would estimate it at around 95%."
NA,NA,NOUN,tempête,NA,NA,NA,tempête,0,NA,NA,NA,"Après la tempête , le ciel a dégagé bleu et frais , et l' air parfumé a balayé les collines .",NA,NA,pending,8048593718340400525,0.95,"The word ""tempête"" in both contexts refers to a storm. In context_1, it is described as a ""tempête d'été"" (summer storm), and in context_2, it is simply referred to as ""la tempête"" (the storm). Both contexts imply a weather-related event characterized by turbulent atmospheric conditions. Given that both instances of ""tempête"" refer to the same general concept of a storm, the probability that they have the same meaning in a dictionary is very high.

Probability: 95%"
NA,NA,NOUN,transitions,NA,NA,NA,transition,0,NA,NA,NA,Personne ne niera que ces grands développements et transitions sont d' un grand intérêt intrinsèque et que l' étude de idées dans la littérature serait malheureusement incomplète sans leur référence fréquente .,NA,NA,pending,-941663797106595329,1.0,reference word
NA,NA,NOUN,transitions,NA,NA,NA,transition,1,NA,NA,NA,"Comme les méthodes conventionnelles sont insensibles à basses fréquences de ces transitions moléculaires , la méthode de résonance paramagnétique est utilisée à la place .",NA,NA,pending,-5834737826079291695,0.2,"The word ""transitions"" in both contexts refers to changes or shifts, but they are used in different domains. In context_1, ""transitions"" refers to changes or developments in ideas or themes within literature, which is more abstract and conceptual. In context_2, ""transitions"" refers to molecular transitions, which are specific changes in the state of molecules, a concept used in the field of chemistry or physics.

Given these differences, the probability that ""transitions"" has the same meaning in both contexts is low. The word is used in different domains with distinct meanings. Therefore, the probability is around 20%."
NA,NA,NOUN,transition,NA,NA,NA,transition,0,NA,NA,NA,"L ' un d' eux est la < < dissolution > > , qui permet une transition visuellement fluide d ' une scène à l' autre .",NA,NA,pending,-941663797106595329,0.9,"The words ""transitions"" and ""transition"" in the given contexts both refer to the concept of change or movement from one state or condition to another. In context_1, ""transitions"" refers to significant developments and changes in ideas within literature. In context_2, ""transition"" refers to a smooth visual change from one scene to another. Despite the different contexts—literary ideas versus visual scenes—the core meaning of moving from one state to another is consistent in both cases.

Therefore, the probability that ""transitions"" and ""transition"" have the same meaning in a dictionary is high. I would estimate it to be around 90%."
NA,NA,ADV,très,NA,NA,NA,très,0,NA,NA,NA,"Non , ce n' est pas très juste .",NA,NA,pending,7552015341559788580,1.0,reference word
NA,NA,ADV,très,NA,NA,NA,très,0,NA,NA,NA,"Le travail d' Aeschbacher est très semblable à celui de Schnabel , mais le son sur son disque Decca est daté , et vous aurez de mal à localiser une copie de celui-ci .",NA,NA,pending,7552015341559788580,1.0,"The word ""très"" in both contexts is used as an adverb meaning ""very"" in English. In context_1, ""très"" is used to modify ""juste"" (fair), and in context_2, it modifies ""semblable"" (similar). In both cases, ""très"" serves the same function of intensifying the adjective it precedes. Therefore, the probability that ""très"" has the same meaning in both contexts is very high, close to 100%."
NA,NA,ADV,Très,NA,NA,NA,très,0,NA,NA,NA,"Très souvent , les abeilles forment une majorité sur les chatons de saule .",NA,NA,pending,7552015341559788580,0.95,"The word ""très"" in French is an adverb that means ""very"" or ""extremely"" in English. In both contexts provided, ""très"" is used as an intensifier to modify an adjective or adverb. 

- In context_1, ""très"" is used to intensify the adjective ""juste"" (fair/right), meaning ""not very fair/right.""
- In context_2, ""très"" is used to intensify the adverb ""souvent"" (often), meaning ""very often.""

In both cases, ""très"" serves the same function as an intensifier, modifying the degree of the adjective or adverb it precedes. Therefore, the probability that ""très"" has the same meaning in both contexts is very high.

Probability: 95%"
NA,NA,NOUN,électricité,NA,NA,NA,électricité,0,NA,NA,NA,Il a été agité par l' annonce de la découverte de Volta de l' électricité chimique et il a immédiatement appliqué la pile voltaïque à des expériences avec des acides et alcalis .,NA,NA,pending,-8971541196792157206,1.0,reference word
NA,NA,NOUN,électricité,NA,NA,NA,électricité,0,NA,NA,NA,L' électricité joue un rôle si important dans la vie communautaire aujourd'hui qu' il est difficile d' envisager un moment où le courant n' était pas disponible pour une utilisation quotidienne .,NA,NA,pending,-8971541196792157206,0.95,"The probability that the word ""électricité"" has the same meaning in both contexts is very high, close to 100%. In both contexts, ""électricité"" refers to the physical phenomenon involving electric charge and its applications. In context_1, it is about the discovery and experimental application of electricity, specifically chemical electricity as discovered by Volta. In context_2, it refers to the essential role of electricity in modern community life. Both contexts are discussing the same fundamental concept of electricity, albeit in different scenarios."
NA,NA,NOUN,électricité,NA,NA,NA,électricité,0,NA,NA,NA,"Il faut essayer de voir si l ' électricité , dans son stade le plus latent , a une action quelconque sur l' aimant en tant que tel > > .",NA,NA,pending,-8971541196792157206,0.95,"The probability that the word ""électricité"" has the same meaning in both contexts is very high. In both contexts, ""électricité"" refers to the physical phenomenon involving electric charge and its effects, which is a fundamental concept in physics. The first context discusses the discovery of chemical electricity and its application in experiments, while the second context considers the potential effects of electricity on a magnet. Both contexts are related to the scientific and physical properties of electricity, indicating that the word is used with the same meaning in both instances. Therefore, the probability is close to 1 (or 100%)."
NA,NA,VERB,étendre,NA,NA,NA,étendre,0,NA,NA,NA,"Siège de système Nassau est un lieu de plus en plus occupé de nos jours , menaçant de s' étendre au-delà de ses frontières .",NA,NA,pending,3442273505391288356,1.0,reference word
NA,NA,VERB,étendu,NA,NA,NA,étendre,0,NA,NA,NA,L'air bleu sans limite a été étendu sur le zénith comme la peau d' un tambour .,NA,NA,pending,3442273505391288356,0.8,"The word ""étendre"" in context_1 refers to the action of expanding or spreading out beyond boundaries. In context_2, ""étendu"" is used in a metaphorical sense to describe the sky being spread out or stretched over the zenith.

Both contexts involve the concept of spreading or extending, but context_1 is more about expansion beyond limits, while context_2 is about covering or stretching over an area. Despite the slight difference in nuance, the core meaning of spreading or extending is present in both.

Therefore, the probability that ""étendre"" and ""étendu"" have the same meaning in these contexts is relatively high. I would estimate it to be around 80%."
NA,NA,VERB,étend,NA,NA,NA,étendre,0,NA,NA,NA,"Dr Bonnor soutient l' idée que l' univers s' étend et se contracte , que dans plusieurs milliards d' années l' expansion se ralentira et s' inversera et que la contraction se mettra en place .",NA,NA,pending,3442273505391288356,0.9,"The probability that ""étendre"" in context_1 and ""étend"" in context_2 have the same meaning is high. In both contexts, the verb ""étendre"" is used in the sense of expanding or spreading out. In context_1, it refers to the expansion of a location beyond its borders, while in context_2, it refers to the expansion of the universe. Both usages involve the concept of something increasing in size or scope. Therefore, the probability that they have the same meaning is around 90%."
