id,task,entity,body,annotator,document,created,target
aedcbced-7599-45f1-a8e5-96c7313f733a,d3ce7764-eb85-4999-b965-c028f539ee33,371a5d39-6e41-427f-8e1f-6bf64504e080,"{'text': 'se replier', 'context': ""1. L'armée était en difficulté, il était préférable de se replier."", 'proba': 1.0, 'process': 'reference word'}",d34602e1-1664-42cb-b139-c5cb8bcfa2a0,04386177-799b-4a62-85f2-8a20e80559b2,2024-12-27T08:10:25.258030+00:00,"{'source': '04386177-799b-4a62-85f2-8a20e80559b2', 'selector': [{'startContainer': '/', 'endContainer': '/', 'startOffset': 329, 'endOffset': 339}]}"
fe154236-d4c3-4962-a702-620b6fd1cb0f,default,371a5d39-6e41-427f-8e1f-6bf64504e080,"{'text': 'se replier', 'context': ""1. L'armée était en difficulté, il était préférable de se replier."", 'proba': 1.0, 'process': 'reference word'}",84dcf943-f4b3-4886-a2d5-e0a3661cde64,04386177-799b-4a62-85f2-8a20e80559b2,2025-01-03T12:54:01.685584,"{'source': '04386177-799b-4a62-85f2-8a20e80559b2', 'selector': [{'startContainer': '/', 'endContainer': '/', 'startOffset': 329, 'endOffset': 339}]}"
7c38a45b-75c2-4adf-9a4d-6b1761371dae,default,1,"{'text': 'me suis repliée', 'context': '0. J’ai eu si mal au ventre, tout d’un coup, que je me suis repliée sur moi-même.', 'proba': 0.2}",fe4bab23-b07f-4e52-ac3f-7391d5aef4fb,04386177-799b-4a62-85f2-8a20e80559b2,2025-01-03T12:54:01.685827,"{'source': '04386177-799b-4a62-85f2-8a20e80559b2', 'selector': [{'startContainer': '/', 'endContainer': '/', 'startOffset': 138, 'endOffset': 153}]}"
c1c2357d-5077-42b3-a8c8-c17d5a780dfb,d3ce7764-eb85-4999-b965-c028f539ee33,1ecf29a6-9193-4a8b-9317-5dc319b94507,"{'text': 'me suis repliée', 'context': '0. J’ai eu si mal au ventre, tout d’un coup, que je me suis repliée sur moi-même.', 'proba': 0.2}",d34602e1-1664-42cb-b139-c5cb8bcfa2a0,04386177-799b-4a62-85f2-8a20e80559b2,2024-12-27T08:10:20.354481+00:00,"{'source': '04386177-799b-4a62-85f2-8a20e80559b2', 'selector': [{'startContainer': '/', 'endContainer': '/', 'startOffset': 138, 'endOffset': 153}]}"
28510d94-94c4-4e8e-9f72-14ab2b9249e1,default,0,"{'text': 'se replier', 'context': ""1. L'armée était en difficulté, il était préférable de se replier."", 'proba': 1.0, 'process': 'reference word'}",da26a09b-917d-4c13-953a-63d39bcac892,04386177-799b-4a62-85f2-8a20e80559b2,2025-01-03T12:54:01.685584,"{'source': '04386177-799b-4a62-85f2-8a20e80559b2', 'selector': [{'startContainer': '/', 'endContainer': '/', 'startOffset': 329, 'endOffset': 339}]}"
2967834c-077f-4e80-ab06-1dd821b608a1,default,0,"{'text': 'se replier', 'context': ""1. L'armée était en difficulté, il était préférable de se replier."", 'proba': 1.0, 'process': 'reference word'}",fe4bab23-b07f-4e52-ac3f-7391d5aef4fb,04386177-799b-4a62-85f2-8a20e80559b2,2025-01-03T12:54:01.685584,"{'source': '04386177-799b-4a62-85f2-8a20e80559b2', 'selector': [{'startContainer': '/', 'endContainer': '/', 'startOffset': 329, 'endOffset': 339}]}"
7aa23f5e-5d78-4fa2-abf0-8d3004129455,d3ce7764-eb85-4999-b965-c028f539ee33,1ecf29a6-9193-4a8b-9317-5dc319b94507,"{'text': 'se replier', 'context': ""1. L'armée était en difficulté, il était préférable de se replier.""}",eb9a2239-5a6c-4da5-8957-af8a90d3e880,04386177-799b-4a62-85f2-8a20e80559b2,2024-11-26T08:47:17.782035+00:00,"{'source': '04386177-799b-4a62-85f2-8a20e80559b2', 'selector': [{'startContainer': '/', 'endContainer': '/', 'startOffset': 329, 'endOffset': 339}]}"
018240a0-db7c-471c-be59-47101ee1b51f,default,0,"{'text': 'me suis repliée', 'context': '0. J’ai eu si mal au ventre, tout d’un coup, que je me suis repliée sur moi-même.', 'proba': 0.2}",da26a09b-917d-4c13-953a-63d39bcac892,04386177-799b-4a62-85f2-8a20e80559b2,2025-01-03T12:54:01.685827,"{'source': '04386177-799b-4a62-85f2-8a20e80559b2', 'selector': [{'startContainer': '/', 'endContainer': '/', 'startOffset': 138, 'endOffset': 153}]}"
c67d1e53-6b0b-4011-8aee-9ce0a481bfb1,d3ce7764-eb85-4999-b965-c028f539ee33,1ecf29a6-9193-4a8b-9317-5dc319b94507,"{'text': 'repliée', 'context': '0. J’ai eu si mal au ventre, tout d’un coup, que je me suis repliée sur moi-même.'}",e920598f-774d-4e1c-a2dc-8fb9a6f3053f,04386177-799b-4a62-85f2-8a20e80559b2,2024-11-25T09:16:05.542672+00:00,"{'source': '04386177-799b-4a62-85f2-8a20e80559b2', 'selector': [{'startContainer': '/', 'endContainer': '/', 'startOffset': 146, 'endOffset': 153}]}"
f55b699b-1ccd-4d67-acd9-c1f2435b24be,d3ce7764-eb85-4999-b965-c028f539ee33,371a5d39-6e41-427f-8e1f-6bf64504e080,"{'text': 'je me suis repliée', 'context': '0. J’ai eu si mal au ventre, tout d’un coup, que je me suis repliée sur moi-même.'}",eb9a2239-5a6c-4da5-8957-af8a90d3e880,04386177-799b-4a62-85f2-8a20e80559b2,2024-11-26T08:47:56.618143+00:00,"{'source': '04386177-799b-4a62-85f2-8a20e80559b2', 'selector': [{'startContainer': '/', 'endContainer': '/', 'startOffset': 135, 'endOffset': 153}]}"
9bf31358-1893-457c-9bdb-5e0184e6f798,d3ce7764-eb85-4999-b965-c028f539ee33,371a5d39-6e41-427f-8e1f-6bf64504e080,"{'text': 'se replier', 'context': ""1. L'armée était en difficulté, il était préférable de se replier.""}",e920598f-774d-4e1c-a2dc-8fb9a6f3053f,04386177-799b-4a62-85f2-8a20e80559b2,2024-12-13T04:21:37.999605+00:00,"{'source': '04386177-799b-4a62-85f2-8a20e80559b2', 'selector': [{'startContainer': '/', 'endContainer': '/', 'startOffset': 329, 'endOffset': 339}]}"
c5f43423-f673-43ae-9fc5-6fabc76845fb,default,1ecf29a6-9193-4a8b-9317-5dc319b94507,"{'text': 'me suis repliée', 'context': '0. J’ai eu si mal au ventre, tout d’un coup, que je me suis repliée sur moi-même.', 'proba': 0.2}",84dcf943-f4b3-4886-a2d5-e0a3661cde64,04386177-799b-4a62-85f2-8a20e80559b2,2025-01-03T12:54:01.685827,"{'source': '04386177-799b-4a62-85f2-8a20e80559b2', 'selector': [{'startContainer': '/', 'endContainer': '/', 'startOffset': 138, 'endOffset': 153}]}"
edb3e40f-5e80-4892-85af-ba78905abce2,default,0,"{'text': 'se disputait', 'context': '0. La mère se disputait avec son fils en public, c’était gênant.', 'proba': 1.0, 'process': 'reference word'}",fe4bab23-b07f-4e52-ac3f-7391d5aef4fb,e6e4ac30-bd74-4a70-bfeb-924ed7f065c0,2025-01-03T12:54:01.685879,"{'source': 'e6e4ac30-bd74-4a70-bfeb-924ed7f065c0', 'selector': [{'startContainer': '/', 'endContainer': '/', 'startOffset': 98, 'endOffset': 110}]}"
0345bcf5-3ab3-4773-a670-3a77be64d56f,d3ce7764-eb85-4999-b965-c028f539ee33,1ecf29a6-9193-4a8b-9317-5dc319b94507,"{'text': 'se disputent', 'context': '1. Mes parents se disputent tout le temps, c’est triste.'}",eb9a2239-5a6c-4da5-8957-af8a90d3e880,e6e4ac30-bd74-4a70-bfeb-924ed7f065c0,2024-11-26T09:16:06.782604+00:00,"{'source': 'e6e4ac30-bd74-4a70-bfeb-924ed7f065c0', 'selector': [{'startContainer': '/', 'endContainer': '/', 'startOffset': 274, 'endOffset': 286}]}"
7e7199ad-3908-426f-9850-9a68c32653a0,d3ce7764-eb85-4999-b965-c028f539ee33,1ecf29a6-9193-4a8b-9317-5dc319b94507,"{'text': 'se disputait', 'context': '0. La mère se disputait avec son fils en public, c’était gênant.'}",eb9a2239-5a6c-4da5-8957-af8a90d3e880,e6e4ac30-bd74-4a70-bfeb-924ed7f065c0,2024-11-26T09:16:03.567607+00:00,"{'source': 'e6e4ac30-bd74-4a70-bfeb-924ed7f065c0', 'selector': [{'startContainer': '/', 'endContainer': '/', 'startOffset': 98, 'endOffset': 110}]}"
43876563-5511-4f17-a0a6-939ddfcce728,d3ce7764-eb85-4999-b965-c028f539ee33,1ecf29a6-9193-4a8b-9317-5dc319b94507,"{'text': 'se disputait', 'context': '0. La mère se disputait avec son fils en public, c’était gênant.'}",e920598f-774d-4e1c-a2dc-8fb9a6f3053f,e6e4ac30-bd74-4a70-bfeb-924ed7f065c0,2024-11-25T10:18:47.808163+00:00,"{'source': 'e6e4ac30-bd74-4a70-bfeb-924ed7f065c0', 'selector': [{'startContainer': '/', 'endContainer': '/', 'startOffset': 98, 'endOffset': 110}]}"
aa2197c3-392f-4dd5-a667-79ac44f7744b,default,1ecf29a6-9193-4a8b-9317-5dc319b94507,"{'text': 'se disputait', 'context': '0. La mère se disputait avec son fils en public, c’était gênant.', 'proba': 1.0, 'process': 'reference word'}",84dcf943-f4b3-4886-a2d5-e0a3661cde64,e6e4ac30-bd74-4a70-bfeb-924ed7f065c0,2025-01-03T12:54:01.685879,"{'source': 'e6e4ac30-bd74-4a70-bfeb-924ed7f065c0', 'selector': [{'startContainer': '/', 'endContainer': '/', 'startOffset': 98, 'endOffset': 110}]}"
ea099aa9-3849-494a-8f2e-f7729b90709b,default,0,"{'text': 'se disputent', 'context': '1. Mes parents se disputent tout le temps, c’est triste.', 'proba': 0.9}",da26a09b-917d-4c13-953a-63d39bcac892,e6e4ac30-bd74-4a70-bfeb-924ed7f065c0,2025-01-03T12:54:01.685951,"{'source': 'e6e4ac30-bd74-4a70-bfeb-924ed7f065c0', 'selector': [{'startContainer': '/', 'endContainer': '/', 'startOffset': 274, 'endOffset': 286}]}"
495c7782-ddc3-46de-8c4e-f45467a88c1c,d3ce7764-eb85-4999-b965-c028f539ee33,1ecf29a6-9193-4a8b-9317-5dc319b94507,"{'text': 'se disputait', 'context': '0. La mère se disputait avec son fils en public, c’était gênant.', 'proba': 1.0, 'process': 'reference word'}",d34602e1-1664-42cb-b139-c5cb8bcfa2a0,e6e4ac30-bd74-4a70-bfeb-924ed7f065c0,2024-11-25T11:28:27.710659+00:00,"{'source': 'e6e4ac30-bd74-4a70-bfeb-924ed7f065c0', 'selector': [{'startContainer': '/', 'endContainer': '/', 'startOffset': 98, 'endOffset': 110}]}"
07095603-1bd4-4d74-9252-d58a03c7dc71,default,1ecf29a6-9193-4a8b-9317-5dc319b94507,"{'text': 'se disputent', 'context': '1. Mes parents se disputent tout le temps, c’est triste.', 'proba': 0.9}",84dcf943-f4b3-4886-a2d5-e0a3661cde64,e6e4ac30-bd74-4a70-bfeb-924ed7f065c0,2025-01-03T12:54:01.685951,"{'source': 'e6e4ac30-bd74-4a70-bfeb-924ed7f065c0', 'selector': [{'startContainer': '/', 'endContainer': '/', 'startOffset': 274, 'endOffset': 286}]}"
e0228824-a40d-4000-b1e1-da0bf2251deb,default,0,"{'text': 'se disputent', 'context': '1. Mes parents se disputent tout le temps, c’est triste.', 'proba': 0.9}",fe4bab23-b07f-4e52-ac3f-7391d5aef4fb,e6e4ac30-bd74-4a70-bfeb-924ed7f065c0,2025-01-03T12:54:01.685951,"{'source': 'e6e4ac30-bd74-4a70-bfeb-924ed7f065c0', 'selector': [{'startContainer': '/', 'endContainer': '/', 'startOffset': 274, 'endOffset': 286}]}"
3f0837e3-5ca8-415c-bdf8-5cd916ab0f74,d3ce7764-eb85-4999-b965-c028f539ee33,1ecf29a6-9193-4a8b-9317-5dc319b94507,"{'text': 'se disputent', 'context': '1. Mes parents se disputent tout le temps, c’est triste.'}",e920598f-774d-4e1c-a2dc-8fb9a6f3053f,e6e4ac30-bd74-4a70-bfeb-924ed7f065c0,2024-11-25T10:18:45.013539+00:00,"{'source': 'e6e4ac30-bd74-4a70-bfeb-924ed7f065c0', 'selector': [{'startContainer': '/', 'endContainer': '/', 'startOffset': 274, 'endOffset': 286}]}"
6e28479e-e528-4cb5-9485-aafac2048413,default,0,"{'text': 'se disputait', 'context': '0. La mère se disputait avec son fils en public, c’était gênant.', 'proba': 1.0, 'process': 'reference word'}",da26a09b-917d-4c13-953a-63d39bcac892,e6e4ac30-bd74-4a70-bfeb-924ed7f065c0,2025-01-03T12:54:01.685879,"{'source': 'e6e4ac30-bd74-4a70-bfeb-924ed7f065c0', 'selector': [{'startContainer': '/', 'endContainer': '/', 'startOffset': 98, 'endOffset': 110}]}"
bbd69d6a-ecda-4cdf-9dc7-70318b837344,d3ce7764-eb85-4999-b965-c028f539ee33,1ecf29a6-9193-4a8b-9317-5dc319b94507,"{'text': 'se disputent', 'context': '1. Mes parents se disputent tout le temps, c’est triste.', 'proba': 0.9}",d34602e1-1664-42cb-b139-c5cb8bcfa2a0,e6e4ac30-bd74-4a70-bfeb-924ed7f065c0,2024-11-25T11:28:31.022875+00:00,"{'source': 'e6e4ac30-bd74-4a70-bfeb-924ed7f065c0', 'selector': [{'startContainer': '/', 'endContainer': '/', 'startOffset': 274, 'endOffset': 286}]}"
daed9485-0b06-4677-8843-316526c60dfc,d3ce7764-eb85-4999-b965-c028f539ee33,371a5d39-6e41-427f-8e1f-6bf64504e080,"{'text': 's’est dit', 'context': '1. Sa fille lui manquait. Elle s’est dit que ce weekend, elle ira la voir.', 'proba': 0.2}",d34602e1-1664-42cb-b139-c5cb8bcfa2a0,dbb0e4a9-9e12-4161-bfcd-9762abec6244,2024-11-25T11:28:01.502197+00:00,"{'source': 'dbb0e4a9-9e12-4161-bfcd-9762abec6244', 'selector': [{'startContainer': '/', 'endContainer': '/', 'startOffset': 290, 'endOffset': 299}]}"
a1e6bdc0-a99d-4a67-acfd-562f564fde0a,d3ce7764-eb85-4999-b965-c028f539ee33,1ecf29a6-9193-4a8b-9317-5dc319b94507,"{'text': 'se dire', 'context': ""0. C'est mieux de tout se dire quand on veut bien s'entendre entre amis.""}",eb9a2239-5a6c-4da5-8957-af8a90d3e880,dbb0e4a9-9e12-4161-bfcd-9762abec6244,2024-11-26T09:15:39.953759+00:00,"{'source': 'dbb0e4a9-9e12-4161-bfcd-9762abec6244', 'selector': [{'startContainer': '/', 'endContainer': '/', 'startOffset': 106, 'endOffset': 113}]}"
4116bd0b-3a2e-423d-be00-05da09e42150,d3ce7764-eb85-4999-b965-c028f539ee33,371a5d39-6e41-427f-8e1f-6bf64504e080,"{'text': 's’est dit', 'context': '1. Sa fille lui manquait. Elle s’est dit que ce weekend, elle ira la voir.'}",e920598f-774d-4e1c-a2dc-8fb9a6f3053f,dbb0e4a9-9e12-4161-bfcd-9762abec6244,2024-11-25T10:18:26.469595+00:00,"{'source': 'dbb0e4a9-9e12-4161-bfcd-9762abec6244', 'selector': [{'startContainer': '/', 'endContainer': '/', 'startOffset': 290, 'endOffset': 299}]}"
ef523762-9866-41b0-ad82-80ff79a20be4,default,1ecf29a6-9193-4a8b-9317-5dc319b94507,"{'text': 'se dire', 'context': ""0. C'est mieux de tout se dire quand on veut bien s'entendre entre amis."", 'proba': 1.0, 'process': 'reference word'}",84dcf943-f4b3-4886-a2d5-e0a3661cde64,dbb0e4a9-9e12-4161-bfcd-9762abec6244,2025-01-03T12:54:01.686106,"{'source': 'dbb0e4a9-9e12-4161-bfcd-9762abec6244', 'selector': [{'startContainer': '/', 'endContainer': '/', 'startOffset': 106, 'endOffset': 113}]}"
d0ab3283-9ee9-4edd-9828-0f7b3ff3b560,default,1,"{'text': 's’est dit', 'context': '1. Sa fille lui manquait. Elle s’est dit que ce weekend, elle ira la voir.', 'proba': 0.2}",da26a09b-917d-4c13-953a-63d39bcac892,dbb0e4a9-9e12-4161-bfcd-9762abec6244,2025-01-03T12:54:01.686036,"{'source': 'dbb0e4a9-9e12-4161-bfcd-9762abec6244', 'selector': [{'startContainer': '/', 'endContainer': '/', 'startOffset': 290, 'endOffset': 299}]}"
302eff75-a473-411e-8fa4-679d113c20a9,default,0,"{'text': 'se dire', 'context': ""0. C'est mieux de tout se dire quand on veut bien s'entendre entre amis."", 'proba': 1.0, 'process': 'reference word'}",fe4bab23-b07f-4e52-ac3f-7391d5aef4fb,dbb0e4a9-9e12-4161-bfcd-9762abec6244,2025-01-03T12:54:01.686106,"{'source': 'dbb0e4a9-9e12-4161-bfcd-9762abec6244', 'selector': [{'startContainer': '/', 'endContainer': '/', 'startOffset': 106, 'endOffset': 113}]}"
6a9f3b47-4a37-4ccc-a6ef-2e06ae4430bf,d3ce7764-eb85-4999-b965-c028f539ee33,1ecf29a6-9193-4a8b-9317-5dc319b94507,"{'text': 'se dire', 'context': ""0. C'est mieux de tout se dire quand on veut bien s'entendre entre amis.""}",e920598f-774d-4e1c-a2dc-8fb9a6f3053f,dbb0e4a9-9e12-4161-bfcd-9762abec6244,2024-11-25T10:18:14.896339+00:00,"{'source': 'dbb0e4a9-9e12-4161-bfcd-9762abec6244', 'selector': [{'startContainer': '/', 'endContainer': '/', 'startOffset': 106, 'endOffset': 113}]}"
74add12f-4016-4ff6-8263-f440a1531e79,default,371a5d39-6e41-427f-8e1f-6bf64504e080,"{'text': 's’est dit', 'context': '1. Sa fille lui manquait. Elle s’est dit que ce weekend, elle ira la voir.', 'proba': 0.2}",84dcf943-f4b3-4886-a2d5-e0a3661cde64,dbb0e4a9-9e12-4161-bfcd-9762abec6244,2025-01-03T12:54:01.686036,"{'source': 'dbb0e4a9-9e12-4161-bfcd-9762abec6244', 'selector': [{'startContainer': '/', 'endContainer': '/', 'startOffset': 290, 'endOffset': 299}]}"
f1e0ab7c-97d8-4037-b24e-0202a0920213,d3ce7764-eb85-4999-b965-c028f539ee33,371a5d39-6e41-427f-8e1f-6bf64504e080,"{'text': 's’est dit', 'context': '1. Sa fille lui manquait. Elle s’est dit que ce weekend, elle ira la voir.'}",eb9a2239-5a6c-4da5-8957-af8a90d3e880,dbb0e4a9-9e12-4161-bfcd-9762abec6244,2024-11-26T09:15:44.558136+00:00,"{'source': 'dbb0e4a9-9e12-4161-bfcd-9762abec6244', 'selector': [{'startContainer': '/', 'endContainer': '/', 'startOffset': 290, 'endOffset': 299}]}"
08203d00-fb6a-4eb7-b14a-1200e8ca60b4,default,1,"{'text': 's’est dit', 'context': '1. Sa fille lui manquait. Elle s’est dit que ce weekend, elle ira la voir.', 'proba': 0.2}",fe4bab23-b07f-4e52-ac3f-7391d5aef4fb,dbb0e4a9-9e12-4161-bfcd-9762abec6244,2025-01-03T12:54:01.686036,"{'source': 'dbb0e4a9-9e12-4161-bfcd-9762abec6244', 'selector': [{'startContainer': '/', 'endContainer': '/', 'startOffset': 290, 'endOffset': 299}]}"
8efa00ac-05f7-47a1-b849-8a543f3ca898,d3ce7764-eb85-4999-b965-c028f539ee33,1ecf29a6-9193-4a8b-9317-5dc319b94507,"{'text': 'se dire', 'context': ""0. C'est mieux de tout se dire quand on veut bien s'entendre entre amis."", 'proba': 1.0, 'process': 'reference word'}",d34602e1-1664-42cb-b139-c5cb8bcfa2a0,dbb0e4a9-9e12-4161-bfcd-9762abec6244,2024-11-25T11:27:42.334586+00:00,"{'source': 'dbb0e4a9-9e12-4161-bfcd-9762abec6244', 'selector': [{'startContainer': '/', 'endContainer': '/', 'startOffset': 106, 'endOffset': 113}]}"
b7337089-1d23-448f-86a4-c16361543b58,default,0,"{'text': 'se dire', 'context': ""0. C'est mieux de tout se dire quand on veut bien s'entendre entre amis."", 'proba': 1.0, 'process': 'reference word'}",da26a09b-917d-4c13-953a-63d39bcac892,dbb0e4a9-9e12-4161-bfcd-9762abec6244,2025-01-03T12:54:01.686106,"{'source': 'dbb0e4a9-9e12-4161-bfcd-9762abec6244', 'selector': [{'startContainer': '/', 'endContainer': '/', 'startOffset': 106, 'endOffset': 113}]}"
4ff828b8-9eea-48a1-b6b1-62af9d2375f5,d3ce7764-eb85-4999-b965-c028f539ee33,1ecf29a6-9193-4a8b-9317-5dc319b94507,"{'text': ""s'oppose à"", 'context': ""0. Le syndicat s'oppose à la réduction des primes des travailleurs.""}",e920598f-774d-4e1c-a2dc-8fb9a6f3053f,2e6cfd29-c684-43c6-bfeb-d37f7558640a,2024-11-25T09:47:51.801220+00:00,"{'source': '2e6cfd29-c684-43c6-bfeb-d37f7558640a', 'selector': [{'startContainer': '/', 'endContainer': '/', 'startOffset': 102, 'endOffset': 112}]}"
8e6bf8d1-5088-402e-b89e-8cf9eace4f4b,d3ce7764-eb85-4999-b965-c028f539ee33,1ecf29a6-9193-4a8b-9317-5dc319b94507,"{'text': 'oppose', 'context': ""1. Le syndicat s'oppose à la réduction des primes des travailleurs."", 'proba': 1.0}",d34602e1-1664-42cb-b139-c5cb8bcfa2a0,2e6cfd29-c684-43c6-bfeb-d37f7558640a,2024-11-25T11:16:17.900782+00:00,"{'source': '2e6cfd29-c684-43c6-bfeb-d37f7558640a', 'selector': [{'startContainer': '/', 'endContainer': '/', 'startOffset': 279, 'endOffset': 286}]}"
2bbd27c4-f4cc-4848-9a39-0bd9a4a1d77e,default,1ecf29a6-9193-4a8b-9317-5dc319b94507,"{'text': 'oppose', 'context': ""0. Le syndicat s'oppose à la réduction des primes des travailleurs."", 'proba': 1.0, 'process': 'reference word'}",84dcf943-f4b3-4886-a2d5-e0a3661cde64,2e6cfd29-c684-43c6-bfeb-d37f7558640a,2025-01-03T12:54:01.686254,"{'source': '2e6cfd29-c684-43c6-bfeb-d37f7558640a', 'selector': [{'startContainer': '/', 'endContainer': '/', 'startOffset': 104, 'endOffset': 111}]}"
6712eb1c-e933-4e97-8b33-3e6cf82c111c,d3ce7764-eb85-4999-b965-c028f539ee33,1ecf29a6-9193-4a8b-9317-5dc319b94507,"{'text': 'oppose', 'context': ""0. Le syndicat s'oppose à la réduction des primes des travailleurs."", 'proba': 1.0, 'process': 'reference word'}",d34602e1-1664-42cb-b139-c5cb8bcfa2a0,2e6cfd29-c684-43c6-bfeb-d37f7558640a,2024-11-25T11:16:13.118692+00:00,"{'source': '2e6cfd29-c684-43c6-bfeb-d37f7558640a', 'selector': [{'startContainer': '/', 'endContainer': '/', 'startOffset': 104, 'endOffset': 111}]}"
2de24655-2ffe-4b84-a638-8296a798ea37,default,0,"{'text': 'oppose', 'context': ""1. Le syndicat s'oppose à la réduction des primes des travailleurs."", 'proba': 1.0}",fe4bab23-b07f-4e52-ac3f-7391d5aef4fb,2e6cfd29-c684-43c6-bfeb-d37f7558640a,2025-01-03T12:54:01.686186,"{'source': '2e6cfd29-c684-43c6-bfeb-d37f7558640a', 'selector': [{'startContainer': '/', 'endContainer': '/', 'startOffset': 279, 'endOffset': 286}]}"
239adc90-6018-4aa3-b09c-7c43e3bfb3b8,d3ce7764-eb85-4999-b965-c028f539ee33,1ecf29a6-9193-4a8b-9317-5dc319b94507,"{'text': ""s'oppose à"", 'context': ""1. Le syndicat s'oppose à la réduction des primes des travailleurs.""}",eb9a2239-5a6c-4da5-8957-af8a90d3e880,2e6cfd29-c684-43c6-bfeb-d37f7558640a,2024-11-26T09:03:13.225857+00:00,"{'source': '2e6cfd29-c684-43c6-bfeb-d37f7558640a', 'selector': [{'startContainer': '/', 'endContainer': '/', 'startOffset': 277, 'endOffset': 287}]}"
483d9cd2-f569-4781-86af-e485054e563d,default,0,"{'text': 'oppose', 'context': ""0. Le syndicat s'oppose à la réduction des primes des travailleurs."", 'proba': 1.0, 'process': 'reference word'}",fe4bab23-b07f-4e52-ac3f-7391d5aef4fb,2e6cfd29-c684-43c6-bfeb-d37f7558640a,2025-01-03T12:54:01.686254,"{'source': '2e6cfd29-c684-43c6-bfeb-d37f7558640a', 'selector': [{'startContainer': '/', 'endContainer': '/', 'startOffset': 104, 'endOffset': 111}]}"
e16fc801-86ae-4dfc-8d97-4a4ae4d2689a,default,0,"{'text': 'oppose', 'context': ""0. Le syndicat s'oppose à la réduction des primes des travailleurs."", 'proba': 1.0, 'process': 'reference word'}",da26a09b-917d-4c13-953a-63d39bcac892,2e6cfd29-c684-43c6-bfeb-d37f7558640a,2025-01-03T12:54:01.686254,"{'source': '2e6cfd29-c684-43c6-bfeb-d37f7558640a', 'selector': [{'startContainer': '/', 'endContainer': '/', 'startOffset': 104, 'endOffset': 111}]}"
660945d0-1159-4848-9be5-63c10c751bbd,default,1ecf29a6-9193-4a8b-9317-5dc319b94507,"{'text': 'oppose', 'context': ""1. Le syndicat s'oppose à la réduction des primes des travailleurs."", 'proba': 1.0}",84dcf943-f4b3-4886-a2d5-e0a3661cde64,2e6cfd29-c684-43c6-bfeb-d37f7558640a,2025-01-03T12:54:01.686186,"{'source': '2e6cfd29-c684-43c6-bfeb-d37f7558640a', 'selector': [{'startContainer': '/', 'endContainer': '/', 'startOffset': 279, 'endOffset': 286}]}"
280f6d4e-e02f-4f35-bebd-de7ee2bc2a4e,d3ce7764-eb85-4999-b965-c028f539ee33,1ecf29a6-9193-4a8b-9317-5dc319b94507,"{'text': ""s'oppose à"", 'context': ""0. Le syndicat s'oppose à la réduction des primes des travailleurs.""}",eb9a2239-5a6c-4da5-8957-af8a90d3e880,2e6cfd29-c684-43c6-bfeb-d37f7558640a,2024-11-26T09:03:10.195522+00:00,"{'source': '2e6cfd29-c684-43c6-bfeb-d37f7558640a', 'selector': [{'startContainer': '/', 'endContainer': '/', 'startOffset': 102, 'endOffset': 112}]}"
d9dde580-86f4-4934-b7d5-fb952159b514,default,0,"{'text': 'oppose', 'context': ""1. Le syndicat s'oppose à la réduction des primes des travailleurs."", 'proba': 1.0}",da26a09b-917d-4c13-953a-63d39bcac892,2e6cfd29-c684-43c6-bfeb-d37f7558640a,2025-01-03T12:54:01.686186,"{'source': '2e6cfd29-c684-43c6-bfeb-d37f7558640a', 'selector': [{'startContainer': '/', 'endContainer': '/', 'startOffset': 279, 'endOffset': 286}]}"
4190a96d-0075-48d3-9864-f4ad8cbaaa36,d3ce7764-eb85-4999-b965-c028f539ee33,1ecf29a6-9193-4a8b-9317-5dc319b94507,"{'text': ""s'oppose à"", 'context': ""1. Le syndicat s'oppose à la réduction des primes des travailleurs.""}",e920598f-774d-4e1c-a2dc-8fb9a6f3053f,2e6cfd29-c684-43c6-bfeb-d37f7558640a,2024-11-25T09:47:54.947696+00:00,"{'source': '2e6cfd29-c684-43c6-bfeb-d37f7558640a', 'selector': [{'startContainer': '/', 'endContainer': '/', 'startOffset': 277, 'endOffset': 287}]}"
cef765aa-fe63-4df9-8924-9a82aa50bc22,d3ce7764-eb85-4999-b965-c028f539ee33,1ecf29a6-9193-4a8b-9317-5dc319b94507,"{'text': 'réalisé', 'context': '2. Elle a réalisé sa plus belle invention en 1906.'}",e920598f-774d-4e1c-a2dc-8fb9a6f3053f,ccc599de-e8f8-4135-9ebc-4ddfa170e194,2024-11-25T10:16:49.707300+00:00,"{'source': 'ccc599de-e8f8-4135-9ebc-4ddfa170e194', 'selector': [{'startContainer': '/', 'endContainer': '/', 'startOffset': 404, 'endOffset': 411}]}"
e62e42a1-597b-4ac1-ba82-311ec49342e2,d3ce7764-eb85-4999-b965-c028f539ee33,1ecf29a6-9193-4a8b-9317-5dc319b94507,"{'text': 'réalisé', 'context': '0. Il a réalisé son rêve de devenir médecin.'}",eb9a2239-5a6c-4da5-8957-af8a90d3e880,ccc599de-e8f8-4135-9ebc-4ddfa170e194,2024-11-26T09:13:40.849898+00:00,"{'source': 'ccc599de-e8f8-4135-9ebc-4ddfa170e194', 'selector': [{'startContainer': '/', 'endContainer': '/', 'startOffset': 92, 'endOffset': 99}]}"
74213a6f-65c2-4dc3-8238-da5cdaa9a9f2,default,1ecf29a6-9193-4a8b-9317-5dc319b94507,"{'text': 'réaliser', 'context': '1. Elle a réussi à réaliser son rêve de devenir médecin.', 'proba': 1.0, 'process': 'reference word'}",84dcf943-f4b3-4886-a2d5-e0a3661cde64,ccc599de-e8f8-4135-9ebc-4ddfa170e194,2025-01-03T12:54:01.686396,"{'source': 'ccc599de-e8f8-4135-9ebc-4ddfa170e194', 'selector': [{'startContainer': '/', 'endContainer': '/', 'startOffset': 252, 'endOffset': 261}]}"
998585e1-bed3-4f03-88f2-cdab976d6cf4,default,0,"{'text': 'a réalisé', 'context': '0. Il a réalisé son rêve de devenir médecin.', 'proba': 0.95}",fe4bab23-b07f-4e52-ac3f-7391d5aef4fb,ccc599de-e8f8-4135-9ebc-4ddfa170e194,2025-01-03T12:54:01.686329,"{'source': 'ccc599de-e8f8-4135-9ebc-4ddfa170e194', 'selector': [{'startContainer': '/', 'endContainer': '/', 'startOffset': 90, 'endOffset': 99}]}"
0fb24042-5f9b-4aa0-84cb-beaa15b3dc2f,default,1ecf29a6-9193-4a8b-9317-5dc319b94507,"{'text': 'a réalisé', 'context': '0. Il a réalisé son rêve de devenir médecin.', 'proba': 0.95}",84dcf943-f4b3-4886-a2d5-e0a3661cde64,ccc599de-e8f8-4135-9ebc-4ddfa170e194,2025-01-03T12:54:01.686329,"{'source': 'ccc599de-e8f8-4135-9ebc-4ddfa170e194', 'selector': [{'startContainer': '/', 'endContainer': '/', 'startOffset': 90, 'endOffset': 99}]}"
3a9f7a3e-f21d-426f-ab5e-2b10830eda27,default,0,"{'text': 'réaliser', 'context': '1. Elle a réussi à réaliser son rêve de devenir médecin.', 'proba': 1.0, 'process': 'reference word'}",da26a09b-917d-4c13-953a-63d39bcac892,ccc599de-e8f8-4135-9ebc-4ddfa170e194,2025-01-03T12:54:01.686396,"{'source': 'ccc599de-e8f8-4135-9ebc-4ddfa170e194', 'selector': [{'startContainer': '/', 'endContainer': '/', 'startOffset': 252, 'endOffset': 261}]}"
85ad5911-dc7a-4fbf-a5e4-467a9b9404c1,d3ce7764-eb85-4999-b965-c028f539ee33,1ecf29a6-9193-4a8b-9317-5dc319b94507,"{'text': 'a réalisé', 'context': '0. Il a réalisé son rêve de devenir médecin.', 'proba': 0.95}",d34602e1-1664-42cb-b139-c5cb8bcfa2a0,ccc599de-e8f8-4135-9ebc-4ddfa170e194,2024-12-27T08:34:19.668310+00:00,"{'source': 'ccc599de-e8f8-4135-9ebc-4ddfa170e194', 'selector': [{'startContainer': '/', 'endContainer': '/', 'startOffset': 90, 'endOffset': 99}]}"
0a0efd8f-99ff-4ba7-b181-db7d2f6bc3f8,default,1ecf29a6-9193-4a8b-9317-5dc319b94507,"{'text': 'a réalisé', 'context': '2. Elle a réalisé sa plus belle invention en 1906.', 'proba': 0.8}",84dcf943-f4b3-4886-a2d5-e0a3661cde64,ccc599de-e8f8-4135-9ebc-4ddfa170e194,2025-01-03T12:54:01.686465,"{'source': 'ccc599de-e8f8-4135-9ebc-4ddfa170e194', 'selector': [{'startContainer': '/', 'endContainer': '/', 'startOffset': 402, 'endOffset': 411}]}"
59aa3696-33f0-4ccb-a2ba-961dcc25f71e,default,0,"{'text': 'a réalisé', 'context': '2. Elle a réalisé sa plus belle invention en 1906.', 'proba': 0.8}",fe4bab23-b07f-4e52-ac3f-7391d5aef4fb,ccc599de-e8f8-4135-9ebc-4ddfa170e194,2025-01-03T12:54:01.686465,"{'source': 'ccc599de-e8f8-4135-9ebc-4ddfa170e194', 'selector': [{'startContainer': '/', 'endContainer': '/', 'startOffset': 402, 'endOffset': 411}]}"
a2074549-5217-4dc2-bb47-92cd7b4ab802,default,0,"{'text': 'réaliser', 'context': '1. Elle a réussi à réaliser son rêve de devenir médecin.', 'proba': 1.0, 'process': 'reference word'}",fe4bab23-b07f-4e52-ac3f-7391d5aef4fb,ccc599de-e8f8-4135-9ebc-4ddfa170e194,2025-01-03T12:54:01.686396,"{'source': 'ccc599de-e8f8-4135-9ebc-4ddfa170e194', 'selector': [{'startContainer': '/', 'endContainer': '/', 'startOffset': 252, 'endOffset': 261}]}"
51fa26b5-b449-4891-b647-ac91013cd568,d3ce7764-eb85-4999-b965-c028f539ee33,1ecf29a6-9193-4a8b-9317-5dc319b94507,"{'text': 'réaliser', 'context': '1. Elle a réussi à réaliser son rêve de devenir médecin.'}",e920598f-774d-4e1c-a2dc-8fb9a6f3053f,ccc599de-e8f8-4135-9ebc-4ddfa170e194,2024-11-25T10:16:41.772810+00:00,"{'source': 'ccc599de-e8f8-4135-9ebc-4ddfa170e194', 'selector': [{'startContainer': '/', 'endContainer': '/', 'startOffset': 252, 'endOffset': 260}]}"
a98786b3-a38e-4fed-8145-b91ffb701352,d3ce7764-eb85-4999-b965-c028f539ee33,1ecf29a6-9193-4a8b-9317-5dc319b94507,"{'text': 'réaliser', 'context': '1. Elle a réussi à réaliser son rêve de devenir médecin.', 'proba': 1.0, 'process': 'reference word'}",d34602e1-1664-42cb-b139-c5cb8bcfa2a0,ccc599de-e8f8-4135-9ebc-4ddfa170e194,2024-12-27T08:34:29.799351+00:00,"{'source': 'ccc599de-e8f8-4135-9ebc-4ddfa170e194', 'selector': [{'startContainer': '/', 'endContainer': '/', 'startOffset': 252, 'endOffset': 261}]}"
cc9a7001-f686-434b-b1b2-6abf193cc726,d3ce7764-eb85-4999-b965-c028f539ee33,1ecf29a6-9193-4a8b-9317-5dc319b94507,"{'text': 'réalisé', 'context': '0. Il a réalisé son rêve de devenir médecin.'}",e920598f-774d-4e1c-a2dc-8fb9a6f3053f,ccc599de-e8f8-4135-9ebc-4ddfa170e194,2024-11-25T10:16:40.032943+00:00,"{'source': 'ccc599de-e8f8-4135-9ebc-4ddfa170e194', 'selector': [{'startContainer': '/', 'endContainer': '/', 'startOffset': 92, 'endOffset': 99}]}"
9e51aa73-0201-410d-89c3-372e838a6ba4,default,0,"{'text': 'a réalisé', 'context': '2. Elle a réalisé sa plus belle invention en 1906.', 'proba': 0.8}",da26a09b-917d-4c13-953a-63d39bcac892,ccc599de-e8f8-4135-9ebc-4ddfa170e194,2025-01-03T12:54:01.686465,"{'source': 'ccc599de-e8f8-4135-9ebc-4ddfa170e194', 'selector': [{'startContainer': '/', 'endContainer': '/', 'startOffset': 402, 'endOffset': 411}]}"
a30b4e70-fa9c-4dc5-b749-b83ea993d310,d3ce7764-eb85-4999-b965-c028f539ee33,371a5d39-6e41-427f-8e1f-6bf64504e080,"{'text': 'réalisé', 'context': '2. Elle a réalisé sa plus belle invention en 1906.'}",eb9a2239-5a6c-4da5-8957-af8a90d3e880,ccc599de-e8f8-4135-9ebc-4ddfa170e194,2024-11-26T09:13:52.424675+00:00,"{'source': 'ccc599de-e8f8-4135-9ebc-4ddfa170e194', 'selector': [{'startContainer': '/', 'endContainer': '/', 'startOffset': 404, 'endOffset': 411}]}"
8b89635f-7e81-46a5-acec-d6833720f2c5,default,0,"{'text': 'a réalisé', 'context': '0. Il a réalisé son rêve de devenir médecin.', 'proba': 0.95}",da26a09b-917d-4c13-953a-63d39bcac892,ccc599de-e8f8-4135-9ebc-4ddfa170e194,2025-01-03T12:54:01.686329,"{'source': 'ccc599de-e8f8-4135-9ebc-4ddfa170e194', 'selector': [{'startContainer': '/', 'endContainer': '/', 'startOffset': 90, 'endOffset': 99}]}"
26768768-ea7b-477e-a4d4-a3e00c8c97c7,d3ce7764-eb85-4999-b965-c028f539ee33,1ecf29a6-9193-4a8b-9317-5dc319b94507,"{'text': 'réaliser', 'context': '1. Elle a réussi à réaliser son rêve de devenir médecin.'}",eb9a2239-5a6c-4da5-8957-af8a90d3e880,ccc599de-e8f8-4135-9ebc-4ddfa170e194,2024-11-26T09:13:45.580041+00:00,"{'source': 'ccc599de-e8f8-4135-9ebc-4ddfa170e194', 'selector': [{'startContainer': '/', 'endContainer': '/', 'startOffset': 252, 'endOffset': 260}]}"
942cf4c2-0f14-4987-a4ca-03861bd2fb52,d3ce7764-eb85-4999-b965-c028f539ee33,1ecf29a6-9193-4a8b-9317-5dc319b94507,"{'text': 'a réalisé', 'context': '2. Elle a réalisé sa plus belle invention en 1906.', 'proba': 0.8}",d34602e1-1664-42cb-b139-c5cb8bcfa2a0,ccc599de-e8f8-4135-9ebc-4ddfa170e194,2024-12-27T08:34:55.845573+00:00,"{'source': 'ccc599de-e8f8-4135-9ebc-4ddfa170e194', 'selector': [{'startContainer': '/', 'endContainer': '/', 'startOffset': 402, 'endOffset': 411}]}"
fa5d34de-36d3-42f4-bc4b-d73292d6b9e8,default,0,"{'text': 'rayer', 'context': ""1. Vous pouvez rayer mon nom de la liste d'attente, je n’ai plus de temps."", 'proba': 1.0, 'process': 'reference word'}",fe4bab23-b07f-4e52-ac3f-7391d5aef4fb,4b3d0f15-cbd3-4c00-a111-a6a2fd3e5975,2025-01-03T12:54:01.686537,"{'source': '4b3d0f15-cbd3-4c00-a111-a6a2fd3e5975', 'selector': [{'startContainer': '/', 'endContainer': '/', 'startOffset': 285, 'endOffset': 291}]}"
3fcf9908-f100-40bc-83c5-eae6994bc418,d3ce7764-eb85-4999-b965-c028f539ee33,1ecf29a6-9193-4a8b-9317-5dc319b94507,"{'text': 'rayer', 'context': ""1. Vous pouvez rayer mon nom de la liste d'attente, je n’ai plus de temps."", 'proba': 1.0, 'process': 'reference word'}",d34602e1-1664-42cb-b139-c5cb8bcfa2a0,4b3d0f15-cbd3-4c00-a111-a6a2fd3e5975,2024-11-25T11:19:56.992038+00:00,"{'source': '4b3d0f15-cbd3-4c00-a111-a6a2fd3e5975', 'selector': [{'startContainer': '/', 'endContainer': '/', 'startOffset': 285, 'endOffset': 291}]}"
ed7ee897-6619-4e2c-9ba6-38800f9f72ed,d3ce7764-eb85-4999-b965-c028f539ee33,1ecf29a6-9193-4a8b-9317-5dc319b94507,"{'text': 'rayer', 'context': ""1. Vous pouvez rayer mon nom de la liste d'attente, je n’ai plus de temps.""}",e920598f-774d-4e1c-a2dc-8fb9a6f3053f,4b3d0f15-cbd3-4c00-a111-a6a2fd3e5975,2024-11-25T09:49:57.969676+00:00,"{'source': '4b3d0f15-cbd3-4c00-a111-a6a2fd3e5975', 'selector': [{'startContainer': '/', 'endContainer': '/', 'startOffset': 285, 'endOffset': 290}]}"
09fe6081-2ed9-47c7-ab54-ff56187f6d6d,d3ce7764-eb85-4999-b965-c028f539ee33,1ecf29a6-9193-4a8b-9317-5dc319b94507,"{'text': 'Rayer', 'context': '0. Rayer, ça veut dire barrer. Il faut encercler la bonne réponse et rayer la mauvaise.'}",eb9a2239-5a6c-4da5-8957-af8a90d3e880,4b3d0f15-cbd3-4c00-a111-a6a2fd3e5975,2024-11-26T09:06:00.631338+00:00,"{'source': '4b3d0f15-cbd3-4c00-a111-a6a2fd3e5975', 'selector': [{'startContainer': '/', 'endContainer': '/', 'startOffset': 84, 'endOffset': 89}]}"
f15f40c6-7ebe-499d-9eba-73ef72ca2b41,d3ce7764-eb85-4999-b965-c028f539ee33,1ecf29a6-9193-4a8b-9317-5dc319b94507,"{'text': 'rayer', 'context': '0. Rayer, ça veut dire barrer. Il faut encercler la bonne réponse et rayer la mauvaise.'}",e920598f-774d-4e1c-a2dc-8fb9a6f3053f,4b3d0f15-cbd3-4c00-a111-a6a2fd3e5975,2024-11-25T09:49:56.139320+00:00,"{'source': '4b3d0f15-cbd3-4c00-a111-a6a2fd3e5975', 'selector': [{'startContainer': '/', 'endContainer': '/', 'startOffset': 150, 'endOffset': 155}]}"
90f61883-2217-4fb1-894f-7dd08d67b8e1,default,1ecf29a6-9193-4a8b-9317-5dc319b94507,"{'text': 'rayer', 'context': ""1. Vous pouvez rayer mon nom de la liste d'attente, je n’ai plus de temps."", 'proba': 1.0, 'process': 'reference word'}",84dcf943-f4b3-4886-a2d5-e0a3661cde64,4b3d0f15-cbd3-4c00-a111-a6a2fd3e5975,2025-01-03T12:54:01.686537,"{'source': '4b3d0f15-cbd3-4c00-a111-a6a2fd3e5975', 'selector': [{'startContainer': '/', 'endContainer': '/', 'startOffset': 285, 'endOffset': 291}]}"
a7536967-53ea-404e-8266-5eb6fda15a2a,default,1ecf29a6-9193-4a8b-9317-5dc319b94507,"{'text': 'Rayer', 'context': '0. Rayer, ça veut dire barrer. Il faut encercler la bonne réponse et rayer la mauvaise.', 'proba': 0.9}",84dcf943-f4b3-4886-a2d5-e0a3661cde64,4b3d0f15-cbd3-4c00-a111-a6a2fd3e5975,2025-01-03T12:54:01.686605,"{'source': '4b3d0f15-cbd3-4c00-a111-a6a2fd3e5975', 'selector': [{'startContainer': '/', 'endContainer': '/', 'startOffset': 84, 'endOffset': 89}]}"
c01328ef-162f-4cd9-98a0-67dd12fa9825,default,0,"{'text': 'rayer', 'context': ""1. Vous pouvez rayer mon nom de la liste d'attente, je n’ai plus de temps."", 'proba': 1.0, 'process': 'reference word'}",da26a09b-917d-4c13-953a-63d39bcac892,4b3d0f15-cbd3-4c00-a111-a6a2fd3e5975,2025-01-03T12:54:01.686537,"{'source': '4b3d0f15-cbd3-4c00-a111-a6a2fd3e5975', 'selector': [{'startContainer': '/', 'endContainer': '/', 'startOffset': 285, 'endOffset': 291}]}"
2bf4041a-ac10-4c79-be63-671b3943829e,d3ce7764-eb85-4999-b965-c028f539ee33,1ecf29a6-9193-4a8b-9317-5dc319b94507,"{'text': 'rayer', 'context': ""1. Vous pouvez rayer mon nom de la liste d'attente, je n’ai plus de temps.""}",eb9a2239-5a6c-4da5-8957-af8a90d3e880,4b3d0f15-cbd3-4c00-a111-a6a2fd3e5975,2024-11-26T09:06:05.541721+00:00,"{'source': '4b3d0f15-cbd3-4c00-a111-a6a2fd3e5975', 'selector': [{'startContainer': '/', 'endContainer': '/', 'startOffset': 285, 'endOffset': 290}]}"
43b52e73-73f2-4442-bff4-4ba351e1c798,default,0,"{'text': 'Rayer', 'context': '0. Rayer, ça veut dire barrer. Il faut encercler la bonne réponse et rayer la mauvaise.', 'proba': 0.9}",da26a09b-917d-4c13-953a-63d39bcac892,4b3d0f15-cbd3-4c00-a111-a6a2fd3e5975,2025-01-03T12:54:01.686605,"{'source': '4b3d0f15-cbd3-4c00-a111-a6a2fd3e5975', 'selector': [{'startContainer': '/', 'endContainer': '/', 'startOffset': 84, 'endOffset': 89}]}"
a2150020-3427-444b-9f46-baadb58cf94e,d3ce7764-eb85-4999-b965-c028f539ee33,1ecf29a6-9193-4a8b-9317-5dc319b94507,"{'text': 'Rayer', 'context': '0. Rayer, ça veut dire barrer. Il faut encercler la bonne réponse et rayer la mauvaise.', 'proba': 0.9}",d34602e1-1664-42cb-b139-c5cb8bcfa2a0,4b3d0f15-cbd3-4c00-a111-a6a2fd3e5975,2024-11-25T11:19:46.608738+00:00,"{'source': '4b3d0f15-cbd3-4c00-a111-a6a2fd3e5975', 'selector': [{'startContainer': '/', 'endContainer': '/', 'startOffset': 84, 'endOffset': 89}]}"
35c5621d-f717-42cd-a510-085514230e0e,default,0,"{'text': 'Rayer', 'context': '0. Rayer, ça veut dire barrer. Il faut encercler la bonne réponse et rayer la mauvaise.', 'proba': 0.9}",fe4bab23-b07f-4e52-ac3f-7391d5aef4fb,4b3d0f15-cbd3-4c00-a111-a6a2fd3e5975,2025-01-03T12:54:01.686605,"{'source': '4b3d0f15-cbd3-4c00-a111-a6a2fd3e5975', 'selector': [{'startContainer': '/', 'endContainer': '/', 'startOffset': 84, 'endOffset': 89}]}"
46252fd1-b69d-4dc1-b0e2-ef5f8b7aab12,d3ce7764-eb85-4999-b965-c028f539ee33,1ecf29a6-9193-4a8b-9317-5dc319b94507,"{'text': 'Prends', 'context': '1. Prends un parapluie, il va pleuvoir.'}",e920598f-774d-4e1c-a2dc-8fb9a6f3053f,b7921a83-34ae-498d-b7b6-0a5eb3a78def,2024-11-25T10:15:10.907694+00:00,"{'source': 'b7921a83-34ae-498d-b7b6-0a5eb3a78def', 'selector': [{'startContainer': '/', 'endContainer': '/', 'startOffset': 220, 'endOffset': 226}]}"
0b9e1d7a-cbbd-4dc7-b610-52e7a2a2c72a,default,371a5d39-6e41-427f-8e1f-6bf64504e080,"{'text': 'Prends', 'context': '1. Prends un parapluie, il va pleuvoir.', 'proba': 1.0, 'process': 'reference word'}",84dcf943-f4b3-4886-a2d5-e0a3661cde64,b7921a83-34ae-498d-b7b6-0a5eb3a78def,2025-01-03T12:54:01.686735,"{'source': 'b7921a83-34ae-498d-b7b6-0a5eb3a78def', 'selector': [{'startContainer': '/', 'endContainer': '/', 'startOffset': 220, 'endOffset': 227}]}"
18d4a9d1-9cc6-4807-9e06-8cb070c5ffa0,default,0,"{'text': 'Prends', 'context': '1. Prends un parapluie, il va pleuvoir.', 'proba': 1.0, 'process': 'reference word'}",da26a09b-917d-4c13-953a-63d39bcac892,b7921a83-34ae-498d-b7b6-0a5eb3a78def,2025-01-03T12:54:01.686735,"{'source': 'b7921a83-34ae-498d-b7b6-0a5eb3a78def', 'selector': [{'startContainer': '/', 'endContainer': '/', 'startOffset': 220, 'endOffset': 227}]}"
a972ccfe-9c66-484a-a1b6-d7b63511252d,d3ce7764-eb85-4999-b965-c028f539ee33,1ecf29a6-9193-4a8b-9317-5dc319b94507,"{'text': 'pris', 'context': ""0. J'ai pris un café ce matin.""}",e920598f-774d-4e1c-a2dc-8fb9a6f3053f,b7921a83-34ae-498d-b7b6-0a5eb3a78def,2024-11-25T10:15:07.896180+00:00,"{'source': 'b7921a83-34ae-498d-b7b6-0a5eb3a78def', 'selector': [{'startContainer': '/', 'endContainer': '/', 'startOffset': 91, 'endOffset': 95}]}"
13b49970-183b-4a90-aed9-fc63d3cb0832,d3ce7764-eb85-4999-b965-c028f539ee33,371a5d39-6e41-427f-8e1f-6bf64504e080,"{'text': 'Prends', 'context': '1. Prends un parapluie, il va pleuvoir.', 'proba': 1.0, 'process': 'reference word'}",d34602e1-1664-42cb-b139-c5cb8bcfa2a0,b7921a83-34ae-498d-b7b6-0a5eb3a78def,2024-11-25T11:24:28.792697+00:00,"{'source': 'b7921a83-34ae-498d-b7b6-0a5eb3a78def', 'selector': [{'startContainer': '/', 'endContainer': '/', 'startOffset': 220, 'endOffset': 227}]}"
e328b9f3-4f64-4315-ab29-f28189bfc5be,default,1,"{'text': 'ai pris', 'context': ""0. J'ai pris un café ce matin."", 'proba': 0.3}",da26a09b-917d-4c13-953a-63d39bcac892,b7921a83-34ae-498d-b7b6-0a5eb3a78def,2025-01-03T12:54:01.686808,"{'source': 'b7921a83-34ae-498d-b7b6-0a5eb3a78def', 'selector': [{'startContainer': '/', 'endContainer': '/', 'startOffset': 88, 'endOffset': 95}]}"
e5788f9e-ff06-4a9c-b695-0c1053ce16fa,d3ce7764-eb85-4999-b965-c028f539ee33,1ecf29a6-9193-4a8b-9317-5dc319b94507,"{'text': 'Prends', 'context': '1. Prends un parapluie, il va pleuvoir.'}",eb9a2239-5a6c-4da5-8957-af8a90d3e880,b7921a83-34ae-498d-b7b6-0a5eb3a78def,2024-11-26T09:10:32.111081+00:00,"{'source': 'b7921a83-34ae-498d-b7b6-0a5eb3a78def', 'selector': [{'startContainer': '/', 'endContainer': '/', 'startOffset': 220, 'endOffset': 226}]}"
f6a42b09-dcee-47b2-a495-e968e5f308a1,d3ce7764-eb85-4999-b965-c028f539ee33,1ecf29a6-9193-4a8b-9317-5dc319b94507,"{'text': 'ai pris', 'context': ""0. J'ai pris un café ce matin."", 'proba': 0.3}",d34602e1-1664-42cb-b139-c5cb8bcfa2a0,b7921a83-34ae-498d-b7b6-0a5eb3a78def,2024-12-27T08:32:04.082913+00:00,"{'source': 'b7921a83-34ae-498d-b7b6-0a5eb3a78def', 'selector': [{'startContainer': '/', 'endContainer': '/', 'startOffset': 88, 'endOffset': 95}]}"
6e0aa11f-55b3-4e93-9b54-2df242da55f4,default,1,"{'text': 'ai pris', 'context': ""0. J'ai pris un café ce matin."", 'proba': 0.3}",fe4bab23-b07f-4e52-ac3f-7391d5aef4fb,b7921a83-34ae-498d-b7b6-0a5eb3a78def,2025-01-03T12:54:01.686808,"{'source': 'b7921a83-34ae-498d-b7b6-0a5eb3a78def', 'selector': [{'startContainer': '/', 'endContainer': '/', 'startOffset': 88, 'endOffset': 95}]}"
a54882fa-b48b-4420-b226-a434a0259168,default,1ecf29a6-9193-4a8b-9317-5dc319b94507,"{'text': 'ai pris', 'context': ""0. J'ai pris un café ce matin."", 'proba': 0.3}",84dcf943-f4b3-4886-a2d5-e0a3661cde64,b7921a83-34ae-498d-b7b6-0a5eb3a78def,2025-01-03T12:54:01.686808,"{'source': 'b7921a83-34ae-498d-b7b6-0a5eb3a78def', 'selector': [{'startContainer': '/', 'endContainer': '/', 'startOffset': 88, 'endOffset': 95}]}"
1ea011f7-9d10-44d1-8d3c-1d11d700cd47,default,0,"{'text': 'Prends', 'context': '1. Prends un parapluie, il va pleuvoir.', 'proba': 1.0, 'process': 'reference word'}",fe4bab23-b07f-4e52-ac3f-7391d5aef4fb,b7921a83-34ae-498d-b7b6-0a5eb3a78def,2025-01-03T12:54:01.686735,"{'source': 'b7921a83-34ae-498d-b7b6-0a5eb3a78def', 'selector': [{'startContainer': '/', 'endContainer': '/', 'startOffset': 220, 'endOffset': 227}]}"
3c95d3b0-7287-4545-9be6-7ea9a18e9375,d3ce7764-eb85-4999-b965-c028f539ee33,1ecf29a6-9193-4a8b-9317-5dc319b94507,"{'text': 'ai pris', 'context': ""0. J'ai pris un café ce matin.""}",eb9a2239-5a6c-4da5-8957-af8a90d3e880,b7921a83-34ae-498d-b7b6-0a5eb3a78def,2024-11-26T09:10:24.182897+00:00,"{'source': 'b7921a83-34ae-498d-b7b6-0a5eb3a78def', 'selector': [{'startContainer': '/', 'endContainer': '/', 'startOffset': 88, 'endOffset': 95}]}"
a9daa0dc-1d81-42c0-92f2-a212d97caf89,d3ce7764-eb85-4999-b965-c028f539ee33,371a5d39-6e41-427f-8e1f-6bf64504e080,"{'text': 'vais passer', 'context': '2. Je vais passer chez toi demain.', 'proba': 1.0, 'process': 'reference word'}",d34602e1-1664-42cb-b139-c5cb8bcfa2a0,3dfbf7db-1570-4343-ad23-f013f4b65c21,2024-12-27T08:18:16.382839+00:00,"{'source': '3dfbf7db-1570-4343-ad23-f013f4b65c21', 'selector': [{'startContainer': '/', 'endContainer': '/', 'startOffset': 391, 'endOffset': 402}]}"
4010773c-618a-4f66-9d4d-a590aa046a42,d3ce7764-eb85-4999-b965-c028f539ee33,1ecf29a6-9193-4a8b-9317-5dc319b94507,"{'text': 'passer', 'context': '2. Je vais passer chez toi demain.'}",e920598f-774d-4e1c-a2dc-8fb9a6f3053f,3dfbf7db-1570-4343-ad23-f013f4b65c21,2024-11-25T09:48:43.687813+00:00,"{'source': '3dfbf7db-1570-4343-ad23-f013f4b65c21', 'selector': [{'startContainer': '/', 'endContainer': '/', 'startOffset': 396, 'endOffset': 402}]}"
df2d03af-8c10-4e00-bd6e-135b94bea1b6,d3ce7764-eb85-4999-b965-c028f539ee33,371a5d39-6e41-427f-8e1f-6bf64504e080,"{'text': 'passé', 'context': ""3. Il a passé l'examen avec succès.""}",e920598f-774d-4e1c-a2dc-8fb9a6f3053f,3dfbf7db-1570-4343-ad23-f013f4b65c21,2024-11-25T09:48:46.067996+00:00,"{'source': '3dfbf7db-1570-4343-ad23-f013f4b65c21', 'selector': [{'startContainer': '/', 'endContainer': '/', 'startOffset': 530, 'endOffset': 535}]}"
dc6eff1c-9f4c-40e0-a061-a8bbc3766456,default,2,"{'text': 'passe', 'context': '1. Il passe devant la boulangerie tous les matins.', 'proba': 0.8}",fe4bab23-b07f-4e52-ac3f-7391d5aef4fb,3dfbf7db-1570-4343-ad23-f013f4b65c21,2025-01-03T12:54:01.687019,"{'source': '3dfbf7db-1570-4343-ad23-f013f4b65c21', 'selector': [{'startContainer': '/', 'endContainer': '/', 'startOffset': 238, 'endOffset': 244}]}"
ce37b000-ad74-46f9-b8da-9d3001927586,d3ce7764-eb85-4999-b965-c028f539ee33,1ecf29a6-9193-4a8b-9317-5dc319b94507,"{'text': 'passe', 'context': '1. Il passe devant la boulangerie tous les matins.', 'proba': 0.8}",d34602e1-1664-42cb-b139-c5cb8bcfa2a0,3dfbf7db-1570-4343-ad23-f013f4b65c21,2024-11-25T11:17:45.111337+00:00,"{'source': '3dfbf7db-1570-4343-ad23-f013f4b65c21', 'selector': [{'startContainer': '/', 'endContainer': '/', 'startOffset': 238, 'endOffset': 244}]}"
f3c65efc-5f9d-4324-9d4c-1db99808b53d,d3ce7764-eb85-4999-b965-c028f539ee33,371a5d39-6e41-427f-8e1f-6bf64504e080,"{'text': 'passer', 'context': '2. Je vais passer chez toi demain.'}",eb9a2239-5a6c-4da5-8957-af8a90d3e880,3dfbf7db-1570-4343-ad23-f013f4b65c21,2024-11-26T09:04:11.678996+00:00,"{'source': '3dfbf7db-1570-4343-ad23-f013f4b65c21', 'selector': [{'startContainer': '/', 'endContainer': '/', 'startOffset': 396, 'endOffset': 402}]}"
da58b1cf-021f-4a01-bed5-8cbb0dc161e1,default,0,"{'text': 'vais passer', 'context': '2. Je vais passer chez toi demain.', 'proba': 1.0, 'process': 'reference word'}",da26a09b-917d-4c13-953a-63d39bcac892,3dfbf7db-1570-4343-ad23-f013f4b65c21,2025-01-03T12:54:01.686950,"{'source': '3dfbf7db-1570-4343-ad23-f013f4b65c21', 'selector': [{'startContainer': '/', 'endContainer': '/', 'startOffset': 391, 'endOffset': 402}]}"
ca342cf9-e1b3-44cc-b56d-03dba560fa10,default,371a5d39-6e41-427f-8e1f-6bf64504e080,"{'text': 'vais passer', 'context': '2. Je vais passer chez toi demain.', 'proba': 1.0, 'process': 'reference word'}",84dcf943-f4b3-4886-a2d5-e0a3661cde64,3dfbf7db-1570-4343-ad23-f013f4b65c21,2025-01-03T12:54:01.686950,"{'source': '3dfbf7db-1570-4343-ad23-f013f4b65c21', 'selector': [{'startContainer': '/', 'endContainer': '/', 'startOffset': 391, 'endOffset': 402}]}"
554ce745-1fe1-4649-83d9-a0afa3f2d7ab,d3ce7764-eb85-4999-b965-c028f539ee33,4541071f-c195-4999-b9a9-4d89a5520008,"{'text': 'a passé', 'context': ""3. Il a passé l'examen avec succès."", 'proba': 0.1}",d34602e1-1664-42cb-b139-c5cb8bcfa2a0,3dfbf7db-1570-4343-ad23-f013f4b65c21,2024-12-27T08:18:04.622033+00:00,"{'source': '3dfbf7db-1570-4343-ad23-f013f4b65c21', 'selector': [{'startContainer': '/', 'endContainer': '/', 'startOffset': 528, 'endOffset': 535}]}"
b60a6a3e-0777-42d0-a8a9-ae670c070c47,default,4541071f-c195-4999-b9a9-4d89a5520008,"{'text': 'a passé', 'context': ""3. Il a passé l'examen avec succès."", 'proba': 0.1}",84dcf943-f4b3-4886-a2d5-e0a3661cde64,3dfbf7db-1570-4343-ad23-f013f4b65c21,2025-01-03T12:54:01.686883,"{'source': '3dfbf7db-1570-4343-ad23-f013f4b65c21', 'selector': [{'startContainer': '/', 'endContainer': '/', 'startOffset': 528, 'endOffset': 535}]}"
2b20c940-eb38-4c03-944a-408ea69d89a1,d3ce7764-eb85-4999-b965-c028f539ee33,1ecf29a6-9193-4a8b-9317-5dc319b94507,"{'text': 'Passez', 'context': '0. Passez par ici pour entrer dans le bâtiment.'}",e920598f-774d-4e1c-a2dc-8fb9a6f3053f,3dfbf7db-1570-4343-ad23-f013f4b65c21,2024-11-25T09:48:38.821426+00:00,"{'source': '3dfbf7db-1570-4343-ad23-f013f4b65c21', 'selector': [{'startContainer': '/', 'endContainer': '/', 'startOffset': 85, 'endOffset': 91}]}"
66dcfa92-7f13-4adc-b5d2-ca1ec12d5ef9,d3ce7764-eb85-4999-b965-c028f539ee33,1ecf29a6-9193-4a8b-9317-5dc319b94507,"{'text': 'Passez', 'context': '0. Passez par ici pour entrer dans le bâtiment.', 'proba': 0.2}",d34602e1-1664-42cb-b139-c5cb8bcfa2a0,3dfbf7db-1570-4343-ad23-f013f4b65c21,2024-11-25T11:17:42.681923+00:00,"{'source': '3dfbf7db-1570-4343-ad23-f013f4b65c21', 'selector': [{'startContainer': '/', 'endContainer': '/', 'startOffset': 85, 'endOffset': 92}]}"
0438f96b-93fd-42ed-8018-458218ea6c4f,d3ce7764-eb85-4999-b965-c028f539ee33,1ecf29a6-9193-4a8b-9317-5dc319b94507,"{'text': 'passe', 'context': '1. Il passe devant la boulangerie tous les matins.'}",e920598f-774d-4e1c-a2dc-8fb9a6f3053f,3dfbf7db-1570-4343-ad23-f013f4b65c21,2024-11-25T09:48:40.368352+00:00,"{'source': '3dfbf7db-1570-4343-ad23-f013f4b65c21', 'selector': [{'startContainer': '/', 'endContainer': '/', 'startOffset': 238, 'endOffset': 243}]}"
df3b3ee1-04f1-47e1-8c1c-7e97a72c845d,default,1,"{'text': 'a passé', 'context': ""3. Il a passé l'examen avec succès."", 'proba': 0.1}",fe4bab23-b07f-4e52-ac3f-7391d5aef4fb,3dfbf7db-1570-4343-ad23-f013f4b65c21,2025-01-03T12:54:01.686883,"{'source': '3dfbf7db-1570-4343-ad23-f013f4b65c21', 'selector': [{'startContainer': '/', 'endContainer': '/', 'startOffset': 528, 'endOffset': 535}]}"
1fde0524-7a80-4ac1-a242-01cda8549990,d3ce7764-eb85-4999-b965-c028f539ee33,1ecf29a6-9193-4a8b-9317-5dc319b94507,"{'text': 'passe', 'context': '1. Il passe devant la boulangerie tous les matins.'}",eb9a2239-5a6c-4da5-8957-af8a90d3e880,3dfbf7db-1570-4343-ad23-f013f4b65c21,2024-11-26T09:04:04.116336+00:00,"{'source': '3dfbf7db-1570-4343-ad23-f013f4b65c21', 'selector': [{'startContainer': '/', 'endContainer': '/', 'startOffset': 238, 'endOffset': 243}]}"
570d2cc7-4add-412a-ad49-652329d2966b,default,3,"{'text': 'Passez', 'context': '0. Passez par ici pour entrer dans le bâtiment.', 'proba': 0.2}",da26a09b-917d-4c13-953a-63d39bcac892,3dfbf7db-1570-4343-ad23-f013f4b65c21,2025-01-03T12:54:01.687092,"{'source': '3dfbf7db-1570-4343-ad23-f013f4b65c21', 'selector': [{'startContainer': '/', 'endContainer': '/', 'startOffset': 85, 'endOffset': 92}]}"
087ea439-5c2a-4bfe-a560-2007bf139c85,d3ce7764-eb85-4999-b965-c028f539ee33,1ecf29a6-9193-4a8b-9317-5dc319b94507,"{'text': 'Passez', 'context': '0. Passez par ici pour entrer dans le bâtiment.'}",eb9a2239-5a6c-4da5-8957-af8a90d3e880,3dfbf7db-1570-4343-ad23-f013f4b65c21,2024-11-26T09:04:00.432726+00:00,"{'source': '3dfbf7db-1570-4343-ad23-f013f4b65c21', 'selector': [{'startContainer': '/', 'endContainer': '/', 'startOffset': 85, 'endOffset': 91}]}"
d891f47a-bca5-458f-9290-1cb9b73e7500,default,2,"{'text': 'Passez', 'context': '0. Passez par ici pour entrer dans le bâtiment.', 'proba': 0.2}",fe4bab23-b07f-4e52-ac3f-7391d5aef4fb,3dfbf7db-1570-4343-ad23-f013f4b65c21,2025-01-03T12:54:01.687092,"{'source': '3dfbf7db-1570-4343-ad23-f013f4b65c21', 'selector': [{'startContainer': '/', 'endContainer': '/', 'startOffset': 85, 'endOffset': 92}]}"
d6cf8734-73f5-4b18-a684-eee68774f950,default,0,"{'text': 'vais passer', 'context': '2. Je vais passer chez toi demain.', 'proba': 1.0, 'process': 'reference word'}",fe4bab23-b07f-4e52-ac3f-7391d5aef4fb,3dfbf7db-1570-4343-ad23-f013f4b65c21,2025-01-03T12:54:01.686950,"{'source': '3dfbf7db-1570-4343-ad23-f013f4b65c21', 'selector': [{'startContainer': '/', 'endContainer': '/', 'startOffset': 391, 'endOffset': 402}]}"
75d1698b-4542-4ff6-8bf7-6663d69ec0f4,default,1,"{'text': 'a passé', 'context': ""3. Il a passé l'examen avec succès."", 'proba': 0.1}",da26a09b-917d-4c13-953a-63d39bcac892,3dfbf7db-1570-4343-ad23-f013f4b65c21,2025-01-03T12:54:01.686883,"{'source': '3dfbf7db-1570-4343-ad23-f013f4b65c21', 'selector': [{'startContainer': '/', 'endContainer': '/', 'startOffset': 528, 'endOffset': 535}]}"
e1e96c19-d277-4e39-8675-eaa27a42e7b3,default,1ecf29a6-9193-4a8b-9317-5dc319b94507,"{'text': 'Passez', 'context': '0. Passez par ici pour entrer dans le bâtiment.', 'proba': 0.2}",84dcf943-f4b3-4886-a2d5-e0a3661cde64,3dfbf7db-1570-4343-ad23-f013f4b65c21,2025-01-03T12:54:01.687092,"{'source': '3dfbf7db-1570-4343-ad23-f013f4b65c21', 'selector': [{'startContainer': '/', 'endContainer': '/', 'startOffset': 85, 'endOffset': 92}]}"
4f5b9778-9e29-41ca-a497-df3972b5ac91,default,1ecf29a6-9193-4a8b-9317-5dc319b94507,"{'text': 'passe', 'context': '1. Il passe devant la boulangerie tous les matins.', 'proba': 0.8}",84dcf943-f4b3-4886-a2d5-e0a3661cde64,3dfbf7db-1570-4343-ad23-f013f4b65c21,2025-01-03T12:54:01.687019,"{'source': '3dfbf7db-1570-4343-ad23-f013f4b65c21', 'selector': [{'startContainer': '/', 'endContainer': '/', 'startOffset': 238, 'endOffset': 244}]}"
6433cf54-4f1c-4738-8d23-760c03b4faad,default,2,"{'text': 'passe', 'context': '1. Il passe devant la boulangerie tous les matins.', 'proba': 0.8}",da26a09b-917d-4c13-953a-63d39bcac892,3dfbf7db-1570-4343-ad23-f013f4b65c21,2025-01-03T12:54:01.687019,"{'source': '3dfbf7db-1570-4343-ad23-f013f4b65c21', 'selector': [{'startContainer': '/', 'endContainer': '/', 'startOffset': 238, 'endOffset': 244}]}"
8de8ae47-c51d-40dc-b508-e1d3370dbc6d,default,1ecf29a6-9193-4a8b-9317-5dc319b94507,"{'text': 'parles', 'context': '1. Tu parles très bien français.', 'proba': 1.0, 'process': 'reference word'}",84dcf943-f4b3-4886-a2d5-e0a3661cde64,2a3d0da9-231c-48c5-b8ee-c64c958d263a,2025-01-03T12:54:01.687242,"{'source': '2a3d0da9-231c-48c5-b8ee-c64c958d263a', 'selector': [{'startContainer': '/', 'endContainer': '/', 'startOffset': 254, 'endOffset': 261}]}"
f38bbf50-0492-40e2-b27d-762996edf640,d3ce7764-eb85-4999-b965-c028f539ee33,1ecf29a6-9193-4a8b-9317-5dc319b94507,"{'text': 'parles', 'context': '1. Tu parles très bien français.'}",e920598f-774d-4e1c-a2dc-8fb9a6f3053f,2a3d0da9-231c-48c5-b8ee-c64c958d263a,2024-11-25T09:47:35.263008+00:00,"{'source': '2a3d0da9-231c-48c5-b8ee-c64c958d263a', 'selector': [{'startContainer': '/', 'endContainer': '/', 'startOffset': 254, 'endOffset': 260}]}"
b49ed0cf-f205-43cb-802f-4cd36b559ace,default,1ecf29a6-9193-4a8b-9317-5dc319b94507,"{'text': 'parle', 'context': '0. Je comprends le français mais je ne le parle pas couramment.', 'proba': 0.9}",84dcf943-f4b3-4886-a2d5-e0a3661cde64,2a3d0da9-231c-48c5-b8ee-c64c958d263a,2025-01-03T12:54:01.687172,"{'source': '2a3d0da9-231c-48c5-b8ee-c64c958d263a', 'selector': [{'startContainer': '/', 'endContainer': '/', 'startOffset': 124, 'endOffset': 130}]}"
f61e9702-6f35-4897-bdb7-2c2a9f79503c,d3ce7764-eb85-4999-b965-c028f539ee33,1ecf29a6-9193-4a8b-9317-5dc319b94507,"{'text': 'parle', 'context': '0. Je comprends le français mais je ne le parle pas couramment.', 'proba': 0.9}",d34602e1-1664-42cb-b139-c5cb8bcfa2a0,2a3d0da9-231c-48c5-b8ee-c64c958d263a,2024-11-25T11:15:54.164956+00:00,"{'source': '2a3d0da9-231c-48c5-b8ee-c64c958d263a', 'selector': [{'startContainer': '/', 'endContainer': '/', 'startOffset': 124, 'endOffset': 130}]}"
0cdc4a77-b5ea-4dd4-a3d9-db85944bbcf9,d3ce7764-eb85-4999-b965-c028f539ee33,1ecf29a6-9193-4a8b-9317-5dc319b94507,"{'text': 'parles', 'context': '1. Tu parles très bien français.'}",eb9a2239-5a6c-4da5-8957-af8a90d3e880,2a3d0da9-231c-48c5-b8ee-c64c958d263a,2024-11-26T09:02:49.609367+00:00,"{'source': '2a3d0da9-231c-48c5-b8ee-c64c958d263a', 'selector': [{'startContainer': '/', 'endContainer': '/', 'startOffset': 254, 'endOffset': 260}]}"
79dd9c37-1a9a-4957-9076-bc30db86eee1,d3ce7764-eb85-4999-b965-c028f539ee33,1ecf29a6-9193-4a8b-9317-5dc319b94507,"{'text': 'parle', 'context': '0. Je comprends le français mais je ne le parle pas couramment.'}",eb9a2239-5a6c-4da5-8957-af8a90d3e880,2a3d0da9-231c-48c5-b8ee-c64c958d263a,2024-11-26T09:02:45.310972+00:00,"{'source': '2a3d0da9-231c-48c5-b8ee-c64c958d263a', 'selector': [{'startContainer': '/', 'endContainer': '/', 'startOffset': 124, 'endOffset': 129}]}"
efd5100e-a7b0-42db-a596-ac67d0fb0f5d,default,0,"{'text': 'parles', 'context': '1. Tu parles très bien français.', 'proba': 1.0, 'process': 'reference word'}",da26a09b-917d-4c13-953a-63d39bcac892,2a3d0da9-231c-48c5-b8ee-c64c958d263a,2025-01-03T12:54:01.687242,"{'source': '2a3d0da9-231c-48c5-b8ee-c64c958d263a', 'selector': [{'startContainer': '/', 'endContainer': '/', 'startOffset': 254, 'endOffset': 261}]}"
86701d3f-cd36-42f9-933a-bcf74652e636,default,0,"{'text': 'parle', 'context': '0. Je comprends le français mais je ne le parle pas couramment.', 'proba': 0.9}",fe4bab23-b07f-4e52-ac3f-7391d5aef4fb,2a3d0da9-231c-48c5-b8ee-c64c958d263a,2025-01-03T12:54:01.687172,"{'source': '2a3d0da9-231c-48c5-b8ee-c64c958d263a', 'selector': [{'startContainer': '/', 'endContainer': '/', 'startOffset': 124, 'endOffset': 130}]}"
81d433d1-de42-4a14-ae34-60c09469b667,d3ce7764-eb85-4999-b965-c028f539ee33,1ecf29a6-9193-4a8b-9317-5dc319b94507,"{'text': 'parle', 'context': '0. Je comprends le français mais je ne le parle pas couramment.'}",e920598f-774d-4e1c-a2dc-8fb9a6f3053f,2a3d0da9-231c-48c5-b8ee-c64c958d263a,2024-11-25T09:47:35.264378+00:00,"{'source': '2a3d0da9-231c-48c5-b8ee-c64c958d263a', 'selector': [{'startContainer': '/', 'endContainer': '/', 'startOffset': 124, 'endOffset': 129}]}"
cf0458db-c2ac-4ce7-9c27-833f193d4d72,default,0,"{'text': 'parles', 'context': '1. Tu parles très bien français.', 'proba': 1.0, 'process': 'reference word'}",fe4bab23-b07f-4e52-ac3f-7391d5aef4fb,2a3d0da9-231c-48c5-b8ee-c64c958d263a,2025-01-03T12:54:01.687242,"{'source': '2a3d0da9-231c-48c5-b8ee-c64c958d263a', 'selector': [{'startContainer': '/', 'endContainer': '/', 'startOffset': 254, 'endOffset': 261}]}"
67f2932e-6be5-4b72-b180-ff0a8550a00c,default,0,"{'text': 'parle', 'context': '0. Je comprends le français mais je ne le parle pas couramment.', 'proba': 0.9}",da26a09b-917d-4c13-953a-63d39bcac892,2a3d0da9-231c-48c5-b8ee-c64c958d263a,2025-01-03T12:54:01.687172,"{'source': '2a3d0da9-231c-48c5-b8ee-c64c958d263a', 'selector': [{'startContainer': '/', 'endContainer': '/', 'startOffset': 124, 'endOffset': 130}]}"
4e96b8ab-13ca-43f7-90ff-88c66976d898,d3ce7764-eb85-4999-b965-c028f539ee33,1ecf29a6-9193-4a8b-9317-5dc319b94507,"{'text': 'parles', 'context': '1. Tu parles très bien français.', 'proba': 1.0, 'process': 'reference word'}",d34602e1-1664-42cb-b139-c5cb8bcfa2a0,2a3d0da9-231c-48c5-b8ee-c64c958d263a,2024-11-25T11:15:57.228519+00:00,"{'source': '2a3d0da9-231c-48c5-b8ee-c64c958d263a', 'selector': [{'startContainer': '/', 'endContainer': '/', 'startOffset': 254, 'endOffset': 261}]}"
bd9bd530-9ee8-4410-a4bb-247763b55cb7,d3ce7764-eb85-4999-b965-c028f539ee33,1ecf29a6-9193-4a8b-9317-5dc319b94507,"{'text': 'monté', 'context': '2. Il a monté les escaliers rapidement.'}",e920598f-774d-4e1c-a2dc-8fb9a6f3053f,a68786cf-7802-4b81-8f4f-dcb71503d5a6,2024-11-25T10:14:26.339245+00:00,"{'source': 'a68786cf-7802-4b81-8f4f-dcb71503d5a6', 'selector': [{'startContainer': '/', 'endContainer': '/', 'startOffset': 451, 'endOffset': 456}]}"
47786db1-d43b-4ceb-936f-1d4617e59d1b,default,1ecf29a6-9193-4a8b-9317-5dc319b94507,"{'text': 'monté', 'context': '0. Il a monté quelques marches d’escaliers, puis s’est senti très mal et s’est assis.', 'proba': 1.0, 'process': 'reference word'}",84dcf943-f4b3-4886-a2d5-e0a3661cde64,a68786cf-7802-4b81-8f4f-dcb71503d5a6,2025-01-03T12:54:01.687538,"{'source': 'a68786cf-7802-4b81-8f4f-dcb71503d5a6', 'selector': [{'startContainer': '/', 'endContainer': '/', 'startOffset': 90, 'endOffset': 96}]}"
61528df2-8063-44c3-8405-17d6c7f58a28,d3ce7764-eb85-4999-b965-c028f539ee33,1ecf29a6-9193-4a8b-9317-5dc319b94507,"{'text': 'monter', 'context': ""1. Il a décidé de monter les escaliers au lieu de prendre l'ascenseur.""}",e920598f-774d-4e1c-a2dc-8fb9a6f3053f,a68786cf-7802-4b81-8f4f-dcb71503d5a6,2024-11-25T10:14:19.971730+00:00,"{'source': 'a68786cf-7802-4b81-8f4f-dcb71503d5a6', 'selector': [{'startContainer': '/', 'endContainer': '/', 'startOffset': 288, 'endOffset': 294}]}"
eb47ec3c-0c82-42c0-bce6-e7e35d83df87,d3ce7764-eb85-4999-b965-c028f539ee33,1ecf29a6-9193-4a8b-9317-5dc319b94507,"{'text': 'monté', 'context': '0. Il a monté quelques marches d’escaliers, puis s’est senti très mal et s’est assis.'}",e920598f-774d-4e1c-a2dc-8fb9a6f3053f,a68786cf-7802-4b81-8f4f-dcb71503d5a6,2024-11-25T10:14:16.853254+00:00,"{'source': 'a68786cf-7802-4b81-8f4f-dcb71503d5a6', 'selector': [{'startContainer': '/', 'endContainer': '/', 'startOffset': 90, 'endOffset': 95}]}"
c62bba15-565b-4173-81bd-b28d861a317a,d3ce7764-eb85-4999-b965-c028f539ee33,1ecf29a6-9193-4a8b-9317-5dc319b94507,"{'text': 'a monté', 'context': '0. Il a monté quelques marches d’escaliers, puis s’est senti très mal et s’est assis.'}",eb9a2239-5a6c-4da5-8957-af8a90d3e880,a68786cf-7802-4b81-8f4f-dcb71503d5a6,2024-11-26T09:09:11.045216+00:00,"{'source': 'a68786cf-7802-4b81-8f4f-dcb71503d5a6', 'selector': [{'startContainer': '/', 'endContainer': '/', 'startOffset': 88, 'endOffset': 95}]}"
3393434e-4b57-4ec4-ab8a-91089839171f,default,1ecf29a6-9193-4a8b-9317-5dc319b94507,"{'text': 'monter', 'context': ""1. Il a décidé de monter les escaliers au lieu de prendre l'ascenseur."", 'proba': 0.9}",84dcf943-f4b3-4886-a2d5-e0a3661cde64,a68786cf-7802-4b81-8f4f-dcb71503d5a6,2025-01-03T12:54:01.687440,"{'source': 'a68786cf-7802-4b81-8f4f-dcb71503d5a6', 'selector': [{'startContainer': '/', 'endContainer': '/', 'startOffset': 288, 'endOffset': 295}]}"
8bc47a1a-545a-40d2-a25b-d55aebd4f391,default,0,"{'text': 'monté', 'context': '2. Il a monté les escaliers rapidement.', 'proba': 0.9}",fe4bab23-b07f-4e52-ac3f-7391d5aef4fb,a68786cf-7802-4b81-8f4f-dcb71503d5a6,2025-01-03T12:54:01.687343,"{'source': 'a68786cf-7802-4b81-8f4f-dcb71503d5a6', 'selector': [{'startContainer': '/', 'endContainer': '/', 'startOffset': 451, 'endOffset': 457}]}"
9e33be33-ff77-4f64-a847-d193df1d2eb7,d3ce7764-eb85-4999-b965-c028f539ee33,1ecf29a6-9193-4a8b-9317-5dc319b94507,"{'text': 'monté', 'context': '2. Il a monté les escaliers rapidement.', 'proba': 0.9}",d34602e1-1664-42cb-b139-c5cb8bcfa2a0,a68786cf-7802-4b81-8f4f-dcb71503d5a6,2024-11-25T11:23:35.740198+00:00,"{'source': 'a68786cf-7802-4b81-8f4f-dcb71503d5a6', 'selector': [{'startContainer': '/', 'endContainer': '/', 'startOffset': 451, 'endOffset': 457}]}"
1751b884-425b-4b5f-ad1a-fdaf783395ee,d3ce7764-eb85-4999-b965-c028f539ee33,1ecf29a6-9193-4a8b-9317-5dc319b94507,"{'text': 'a monté', 'context': '2. Il a monté les escaliers rapidement.'}",eb9a2239-5a6c-4da5-8957-af8a90d3e880,a68786cf-7802-4b81-8f4f-dcb71503d5a6,2024-11-26T09:09:18.081533+00:00,"{'source': 'a68786cf-7802-4b81-8f4f-dcb71503d5a6', 'selector': [{'startContainer': '/', 'endContainer': '/', 'startOffset': 449, 'endOffset': 456}]}"
a72910fe-5d13-45f1-8b49-2b996712c6d5,default,0,"{'text': 'monté', 'context': '2. Il a monté les escaliers rapidement.', 'proba': 0.9}",da26a09b-917d-4c13-953a-63d39bcac892,a68786cf-7802-4b81-8f4f-dcb71503d5a6,2025-01-03T12:54:01.687343,"{'source': 'a68786cf-7802-4b81-8f4f-dcb71503d5a6', 'selector': [{'startContainer': '/', 'endContainer': '/', 'startOffset': 451, 'endOffset': 457}]}"
85db117f-f708-43cd-a6c0-666c59147fc7,d3ce7764-eb85-4999-b965-c028f539ee33,1ecf29a6-9193-4a8b-9317-5dc319b94507,"{'text': 'monter', 'context': ""1. Il a décidé de monter les escaliers au lieu de prendre l'ascenseur."", 'proba': 0.9}",d34602e1-1664-42cb-b139-c5cb8bcfa2a0,a68786cf-7802-4b81-8f4f-dcb71503d5a6,2024-11-25T11:23:33.711509+00:00,"{'source': 'a68786cf-7802-4b81-8f4f-dcb71503d5a6', 'selector': [{'startContainer': '/', 'endContainer': '/', 'startOffset': 288, 'endOffset': 295}]}"
65038ae0-859f-4d65-8ce1-74a52719d350,d3ce7764-eb85-4999-b965-c028f539ee33,1ecf29a6-9193-4a8b-9317-5dc319b94507,"{'text': 'monter', 'context': ""1. Il a décidé de monter les escaliers au lieu de prendre l'ascenseur.""}",eb9a2239-5a6c-4da5-8957-af8a90d3e880,a68786cf-7802-4b81-8f4f-dcb71503d5a6,2024-11-26T09:09:14.960463+00:00,"{'source': 'a68786cf-7802-4b81-8f4f-dcb71503d5a6', 'selector': [{'startContainer': '/', 'endContainer': '/', 'startOffset': 288, 'endOffset': 294}]}"
8744be8d-8c4b-4871-9afc-f7408a178978,default,0,"{'text': 'monté', 'context': '0. Il a monté quelques marches d’escaliers, puis s’est senti très mal et s’est assis.', 'proba': 1.0, 'process': 'reference word'}",da26a09b-917d-4c13-953a-63d39bcac892,a68786cf-7802-4b81-8f4f-dcb71503d5a6,2025-01-03T12:54:01.687538,"{'source': 'a68786cf-7802-4b81-8f4f-dcb71503d5a6', 'selector': [{'startContainer': '/', 'endContainer': '/', 'startOffset': 90, 'endOffset': 96}]}"
75a180ad-d64b-452e-aaa7-dcc934df22d9,default,1ecf29a6-9193-4a8b-9317-5dc319b94507,"{'text': 'monté', 'context': '2. Il a monté les escaliers rapidement.', 'proba': 0.9}",84dcf943-f4b3-4886-a2d5-e0a3661cde64,a68786cf-7802-4b81-8f4f-dcb71503d5a6,2025-01-03T12:54:01.687343,"{'source': 'a68786cf-7802-4b81-8f4f-dcb71503d5a6', 'selector': [{'startContainer': '/', 'endContainer': '/', 'startOffset': 451, 'endOffset': 457}]}"
c8ad59e7-0e1b-446c-9094-f197a60092d7,d3ce7764-eb85-4999-b965-c028f539ee33,1ecf29a6-9193-4a8b-9317-5dc319b94507,"{'text': 'monté', 'context': '0. Il a monté quelques marches d’escaliers, puis s’est senti très mal et s’est assis.', 'proba': 1.0, 'process': 'reference word'}",d34602e1-1664-42cb-b139-c5cb8bcfa2a0,a68786cf-7802-4b81-8f4f-dcb71503d5a6,2024-11-25T11:23:31.028214+00:00,"{'source': 'a68786cf-7802-4b81-8f4f-dcb71503d5a6', 'selector': [{'startContainer': '/', 'endContainer': '/', 'startOffset': 90, 'endOffset': 96}]}"
9cc3e263-0567-4557-8af3-46a7ad1367b7,default,0,"{'text': 'monter', 'context': ""1. Il a décidé de monter les escaliers au lieu de prendre l'ascenseur."", 'proba': 0.9}",fe4bab23-b07f-4e52-ac3f-7391d5aef4fb,a68786cf-7802-4b81-8f4f-dcb71503d5a6,2025-01-03T12:54:01.687440,"{'source': 'a68786cf-7802-4b81-8f4f-dcb71503d5a6', 'selector': [{'startContainer': '/', 'endContainer': '/', 'startOffset': 288, 'endOffset': 295}]}"
d68d0312-2b6a-4ee1-964d-3672d9d357d2,default,0,"{'text': 'monter', 'context': ""1. Il a décidé de monter les escaliers au lieu de prendre l'ascenseur."", 'proba': 0.9}",da26a09b-917d-4c13-953a-63d39bcac892,a68786cf-7802-4b81-8f4f-dcb71503d5a6,2025-01-03T12:54:01.687440,"{'source': 'a68786cf-7802-4b81-8f4f-dcb71503d5a6', 'selector': [{'startContainer': '/', 'endContainer': '/', 'startOffset': 288, 'endOffset': 295}]}"
c4d69f05-6b99-49ee-b92b-c9395f2ae63e,default,0,"{'text': 'monté', 'context': '0. Il a monté quelques marches d’escaliers, puis s’est senti très mal et s’est assis.', 'proba': 1.0, 'process': 'reference word'}",fe4bab23-b07f-4e52-ac3f-7391d5aef4fb,a68786cf-7802-4b81-8f4f-dcb71503d5a6,2025-01-03T12:54:01.687538,"{'source': 'a68786cf-7802-4b81-8f4f-dcb71503d5a6', 'selector': [{'startContainer': '/', 'endContainer': '/', 'startOffset': 90, 'endOffset': 96}]}"
eb9d68a3-6a63-4e39-b438-80bc1e5f5ccc,default,0,"{'text': 'ai mis', 'context': ""1. J'ai mis le livre sur la table."", 'proba': 1.0, 'process': 'reference word'}",da26a09b-917d-4c13-953a-63d39bcac892,1551b22f-81a7-4b99-b10e-3dc971d4b11c,2025-01-03T12:54:01.687736,"{'source': '1551b22f-81a7-4b99-b10e-3dc971d4b11c', 'selector': [{'startContainer': '/', 'endContainer': '/', 'startOffset': 224, 'endOffset': 230}]}"
ad2992af-e5b0-4cb8-8a68-61a4838dcf25,d3ce7764-eb85-4999-b965-c028f539ee33,1ecf29a6-9193-4a8b-9317-5dc319b94507,"{'text': 'Mettez', 'context': '0. Mettez les livres sur la table.', 'proba': 0.9}",d34602e1-1664-42cb-b139-c5cb8bcfa2a0,1551b22f-81a7-4b99-b10e-3dc971d4b11c,2024-11-25T09:06:15.418229+00:00,"{'source': '1551b22f-81a7-4b99-b10e-3dc971d4b11c', 'selector': [{'startContainer': '/', 'endContainer': '/', 'startOffset': 85, 'endOffset': 92}]}"
ad00b554-6408-4639-afb8-1e7de20c4f98,default,0,"{'text': 'ai mis', 'context': ""1. J'ai mis le livre sur la table."", 'proba': 1.0, 'process': 'reference word'}",fe4bab23-b07f-4e52-ac3f-7391d5aef4fb,1551b22f-81a7-4b99-b10e-3dc971d4b11c,2025-01-03T12:54:01.687736,"{'source': '1551b22f-81a7-4b99-b10e-3dc971d4b11c', 'selector': [{'startContainer': '/', 'endContainer': '/', 'startOffset': 224, 'endOffset': 230}]}"
dd810ea2-caba-4d8d-b0a3-83d1e16a81ee,d3ce7764-eb85-4999-b965-c028f539ee33,1ecf29a6-9193-4a8b-9317-5dc319b94507,"{'text': ""J'ai mis"", 'context': ""1. J'ai mis le livre sur la table.""}",eb9a2239-5a6c-4da5-8957-af8a90d3e880,1551b22f-81a7-4b99-b10e-3dc971d4b11c,2024-11-26T09:01:42.950663+00:00,"{'source': '1551b22f-81a7-4b99-b10e-3dc971d4b11c', 'selector': [{'startContainer': '/', 'endContainer': '/', 'startOffset': 222, 'endOffset': 230}]}"
ca633b9f-42af-4969-a96c-34815fa678c6,default,1ecf29a6-9193-4a8b-9317-5dc319b94507,"{'text': 'ai mis', 'context': ""1. J'ai mis le livre sur la table."", 'proba': 1.0, 'process': 'reference word'}",84dcf943-f4b3-4886-a2d5-e0a3661cde64,1551b22f-81a7-4b99-b10e-3dc971d4b11c,2025-01-03T12:54:01.687736,"{'source': '1551b22f-81a7-4b99-b10e-3dc971d4b11c', 'selector': [{'startContainer': '/', 'endContainer': '/', 'startOffset': 224, 'endOffset': 230}]}"
1850d29e-e73e-44da-b328-fea7c9354d4d,default,0,"{'text': 'Mettez', 'context': '0. Mettez les livres sur la table.', 'proba': 0.9}",da26a09b-917d-4c13-953a-63d39bcac892,1551b22f-81a7-4b99-b10e-3dc971d4b11c,2025-01-03T12:54:01.687638,"{'source': '1551b22f-81a7-4b99-b10e-3dc971d4b11c', 'selector': [{'startContainer': '/', 'endContainer': '/', 'startOffset': 85, 'endOffset': 92}]}"
bc1ddc3b-79f3-453d-919a-0c275cc99bf1,d3ce7764-eb85-4999-b965-c028f539ee33,1ecf29a6-9193-4a8b-9317-5dc319b94507,"{'text': 'Mettez', 'context': '0. Mettez les livres sur la table.'}",eb9a2239-5a6c-4da5-8957-af8a90d3e880,1551b22f-81a7-4b99-b10e-3dc971d4b11c,2024-11-26T09:01:42.952183+00:00,"{'source': '1551b22f-81a7-4b99-b10e-3dc971d4b11c', 'selector': [{'startContainer': '/', 'endContainer': '/', 'startOffset': 85, 'endOffset': 91}]}"
972ef351-61f3-4fe1-a3a5-9b3092416d15,default,1ecf29a6-9193-4a8b-9317-5dc319b94507,"{'text': 'Mettez', 'context': '0. Mettez les livres sur la table.', 'proba': 0.9}",84dcf943-f4b3-4886-a2d5-e0a3661cde64,1551b22f-81a7-4b99-b10e-3dc971d4b11c,2025-01-03T12:54:01.687638,"{'source': '1551b22f-81a7-4b99-b10e-3dc971d4b11c', 'selector': [{'startContainer': '/', 'endContainer': '/', 'startOffset': 85, 'endOffset': 92}]}"
13328f02-18f9-4ed0-a82d-1776089e1367,default,0,"{'text': 'Mettez', 'context': '0. Mettez les livres sur la table.', 'proba': 0.9}",fe4bab23-b07f-4e52-ac3f-7391d5aef4fb,1551b22f-81a7-4b99-b10e-3dc971d4b11c,2025-01-03T12:54:01.687638,"{'source': '1551b22f-81a7-4b99-b10e-3dc971d4b11c', 'selector': [{'startContainer': '/', 'endContainer': '/', 'startOffset': 85, 'endOffset': 92}]}"
8d2dd313-0182-47d7-a2eb-2c9386e843da,d3ce7764-eb85-4999-b965-c028f539ee33,1ecf29a6-9193-4a8b-9317-5dc319b94507,"{'text': 'ai mis', 'context': ""1. J'ai mis le livre sur la table."", 'proba': 1.0, 'process': 'reference word'}",d34602e1-1664-42cb-b139-c5cb8bcfa2a0,1551b22f-81a7-4b99-b10e-3dc971d4b11c,2024-12-27T08:12:09.411660+00:00,"{'source': '1551b22f-81a7-4b99-b10e-3dc971d4b11c', 'selector': [{'startContainer': '/', 'endContainer': '/', 'startOffset': 224, 'endOffset': 230}]}"
76d0bdf7-8804-4f6d-aad4-d7938fa30ffb,default,1ecf29a6-9193-4a8b-9317-5dc319b94507,"{'text': 'marche', 'context': '1. Elle marche dans le parc tous les matins.', 'proba': 1.0, 'process': 'reference word'}",84dcf943-f4b3-4886-a2d5-e0a3661cde64,ae4ad67f-4f49-484d-8f9a-3155fe5217e1,2025-01-03T12:54:01.687811,"{'source': 'ae4ad67f-4f49-484d-8f9a-3155fe5217e1', 'selector': [{'startContainer': '/', 'endContainer': '/', 'startOffset': 254, 'endOffset': 261}]}"
4c94617c-bc76-44b5-8871-71ca265b10eb,d3ce7764-eb85-4999-b965-c028f539ee33,1ecf29a6-9193-4a8b-9317-5dc319b94507,"{'text': 'marche', 'context': '1. Elle marche dans le parc tous les matins.', 'proba': 1.0, 'process': 'reference word'}",d34602e1-1664-42cb-b139-c5cb8bcfa2a0,ae4ad67f-4f49-484d-8f9a-3155fe5217e1,2024-11-25T11:23:54.425621+00:00,"{'source': 'ae4ad67f-4f49-484d-8f9a-3155fe5217e1', 'selector': [{'startContainer': '/', 'endContainer': '/', 'startOffset': 254, 'endOffset': 261}]}"
fda56d93-cfa5-4724-a426-92b82ac2ed6f,d3ce7764-eb85-4999-b965-c028f539ee33,1ecf29a6-9193-4a8b-9317-5dc319b94507,"{'text': 'marcher', 'context': '0. Je préfère marcher que prendre les transports en commun.'}",e920598f-774d-4e1c-a2dc-8fb9a6f3053f,ae4ad67f-4f49-484d-8f9a-3155fe5217e1,2024-11-25T10:14:42.422376+00:00,"{'source': 'ae4ad67f-4f49-484d-8f9a-3155fe5217e1', 'selector': [{'startContainer': '/', 'endContainer': '/', 'startOffset': 97, 'endOffset': 104}]}"
0d27daf0-f65a-40be-be75-ad2a055beb89,default,0,"{'text': 'marcher', 'context': '0. Je préfère marcher que prendre les transports en commun.', 'proba': 0.9}",da26a09b-917d-4c13-953a-63d39bcac892,ae4ad67f-4f49-484d-8f9a-3155fe5217e1,2025-01-03T12:54:01.687998,"{'source': 'ae4ad67f-4f49-484d-8f9a-3155fe5217e1', 'selector': [{'startContainer': '/', 'endContainer': '/', 'startOffset': 97, 'endOffset': 105}]}"
8970e830-4c0d-4884-afb7-bd7ec45474ba,default,0,"{'text': 'marche', 'context': '1. Elle marche dans le parc tous les matins.', 'proba': 1.0, 'process': 'reference word'}",fe4bab23-b07f-4e52-ac3f-7391d5aef4fb,ae4ad67f-4f49-484d-8f9a-3155fe5217e1,2025-01-03T12:54:01.687811,"{'source': 'ae4ad67f-4f49-484d-8f9a-3155fe5217e1', 'selector': [{'startContainer': '/', 'endContainer': '/', 'startOffset': 254, 'endOffset': 261}]}"
a3569e2d-8877-4590-9c1b-e47f9a19e742,d3ce7764-eb85-4999-b965-c028f539ee33,1ecf29a6-9193-4a8b-9317-5dc319b94507,"{'text': 'marcher', 'context': '0. Je préfère marcher que prendre les transports en commun.', 'proba': 0.9}",d34602e1-1664-42cb-b139-c5cb8bcfa2a0,ae4ad67f-4f49-484d-8f9a-3155fe5217e1,2024-11-25T11:23:51.442575+00:00,"{'source': 'ae4ad67f-4f49-484d-8f9a-3155fe5217e1', 'selector': [{'startContainer': '/', 'endContainer': '/', 'startOffset': 97, 'endOffset': 105}]}"
c5a56818-4cb0-4241-8150-e1ebc8d61ee4,default,0,"{'text': 'marcher', 'context': '0. Je préfère marcher que prendre les transports en commun.', 'proba': 0.9}",fe4bab23-b07f-4e52-ac3f-7391d5aef4fb,ae4ad67f-4f49-484d-8f9a-3155fe5217e1,2025-01-03T12:54:01.687998,"{'source': 'ae4ad67f-4f49-484d-8f9a-3155fe5217e1', 'selector': [{'startContainer': '/', 'endContainer': '/', 'startOffset': 97, 'endOffset': 105}]}"
6699a933-6d44-412c-8dd4-0392bb419e03,default,0,"{'text': 'marche', 'context': '1. Elle marche dans le parc tous les matins.', 'proba': 1.0, 'process': 'reference word'}",da26a09b-917d-4c13-953a-63d39bcac892,ae4ad67f-4f49-484d-8f9a-3155fe5217e1,2025-01-03T12:54:01.687811,"{'source': 'ae4ad67f-4f49-484d-8f9a-3155fe5217e1', 'selector': [{'startContainer': '/', 'endContainer': '/', 'startOffset': 254, 'endOffset': 261}]}"
ad44ca6c-9472-446e-93d0-b68f534d44f4,d3ce7764-eb85-4999-b965-c028f539ee33,1ecf29a6-9193-4a8b-9317-5dc319b94507,"{'text': 'marche', 'context': '1. Elle marche dans le parc tous les matins.'}",e920598f-774d-4e1c-a2dc-8fb9a6f3053f,ae4ad67f-4f49-484d-8f9a-3155fe5217e1,2024-11-25T10:14:44.179238+00:00,"{'source': 'ae4ad67f-4f49-484d-8f9a-3155fe5217e1', 'selector': [{'startContainer': '/', 'endContainer': '/', 'startOffset': 254, 'endOffset': 260}]}"
72ee989c-3bbb-4258-b8b7-a0d163b9dc2e,default,1ecf29a6-9193-4a8b-9317-5dc319b94507,"{'text': 'marcher', 'context': '0. Je préfère marcher que prendre les transports en commun.', 'proba': 0.9}",84dcf943-f4b3-4886-a2d5-e0a3661cde64,ae4ad67f-4f49-484d-8f9a-3155fe5217e1,2025-01-03T12:54:01.687998,"{'source': 'ae4ad67f-4f49-484d-8f9a-3155fe5217e1', 'selector': [{'startContainer': '/', 'endContainer': '/', 'startOffset': 97, 'endOffset': 105}]}"
40130bfb-0c5e-4bba-b4e6-c95041646f5f,d3ce7764-eb85-4999-b965-c028f539ee33,1ecf29a6-9193-4a8b-9317-5dc319b94507,"{'text': 'marcher', 'context': '0. Je préfère marcher que prendre les transports en commun.'}",eb9a2239-5a6c-4da5-8957-af8a90d3e880,ae4ad67f-4f49-484d-8f9a-3155fe5217e1,2024-11-26T09:09:53.733254+00:00,"{'source': 'ae4ad67f-4f49-484d-8f9a-3155fe5217e1', 'selector': [{'startContainer': '/', 'endContainer': '/', 'startOffset': 97, 'endOffset': 104}]}"
7d5edfb0-6fba-4721-9a6e-8b823151220b,d3ce7764-eb85-4999-b965-c028f539ee33,1ecf29a6-9193-4a8b-9317-5dc319b94507,"{'text': 'marche', 'context': '1. Elle marche dans le parc tous les matins.'}",eb9a2239-5a6c-4da5-8957-af8a90d3e880,ae4ad67f-4f49-484d-8f9a-3155fe5217e1,2024-11-26T09:09:58.752833+00:00,"{'source': 'ae4ad67f-4f49-484d-8f9a-3155fe5217e1', 'selector': [{'startContainer': '/', 'endContainer': '/', 'startOffset': 254, 'endOffset': 260}]}"
5bb5e3cb-0260-4787-af38-ffee661314b4,d3ce7764-eb85-4999-b965-c028f539ee33,371a5d39-6e41-427f-8e1f-6bf64504e080,"{'text': 'franchir', 'context': ""1. Nous venons de franchir les 20 000 euros de vente ce mois-ci, c'est énorme!""}",eb9a2239-5a6c-4da5-8957-af8a90d3e880,468c45bb-b6f1-46db-8122-bf83b00501dc,2024-11-26T09:05:29.738343+00:00,"{'source': '468c45bb-b6f1-46db-8122-bf83b00501dc', 'selector': [{'startContainer': '/', 'endContainer': '/', 'startOffset': 281, 'endOffset': 289}]}"
25ed06ca-4782-45c9-97bd-338b0d156ab9,d3ce7764-eb85-4999-b965-c028f539ee33,1ecf29a6-9193-4a8b-9317-5dc319b94507,"{'text': 'franchi', 'context': '0. Tous les spectateurs ont crié de joie quand elle a franchi la barrière.'}",e920598f-774d-4e1c-a2dc-8fb9a6f3053f,468c45bb-b6f1-46db-8122-bf83b00501dc,2024-11-25T09:49:26.795279+00:00,"{'source': '468c45bb-b6f1-46db-8122-bf83b00501dc', 'selector': [{'startContainer': '/', 'endContainer': '/', 'startOffset': 138, 'endOffset': 145}]}"
cdc45cac-7318-493c-8681-8284326616f6,d3ce7764-eb85-4999-b965-c028f539ee33,1ecf29a6-9193-4a8b-9317-5dc319b94507,"{'text': 'venons de franchir', 'context': ""1. Nous venons de franchir les 20 000 euros de vente ce mois-ci, c'est énorme!"", 'proba': 0.6}",d34602e1-1664-42cb-b139-c5cb8bcfa2a0,468c45bb-b6f1-46db-8122-bf83b00501dc,2024-12-27T08:21:03.153525+00:00,"{'source': '468c45bb-b6f1-46db-8122-bf83b00501dc', 'selector': [{'startContainer': '/', 'endContainer': '/', 'startOffset': 271, 'endOffset': 289}]}"
7ded2576-be04-4da7-83c5-9c5dc405e36b,d3ce7764-eb85-4999-b965-c028f539ee33,1ecf29a6-9193-4a8b-9317-5dc319b94507,"{'text': 'a franchi', 'context': '0. Tous les spectateurs ont crié de joie quand elle a franchi la barrière.', 'proba': 1.0, 'process': 'reference word'}",d34602e1-1664-42cb-b139-c5cb8bcfa2a0,468c45bb-b6f1-46db-8122-bf83b00501dc,2024-12-27T08:19:25.964566+00:00,"{'source': '468c45bb-b6f1-46db-8122-bf83b00501dc', 'selector': [{'startContainer': '/', 'endContainer': '/', 'startOffset': 136, 'endOffset': 145}]}"
2fde5ac2-c51d-4cfe-be31-f7371df76361,default,0,"{'text': 'a franchi', 'context': '0. Tous les spectateurs ont crié de joie quand elle a franchi la barrière.', 'proba': 1.0, 'process': 'reference word'}",da26a09b-917d-4c13-953a-63d39bcac892,468c45bb-b6f1-46db-8122-bf83b00501dc,2025-01-03T12:54:01.688208,"{'source': '468c45bb-b6f1-46db-8122-bf83b00501dc', 'selector': [{'startContainer': '/', 'endContainer': '/', 'startOffset': 136, 'endOffset': 145}]}"
47e8ee9c-95ca-4652-bd4b-f749fef497e7,default,1ecf29a6-9193-4a8b-9317-5dc319b94507,"{'text': 'a franchi', 'context': '0. Tous les spectateurs ont crié de joie quand elle a franchi la barrière.', 'proba': 1.0, 'process': 'reference word'}",84dcf943-f4b3-4886-a2d5-e0a3661cde64,468c45bb-b6f1-46db-8122-bf83b00501dc,2025-01-03T12:54:01.688208,"{'source': '468c45bb-b6f1-46db-8122-bf83b00501dc', 'selector': [{'startContainer': '/', 'endContainer': '/', 'startOffset': 136, 'endOffset': 145}]}"
e5de4431-c9bd-4b9e-ae02-d0da8f3b27b7,default,0,"{'text': 'venons de franchir', 'context': ""1. Nous venons de franchir les 20 000 euros de vente ce mois-ci, c'est énorme!"", 'proba': 0.6}",da26a09b-917d-4c13-953a-63d39bcac892,468c45bb-b6f1-46db-8122-bf83b00501dc,2025-01-03T12:54:01.688109,"{'source': '468c45bb-b6f1-46db-8122-bf83b00501dc', 'selector': [{'startContainer': '/', 'endContainer': '/', 'startOffset': 271, 'endOffset': 289}]}"
e2a21632-6b12-4640-a066-724dc686be6d,default,1ecf29a6-9193-4a8b-9317-5dc319b94507,"{'text': 'venons de franchir', 'context': ""1. Nous venons de franchir les 20 000 euros de vente ce mois-ci, c'est énorme!"", 'proba': 0.6}",84dcf943-f4b3-4886-a2d5-e0a3661cde64,468c45bb-b6f1-46db-8122-bf83b00501dc,2025-01-03T12:54:01.688109,"{'source': '468c45bb-b6f1-46db-8122-bf83b00501dc', 'selector': [{'startContainer': '/', 'endContainer': '/', 'startOffset': 271, 'endOffset': 289}]}"
b5f1a4b8-ec93-4227-98a3-806dc0e3d725,d3ce7764-eb85-4999-b965-c028f539ee33,1ecf29a6-9193-4a8b-9317-5dc319b94507,"{'text': 'franchir', 'context': ""1. Nous venons de franchir les 20 000 euros de vente ce mois-ci, c'est énorme!""}",e920598f-774d-4e1c-a2dc-8fb9a6f3053f,468c45bb-b6f1-46db-8122-bf83b00501dc,2024-11-25T09:49:29.013937+00:00,"{'source': '468c45bb-b6f1-46db-8122-bf83b00501dc', 'selector': [{'startContainer': '/', 'endContainer': '/', 'startOffset': 281, 'endOffset': 289}]}"
be9e0653-6239-4cf6-bc0a-ace219c80bbc,d3ce7764-eb85-4999-b965-c028f539ee33,1ecf29a6-9193-4a8b-9317-5dc319b94507,"{'text': 'franchi', 'context': '0. Tous les spectateurs ont crié de joie quand elle a franchi la barrière.'}",eb9a2239-5a6c-4da5-8957-af8a90d3e880,468c45bb-b6f1-46db-8122-bf83b00501dc,2024-11-26T09:05:25.249205+00:00,"{'source': '468c45bb-b6f1-46db-8122-bf83b00501dc', 'selector': [{'startContainer': '/', 'endContainer': '/', 'startOffset': 138, 'endOffset': 145}]}"
da7c0ccb-5c68-4517-a6cb-6b0e9b4ae7ff,default,0,"{'text': 'venons de franchir', 'context': ""1. Nous venons de franchir les 20 000 euros de vente ce mois-ci, c'est énorme!"", 'proba': 0.6}",fe4bab23-b07f-4e52-ac3f-7391d5aef4fb,468c45bb-b6f1-46db-8122-bf83b00501dc,2025-01-03T12:54:01.688109,"{'source': '468c45bb-b6f1-46db-8122-bf83b00501dc', 'selector': [{'startContainer': '/', 'endContainer': '/', 'startOffset': 271, 'endOffset': 289}]}"
559f7d9c-f1bb-41a9-9098-da026b37ca6f,default,0,"{'text': 'a franchi', 'context': '0. Tous les spectateurs ont crié de joie quand elle a franchi la barrière.', 'proba': 1.0, 'process': 'reference word'}",fe4bab23-b07f-4e52-ac3f-7391d5aef4fb,468c45bb-b6f1-46db-8122-bf83b00501dc,2025-01-03T12:54:01.688208,"{'source': '468c45bb-b6f1-46db-8122-bf83b00501dc', 'selector': [{'startContainer': '/', 'endContainer': '/', 'startOffset': 136, 'endOffset': 145}]}"
5a589fa1-01eb-404a-b87c-bf607dc4ced8,default,1,"{'text': 'vais faire', 'context': ""0. Je vais faire un gâteau pour l'anniversaire."", 'proba': 0.2}",fe4bab23-b07f-4e52-ac3f-7391d5aef4fb,cfc91be6-7ed2-4a83-b56e-cfd241f6d14f,2025-01-03T12:54:01.688383,"{'source': 'cfc91be6-7ed2-4a83-b56e-cfd241f6d14f', 'selector': [{'startContainer': '/', 'endContainer': '/', 'startOffset': 87, 'endOffset': 97}]}"
2c05fd27-40af-414e-864d-009820958d38,default,0,"{'text': 'Faites', 'context': '1. Faites vos devoirs avant de sortir.', 'proba': 1.0, 'process': 'reference word'}",fe4bab23-b07f-4e52-ac3f-7391d5aef4fb,cfc91be6-7ed2-4a83-b56e-cfd241f6d14f,2025-01-03T12:54:01.688311,"{'source': 'cfc91be6-7ed2-4a83-b56e-cfd241f6d14f', 'selector': [{'startContainer': '/', 'endContainer': '/', 'startOffset': 233, 'endOffset': 240}]}"
d4036581-cc52-44fb-a6fc-831c4b668457,d3ce7764-eb85-4999-b965-c028f539ee33,1ecf29a6-9193-4a8b-9317-5dc319b94507,"{'text': 'Faites', 'context': '1. Faites vos devoirs avant de sortir.'}",e920598f-774d-4e1c-a2dc-8fb9a6f3053f,cfc91be6-7ed2-4a83-b56e-cfd241f6d14f,2024-11-25T10:17:22.838731+00:00,"{'source': 'cfc91be6-7ed2-4a83-b56e-cfd241f6d14f', 'selector': [{'startContainer': '/', 'endContainer': '/', 'startOffset': 233, 'endOffset': 239}]}"
28c9e9d8-35de-4e88-a05d-7bc7c4cf21c5,d3ce7764-eb85-4999-b965-c028f539ee33,1ecf29a6-9193-4a8b-9317-5dc319b94507,"{'text': 'faire', 'context': ""0. Je vais faire un gâteau pour l'anniversaire.""}",eb9a2239-5a6c-4da5-8957-af8a90d3e880,cfc91be6-7ed2-4a83-b56e-cfd241f6d14f,2024-11-26T09:14:32.671092+00:00,"{'source': 'cfc91be6-7ed2-4a83-b56e-cfd241f6d14f', 'selector': [{'startContainer': '/', 'endContainer': '/', 'startOffset': 92, 'endOffset': 97}]}"
51efcfb1-9bae-411a-b25e-6c6f9a1e21b1,d3ce7764-eb85-4999-b965-c028f539ee33,1ecf29a6-9193-4a8b-9317-5dc319b94507,"{'text': 'Faites', 'context': '1. Faites vos devoirs avant de sortir.', 'proba': 1.0, 'process': 'reference word'}",d34602e1-1664-42cb-b139-c5cb8bcfa2a0,cfc91be6-7ed2-4a83-b56e-cfd241f6d14f,2024-12-27T08:39:15.613283+00:00,"{'source': 'cfc91be6-7ed2-4a83-b56e-cfd241f6d14f', 'selector': [{'startContainer': '/', 'endContainer': '/', 'startOffset': 233, 'endOffset': 240}]}"
93f21489-0540-49ea-9bb6-b3fbe6a57f7d,d3ce7764-eb85-4999-b965-c028f539ee33,1ecf29a6-9193-4a8b-9317-5dc319b94507,"{'text': 'faire', 'context': ""0. Je vais faire un gâteau pour l'anniversaire.""}",e920598f-774d-4e1c-a2dc-8fb9a6f3053f,cfc91be6-7ed2-4a83-b56e-cfd241f6d14f,2024-11-25T10:17:20.836700+00:00,"{'source': 'cfc91be6-7ed2-4a83-b56e-cfd241f6d14f', 'selector': [{'startContainer': '/', 'endContainer': '/', 'startOffset': 92, 'endOffset': 97}]}"
68767449-f288-453d-b284-3f4fb54e6a15,default,1ecf29a6-9193-4a8b-9317-5dc319b94507,"{'text': 'Faites', 'context': '1. Faites vos devoirs avant de sortir.', 'proba': 1.0, 'process': 'reference word'}",84dcf943-f4b3-4886-a2d5-e0a3661cde64,cfc91be6-7ed2-4a83-b56e-cfd241f6d14f,2025-01-03T12:54:01.688311,"{'source': 'cfc91be6-7ed2-4a83-b56e-cfd241f6d14f', 'selector': [{'startContainer': '/', 'endContainer': '/', 'startOffset': 233, 'endOffset': 240}]}"
ad0aa8c0-d6db-478e-89ef-59f0dca923cb,d3ce7764-eb85-4999-b965-c028f539ee33,1ecf29a6-9193-4a8b-9317-5dc319b94507,"{'text': 'Faites', 'context': '1. Faites vos devoirs avant de sortir.'}",eb9a2239-5a6c-4da5-8957-af8a90d3e880,cfc91be6-7ed2-4a83-b56e-cfd241f6d14f,2024-11-26T09:14:44.638987+00:00,"{'source': 'cfc91be6-7ed2-4a83-b56e-cfd241f6d14f', 'selector': [{'startContainer': '/', 'endContainer': '/', 'startOffset': 233, 'endOffset': 239}]}"
b12a9668-f9ff-4e09-a9e7-a6fa20d0408f,default,0,"{'text': 'Faites', 'context': '1. Faites vos devoirs avant de sortir.', 'proba': 1.0, 'process': 'reference word'}",da26a09b-917d-4c13-953a-63d39bcac892,cfc91be6-7ed2-4a83-b56e-cfd241f6d14f,2025-01-03T12:54:01.688311,"{'source': 'cfc91be6-7ed2-4a83-b56e-cfd241f6d14f', 'selector': [{'startContainer': '/', 'endContainer': '/', 'startOffset': 233, 'endOffset': 240}]}"
4219bc2d-a660-4e97-8982-cb412817edcb,default,1ecf29a6-9193-4a8b-9317-5dc319b94507,"{'text': 'vais faire', 'context': ""0. Je vais faire un gâteau pour l'anniversaire."", 'proba': 0.2}",84dcf943-f4b3-4886-a2d5-e0a3661cde64,cfc91be6-7ed2-4a83-b56e-cfd241f6d14f,2025-01-03T12:54:01.688383,"{'source': 'cfc91be6-7ed2-4a83-b56e-cfd241f6d14f', 'selector': [{'startContainer': '/', 'endContainer': '/', 'startOffset': 87, 'endOffset': 97}]}"
ad495e2f-4724-4186-bda7-8b1780c2c1b8,default,1,"{'text': 'vais faire', 'context': ""0. Je vais faire un gâteau pour l'anniversaire."", 'proba': 0.2}",da26a09b-917d-4c13-953a-63d39bcac892,cfc91be6-7ed2-4a83-b56e-cfd241f6d14f,2025-01-03T12:54:01.688383,"{'source': 'cfc91be6-7ed2-4a83-b56e-cfd241f6d14f', 'selector': [{'startContainer': '/', 'endContainer': '/', 'startOffset': 87, 'endOffset': 97}]}"
aebaf4d8-5c44-49ff-823e-0c0f4cec28c5,d3ce7764-eb85-4999-b965-c028f539ee33,1ecf29a6-9193-4a8b-9317-5dc319b94507,"{'text': 'vais faire', 'context': ""0. Je vais faire un gâteau pour l'anniversaire."", 'proba': 0.2}",d34602e1-1664-42cb-b139-c5cb8bcfa2a0,cfc91be6-7ed2-4a83-b56e-cfd241f6d14f,2024-12-27T08:39:26.024468+00:00,"{'source': 'cfc91be6-7ed2-4a83-b56e-cfd241f6d14f', 'selector': [{'startContainer': '/', 'endContainer': '/', 'startOffset': 87, 'endOffset': 97}]}"
c36b65a6-0633-4093-b62f-434bc0735605,d3ce7764-eb85-4999-b965-c028f539ee33,1ecf29a6-9193-4a8b-9317-5dc319b94507,"{'text': 'donnent', 'context': '2. Ils donnent des cadeaux à leurs amis.'}",e920598f-774d-4e1c-a2dc-8fb9a6f3053f,46e0e6db-349e-406c-91de-bfb7cdc3cb05,2024-11-25T09:49:39.247101+00:00,"{'source': '46e0e6db-349e-406c-91de-bfb7cdc3cb05', 'selector': [{'startContainer': '/', 'endContainer': '/', 'startOffset': 406, 'endOffset': 413}]}"
1eb6ee22-90d5-47bb-ab24-11b91e18190e,default,0,"{'text': 'donnent', 'context': '2. Ils donnent des cadeaux à leurs amis.', 'proba': 1.0, 'process': 'reference word'}",fe4bab23-b07f-4e52-ac3f-7391d5aef4fb,46e0e6db-349e-406c-91de-bfb7cdc3cb05,2025-01-03T12:54:01.688491,"{'source': '46e0e6db-349e-406c-91de-bfb7cdc3cb05', 'selector': [{'startContainer': '/', 'endContainer': '/', 'startOffset': 406, 'endOffset': 414}]}"
c354d3c7-e417-4e50-9e34-e7a7c075e694,default,1ecf29a6-9193-4a8b-9317-5dc319b94507,"{'text': 'donnent', 'context': '2. Ils donnent des cadeaux à leurs amis.', 'proba': 1.0, 'process': 'reference word'}",84dcf943-f4b3-4886-a2d5-e0a3661cde64,46e0e6db-349e-406c-91de-bfb7cdc3cb05,2025-01-03T12:54:01.688491,"{'source': '46e0e6db-349e-406c-91de-bfb7cdc3cb05', 'selector': [{'startContainer': '/', 'endContainer': '/', 'startOffset': 406, 'endOffset': 414}]}"
7c2e8b99-2001-4d69-a8b3-9ff24187a6df,d3ce7764-eb85-4999-b965-c028f539ee33,1ecf29a6-9193-4a8b-9317-5dc319b94507,"{'text': 'donne', 'context': '1. Il donne un cadeau à son ami.', 'proba': 0.9}",d34602e1-1664-42cb-b139-c5cb8bcfa2a0,46e0e6db-349e-406c-91de-bfb7cdc3cb05,2024-11-25T11:19:22.941242+00:00,"{'source': '46e0e6db-349e-406c-91de-bfb7cdc3cb05', 'selector': [{'startContainer': '/', 'endContainer': '/', 'startOffset': 270, 'endOffset': 276}]}"
85156e45-1de0-4ada-88ad-514dbef58bec,d3ce7764-eb85-4999-b965-c028f539ee33,1ecf29a6-9193-4a8b-9317-5dc319b94507,"{'text': 'donne', 'context': '1. Il donne un cadeau à son ami.'}",e920598f-774d-4e1c-a2dc-8fb9a6f3053f,46e0e6db-349e-406c-91de-bfb7cdc3cb05,2024-11-25T09:49:37.724025+00:00,"{'source': '46e0e6db-349e-406c-91de-bfb7cdc3cb05', 'selector': [{'startContainer': '/', 'endContainer': '/', 'startOffset': 270, 'endOffset': 275}]}"
925dcae4-e299-4af1-a583-f7bcfcb70121,default,0,"{'text': 'donne', 'context': '1. Il donne un cadeau à son ami.', 'proba': 0.9}",fe4bab23-b07f-4e52-ac3f-7391d5aef4fb,46e0e6db-349e-406c-91de-bfb7cdc3cb05,2025-01-03T12:54:01.688425,"{'source': '46e0e6db-349e-406c-91de-bfb7cdc3cb05', 'selector': [{'startContainer': '/', 'endContainer': '/', 'startOffset': 270, 'endOffset': 276}]}"
d51fe263-4635-4a45-9a5a-2ae962c5a889,default,1ecf29a6-9193-4a8b-9317-5dc319b94507,"{'text': 'donner', 'context': '0. Gaston aime mon gilet. Je vais le lui donner, il peut l’avoir pour toujours.', 'proba': 0.9}",84dcf943-f4b3-4886-a2d5-e0a3661cde64,46e0e6db-349e-406c-91de-bfb7cdc3cb05,2025-01-03T12:54:01.688458,"{'source': '46e0e6db-349e-406c-91de-bfb7cdc3cb05', 'selector': [{'startContainer': '/', 'endContainer': '/', 'startOffset': 123, 'endOffset': 129}]}"
f36129ac-6e8f-46da-a3c1-15041a409214,d3ce7764-eb85-4999-b965-c028f539ee33,1ecf29a6-9193-4a8b-9317-5dc319b94507,"{'text': 'donner', 'context': '0. Gaston aime mon gilet. Je vais le lui donner, il peut l’avoir pour toujours.', 'proba': 0.9}",d34602e1-1664-42cb-b139-c5cb8bcfa2a0,46e0e6db-349e-406c-91de-bfb7cdc3cb05,2024-11-25T11:19:20.144484+00:00,"{'source': '46e0e6db-349e-406c-91de-bfb7cdc3cb05', 'selector': [{'startContainer': '/', 'endContainer': '/', 'startOffset': 123, 'endOffset': 129}]}"
fb965254-a5fa-474d-9a55-b691e670a2f2,d3ce7764-eb85-4999-b965-c028f539ee33,1ecf29a6-9193-4a8b-9317-5dc319b94507,"{'text': 'donnent', 'context': '2. Ils donnent des cadeaux à leurs amis.', 'proba': 1.0, 'process': 'reference word'}",d34602e1-1664-42cb-b139-c5cb8bcfa2a0,46e0e6db-349e-406c-91de-bfb7cdc3cb05,2024-11-25T11:19:25.477720+00:00,"{'source': '46e0e6db-349e-406c-91de-bfb7cdc3cb05', 'selector': [{'startContainer': '/', 'endContainer': '/', 'startOffset': 406, 'endOffset': 414}]}"
3752bf42-f2ed-4301-b993-3b79ded77041,default,0,"{'text': 'donner', 'context': '0. Gaston aime mon gilet. Je vais le lui donner, il peut l’avoir pour toujours.', 'proba': 0.9}",da26a09b-917d-4c13-953a-63d39bcac892,46e0e6db-349e-406c-91de-bfb7cdc3cb05,2025-01-03T12:54:01.688458,"{'source': '46e0e6db-349e-406c-91de-bfb7cdc3cb05', 'selector': [{'startContainer': '/', 'endContainer': '/', 'startOffset': 123, 'endOffset': 129}]}"
8df5829b-daab-4630-a3f7-c12cc7e96cdb,d3ce7764-eb85-4999-b965-c028f539ee33,1ecf29a6-9193-4a8b-9317-5dc319b94507,"{'text': 'donne', 'context': '1. Il donne un cadeau à son ami.'}",eb9a2239-5a6c-4da5-8957-af8a90d3e880,46e0e6db-349e-406c-91de-bfb7cdc3cb05,2024-11-26T09:05:40.784587+00:00,"{'source': '46e0e6db-349e-406c-91de-bfb7cdc3cb05', 'selector': [{'startContainer': '/', 'endContainer': '/', 'startOffset': 270, 'endOffset': 275}]}"
350d6abc-1333-47ab-967a-a8fe7162a0b9,d3ce7764-eb85-4999-b965-c028f539ee33,1ecf29a6-9193-4a8b-9317-5dc319b94507,"{'text': 'donner', 'context': '0. Gaston aime mon gilet. Je vais le lui donner, il peut l’avoir pour toujours.'}",e920598f-774d-4e1c-a2dc-8fb9a6f3053f,46e0e6db-349e-406c-91de-bfb7cdc3cb05,2024-11-25T09:49:36.106203+00:00,"{'source': '46e0e6db-349e-406c-91de-bfb7cdc3cb05', 'selector': [{'startContainer': '/', 'endContainer': '/', 'startOffset': 123, 'endOffset': 129}]}"
dde5a2b2-6344-4182-88aa-8bc1fbe73b4d,default,0,"{'text': 'donne', 'context': '1. Il donne un cadeau à son ami.', 'proba': 0.9}",da26a09b-917d-4c13-953a-63d39bcac892,46e0e6db-349e-406c-91de-bfb7cdc3cb05,2025-01-03T12:54:01.688425,"{'source': '46e0e6db-349e-406c-91de-bfb7cdc3cb05', 'selector': [{'startContainer': '/', 'endContainer': '/', 'startOffset': 270, 'endOffset': 276}]}"
34023aff-5ffc-4925-9a66-e6bb5a577d76,default,1ecf29a6-9193-4a8b-9317-5dc319b94507,"{'text': 'donne', 'context': '1. Il donne un cadeau à son ami.', 'proba': 0.9}",84dcf943-f4b3-4886-a2d5-e0a3661cde64,46e0e6db-349e-406c-91de-bfb7cdc3cb05,2025-01-03T12:54:01.688425,"{'source': '46e0e6db-349e-406c-91de-bfb7cdc3cb05', 'selector': [{'startContainer': '/', 'endContainer': '/', 'startOffset': 270, 'endOffset': 276}]}"
78799553-76f1-4917-b5fe-841bec38ab8c,default,0,"{'text': 'donnent', 'context': '2. Ils donnent des cadeaux à leurs amis.', 'proba': 1.0, 'process': 'reference word'}",da26a09b-917d-4c13-953a-63d39bcac892,46e0e6db-349e-406c-91de-bfb7cdc3cb05,2025-01-03T12:54:01.688491,"{'source': '46e0e6db-349e-406c-91de-bfb7cdc3cb05', 'selector': [{'startContainer': '/', 'endContainer': '/', 'startOffset': 406, 'endOffset': 414}]}"
9d8e7082-7647-48cf-9765-b45f8810c129,d3ce7764-eb85-4999-b965-c028f539ee33,1ecf29a6-9193-4a8b-9317-5dc319b94507,"{'text': 'donner', 'context': '0. Gaston aime mon gilet. Je vais le lui donner, il peut l’avoir pour toujours.'}",eb9a2239-5a6c-4da5-8957-af8a90d3e880,46e0e6db-349e-406c-91de-bfb7cdc3cb05,2024-11-26T09:05:36.297960+00:00,"{'source': '46e0e6db-349e-406c-91de-bfb7cdc3cb05', 'selector': [{'startContainer': '/', 'endContainer': '/', 'startOffset': 123, 'endOffset': 129}]}"
3a1127b3-fc9f-479a-8f3c-9f2ae6131bbd,default,0,"{'text': 'donner', 'context': '0. Gaston aime mon gilet. Je vais le lui donner, il peut l’avoir pour toujours.', 'proba': 0.9}",fe4bab23-b07f-4e52-ac3f-7391d5aef4fb,46e0e6db-349e-406c-91de-bfb7cdc3cb05,2025-01-03T12:54:01.688458,"{'source': '46e0e6db-349e-406c-91de-bfb7cdc3cb05', 'selector': [{'startContainer': '/', 'endContainer': '/', 'startOffset': 123, 'endOffset': 129}]}"
fc495e5c-29eb-417e-aadd-d40cb74c378e,d3ce7764-eb85-4999-b965-c028f539ee33,1ecf29a6-9193-4a8b-9317-5dc319b94507,"{'text': 'donnent', 'context': '2. Ils donnent des cadeaux à leurs amis.'}",eb9a2239-5a6c-4da5-8957-af8a90d3e880,46e0e6db-349e-406c-91de-bfb7cdc3cb05,2024-11-26T09:05:44.743509+00:00,"{'source': '46e0e6db-349e-406c-91de-bfb7cdc3cb05', 'selector': [{'startContainer': '/', 'endContainer': '/', 'startOffset': 406, 'endOffset': 413}]}"
31959b02-ac77-441f-bc2c-9b75db9f3ec2,d3ce7764-eb85-4999-b965-c028f539ee33,1ecf29a6-9193-4a8b-9317-5dc319b94507,"{'text': 'dis', 'context': '1. Je dis toujours la vérité.'}",eb9a2239-5a6c-4da5-8957-af8a90d3e880,d20e708a-ff1e-4bb0-a472-898d95d22b62,2024-11-26T09:14:58.069075+00:00,"{'source': 'd20e708a-ff1e-4bb0-a472-898d95d22b62', 'selector': [{'startContainer': '/', 'endContainer': '/', 'startOffset': 251, 'endOffset': 254}]}"
40ef66c8-6789-4783-acdb-cd06450e5c32,default,1ecf29a6-9193-4a8b-9317-5dc319b94507,"{'text': 'dis', 'context': '1. Je dis toujours la vérité.', 'proba': 1.0, 'process': 'reference word'}",84dcf943-f4b3-4886-a2d5-e0a3661cde64,d20e708a-ff1e-4bb0-a472-898d95d22b62,2025-01-03T12:54:01.688559,"{'source': 'd20e708a-ff1e-4bb0-a472-898d95d22b62', 'selector': [{'startContainer': '/', 'endContainer': '/', 'startOffset': 251, 'endOffset': 255}]}"
37824ac9-e9dc-4a7e-9909-943467cce8ee,default,0,"{'text': 'dis', 'context': '1. Je dis toujours la vérité.', 'proba': 1.0, 'process': 'reference word'}",da26a09b-917d-4c13-953a-63d39bcac892,d20e708a-ff1e-4bb0-a472-898d95d22b62,2025-01-03T12:54:01.688559,"{'source': 'd20e708a-ff1e-4bb0-a472-898d95d22b62', 'selector': [{'startContainer': '/', 'endContainer': '/', 'startOffset': 251, 'endOffset': 255}]}"
c91477bc-63b7-4a2e-8bb8-55e18ea02947,d3ce7764-eb85-4999-b965-c028f539ee33,1ecf29a6-9193-4a8b-9317-5dc319b94507,"{'text': 'dit', 'context': '0. Elle n’aime pas le café. Je le sais parce qu’elle me l’a dit.'}",e920598f-774d-4e1c-a2dc-8fb9a6f3053f,d20e708a-ff1e-4bb0-a472-898d95d22b62,2024-11-25T10:17:28.593519+00:00,"{'source': 'd20e708a-ff1e-4bb0-a472-898d95d22b62', 'selector': [{'startContainer': '/', 'endContainer': '/', 'startOffset': 140, 'endOffset': 143}]}"
bd21981d-ccbb-46b8-9527-5f7d336fc700,d3ce7764-eb85-4999-b965-c028f539ee33,1ecf29a6-9193-4a8b-9317-5dc319b94507,"{'text': 'a dit', 'context': '0. Elle n’aime pas le café. Je le sais parce qu’elle me l’a dit.'}",eb9a2239-5a6c-4da5-8957-af8a90d3e880,d20e708a-ff1e-4bb0-a472-898d95d22b62,2024-11-26T09:14:54.638433+00:00,"{'source': 'd20e708a-ff1e-4bb0-a472-898d95d22b62', 'selector': [{'startContainer': '/', 'endContainer': '/', 'startOffset': 138, 'endOffset': 143}]}"
4048d535-f295-46f9-b4fb-f11fb177c268,d3ce7764-eb85-4999-b965-c028f539ee33,1ecf29a6-9193-4a8b-9317-5dc319b94507,"{'text': 'dit', 'context': '0. Elle n’aime pas le café. Je le sais parce qu’elle me l’a dit.', 'proba': 0.95}",d34602e1-1664-42cb-b139-c5cb8bcfa2a0,d20e708a-ff1e-4bb0-a472-898d95d22b62,2024-11-25T11:27:03.287102+00:00,"{'source': 'd20e708a-ff1e-4bb0-a472-898d95d22b62', 'selector': [{'startContainer': '/', 'endContainer': '/', 'startOffset': 140, 'endOffset': 143}]}"
e4bd2f14-e4b7-4bf1-9ed4-28e21e6b1ac6,default,1,"{'text': 'dit', 'context': '0. Elle n’aime pas le café. Je le sais parce qu’elle me l’a dit.', 'proba': 0.95}",da26a09b-917d-4c13-953a-63d39bcac892,d20e708a-ff1e-4bb0-a472-898d95d22b62,2025-01-03T12:54:01.688527,"{'source': 'd20e708a-ff1e-4bb0-a472-898d95d22b62', 'selector': [{'startContainer': '/', 'endContainer': '/', 'startOffset': 140, 'endOffset': 143}]}"
124854fb-f9e0-4e40-b921-7b6df51da170,default,0,"{'text': 'dit', 'context': '0. Elle n’aime pas le café. Je le sais parce qu’elle me l’a dit.', 'proba': 0.95}",fe4bab23-b07f-4e52-ac3f-7391d5aef4fb,d20e708a-ff1e-4bb0-a472-898d95d22b62,2025-01-03T12:54:01.688527,"{'source': 'd20e708a-ff1e-4bb0-a472-898d95d22b62', 'selector': [{'startContainer': '/', 'endContainer': '/', 'startOffset': 140, 'endOffset': 143}]}"
0bfae2c9-9fab-423a-81a4-528877229ee8,default,0,"{'text': 'dis', 'context': '1. Je dis toujours la vérité.', 'proba': 1.0, 'process': 'reference word'}",fe4bab23-b07f-4e52-ac3f-7391d5aef4fb,d20e708a-ff1e-4bb0-a472-898d95d22b62,2025-01-03T12:54:01.688559,"{'source': 'd20e708a-ff1e-4bb0-a472-898d95d22b62', 'selector': [{'startContainer': '/', 'endContainer': '/', 'startOffset': 251, 'endOffset': 255}]}"
8b0ad49a-597a-4093-8731-59113efd2228,d3ce7764-eb85-4999-b965-c028f539ee33,1ecf29a6-9193-4a8b-9317-5dc319b94507,"{'text': 'dis', 'context': '1. Je dis toujours la vérité.', 'proba': 1.0, 'process': 'reference word'}",d34602e1-1664-42cb-b139-c5cb8bcfa2a0,d20e708a-ff1e-4bb0-a472-898d95d22b62,2024-11-25T11:27:05.238591+00:00,"{'source': 'd20e708a-ff1e-4bb0-a472-898d95d22b62', 'selector': [{'startContainer': '/', 'endContainer': '/', 'startOffset': 251, 'endOffset': 255}]}"
6118aaf4-3230-4eed-a457-4778ac8a81d8,default,1ecf29a6-9193-4a8b-9317-5dc319b94507,"{'text': 'dit', 'context': '0. Elle n’aime pas le café. Je le sais parce qu’elle me l’a dit.', 'proba': 0.95}",84dcf943-f4b3-4886-a2d5-e0a3661cde64,d20e708a-ff1e-4bb0-a472-898d95d22b62,2025-01-03T12:54:01.688527,"{'source': 'd20e708a-ff1e-4bb0-a472-898d95d22b62', 'selector': [{'startContainer': '/', 'endContainer': '/', 'startOffset': 140, 'endOffset': 143}]}"
04f24575-a35a-4d66-8ca4-1857d185a86b,d3ce7764-eb85-4999-b965-c028f539ee33,1ecf29a6-9193-4a8b-9317-5dc319b94507,"{'text': 'dis', 'context': '1. Je dis toujours la vérité.'}",e920598f-774d-4e1c-a2dc-8fb9a6f3053f,d20e708a-ff1e-4bb0-a472-898d95d22b62,2024-11-25T10:17:30.385801+00:00,"{'source': 'd20e708a-ff1e-4bb0-a472-898d95d22b62', 'selector': [{'startContainer': '/', 'endContainer': '/', 'startOffset': 251, 'endOffset': 254}]}"
2a57a58b-2204-40b0-b43e-452df7bdabfd,default,1ecf29a6-9193-4a8b-9317-5dc319b94507,"{'text': 'dois', 'context': '0. Tu dois finir ta soupe, parce que c’est bon pour ta santé.', 'proba': 1.0, 'process': 'reference word'}",84dcf943-f4b3-4886-a2d5-e0a3661cde64,4b7d33e9-b029-4f03-abdd-cb1a7de18192,2025-01-03T12:54:01.688595,"{'source': '4b7d33e9-b029-4f03-abdd-cb1a7de18192', 'selector': [{'startContainer': '/', 'endContainer': '/', 'startOffset': 88, 'endOffset': 93}]}"
d28ccd74-bdc4-4948-9ed2-746fa04522a7,default,0,"{'text': 'dois', 'context': '1. Je dois finir mes devoirs avant de sortir.', 'proba': 0.9}",fe4bab23-b07f-4e52-ac3f-7391d5aef4fb,4b7d33e9-b029-4f03-abdd-cb1a7de18192,2025-01-03T12:54:01.688627,"{'source': '4b7d33e9-b029-4f03-abdd-cb1a7de18192', 'selector': [{'startContainer': '/', 'endContainer': '/', 'startOffset': 252, 'endOffset': 257}]}"
5f8f998b-94db-4ec9-98fa-923f3b30816d,d3ce7764-eb85-4999-b965-c028f539ee33,1ecf29a6-9193-4a8b-9317-5dc319b94507,"{'text': 'dois', 'context': '0. Tu dois finir ta soupe, parce que c’est bon pour ta santé.'}",e920598f-774d-4e1c-a2dc-8fb9a6f3053f,4b7d33e9-b029-4f03-abdd-cb1a7de18192,2024-11-25T09:50:05.742046+00:00,"{'source': '4b7d33e9-b029-4f03-abdd-cb1a7de18192', 'selector': [{'startContainer': '/', 'endContainer': '/', 'startOffset': 88, 'endOffset': 92}]}"
2ff12da4-cf43-4cb7-a898-9925240fae5c,d3ce7764-eb85-4999-b965-c028f539ee33,1ecf29a6-9193-4a8b-9317-5dc319b94507,"{'text': 'dois', 'context': '0. Tu dois finir ta soupe, parce que c’est bon pour ta santé.', 'proba': 1.0, 'process': 'reference word'}",d34602e1-1664-42cb-b139-c5cb8bcfa2a0,4b7d33e9-b029-4f03-abdd-cb1a7de18192,2024-11-25T11:20:06.956351+00:00,"{'source': '4b7d33e9-b029-4f03-abdd-cb1a7de18192', 'selector': [{'startContainer': '/', 'endContainer': '/', 'startOffset': 88, 'endOffset': 93}]}"
637e5edf-c0e8-490a-ae98-ca42cb79eb14,default,1ecf29a6-9193-4a8b-9317-5dc319b94507,"{'text': 'dois', 'context': '1. Je dois finir mes devoirs avant de sortir.', 'proba': 0.9}",84dcf943-f4b3-4886-a2d5-e0a3661cde64,4b7d33e9-b029-4f03-abdd-cb1a7de18192,2025-01-03T12:54:01.688627,"{'source': '4b7d33e9-b029-4f03-abdd-cb1a7de18192', 'selector': [{'startContainer': '/', 'endContainer': '/', 'startOffset': 252, 'endOffset': 257}]}"
4c818958-2471-410d-b73f-d463d325b5a4,d3ce7764-eb85-4999-b965-c028f539ee33,1ecf29a6-9193-4a8b-9317-5dc319b94507,"{'text': 'dois', 'context': '0. Tu dois finir ta soupe, parce que c’est bon pour ta santé.'}",eb9a2239-5a6c-4da5-8957-af8a90d3e880,4b7d33e9-b029-4f03-abdd-cb1a7de18192,2024-11-26T09:06:15.481752+00:00,"{'source': '4b7d33e9-b029-4f03-abdd-cb1a7de18192', 'selector': [{'startContainer': '/', 'endContainer': '/', 'startOffset': 88, 'endOffset': 92}]}"
0b8469fd-3533-4ec6-89cd-8a9655f55d04,d3ce7764-eb85-4999-b965-c028f539ee33,371a5d39-6e41-427f-8e1f-6bf64504e080,"{'text': 'devoirs', 'context': '1. Je dois finir mes devoirs avant de sortir.'}",eb9a2239-5a6c-4da5-8957-af8a90d3e880,4b7d33e9-b029-4f03-abdd-cb1a7de18192,2024-11-26T09:06:18.506966+00:00,"{'source': '4b7d33e9-b029-4f03-abdd-cb1a7de18192', 'selector': [{'startContainer': '/', 'endContainer': '/', 'startOffset': 267, 'endOffset': 274}]}"
d24f8fb8-14b8-47e5-b3ee-86c4378ca8d4,default,0,"{'text': 'dois', 'context': '0. Tu dois finir ta soupe, parce que c’est bon pour ta santé.', 'proba': 1.0, 'process': 'reference word'}",fe4bab23-b07f-4e52-ac3f-7391d5aef4fb,4b7d33e9-b029-4f03-abdd-cb1a7de18192,2025-01-03T12:54:01.688595,"{'source': '4b7d33e9-b029-4f03-abdd-cb1a7de18192', 'selector': [{'startContainer': '/', 'endContainer': '/', 'startOffset': 88, 'endOffset': 93}]}"
28991572-642b-4720-8cde-a235f77faee8,default,0,"{'text': 'dois', 'context': '0. Tu dois finir ta soupe, parce que c’est bon pour ta santé.', 'proba': 1.0, 'process': 'reference word'}",da26a09b-917d-4c13-953a-63d39bcac892,4b7d33e9-b029-4f03-abdd-cb1a7de18192,2025-01-03T12:54:01.688595,"{'source': '4b7d33e9-b029-4f03-abdd-cb1a7de18192', 'selector': [{'startContainer': '/', 'endContainer': '/', 'startOffset': 88, 'endOffset': 93}]}"
e86e3d45-c7ab-4c30-af65-cc034a9babe0,d3ce7764-eb85-4999-b965-c028f539ee33,371a5d39-6e41-427f-8e1f-6bf64504e080,"{'text': 'devoirs', 'context': '1. Je dois finir mes devoirs avant de sortir.'}",e920598f-774d-4e1c-a2dc-8fb9a6f3053f,4b7d33e9-b029-4f03-abdd-cb1a7de18192,2024-11-25T09:50:08.015538+00:00,"{'source': '4b7d33e9-b029-4f03-abdd-cb1a7de18192', 'selector': [{'startContainer': '/', 'endContainer': '/', 'startOffset': 267, 'endOffset': 274}]}"
e905522d-c147-4496-a6af-070150164199,d3ce7764-eb85-4999-b965-c028f539ee33,1ecf29a6-9193-4a8b-9317-5dc319b94507,"{'text': 'dois', 'context': '1. Je dois finir mes devoirs avant de sortir.', 'proba': 0.9}",d34602e1-1664-42cb-b139-c5cb8bcfa2a0,4b7d33e9-b029-4f03-abdd-cb1a7de18192,2024-11-25T11:20:09.114354+00:00,"{'source': '4b7d33e9-b029-4f03-abdd-cb1a7de18192', 'selector': [{'startContainer': '/', 'endContainer': '/', 'startOffset': 252, 'endOffset': 257}]}"
22c98d20-a408-4668-8039-b2773004b087,default,0,"{'text': 'dois', 'context': '1. Je dois finir mes devoirs avant de sortir.', 'proba': 0.9}",da26a09b-917d-4c13-953a-63d39bcac892,4b7d33e9-b029-4f03-abdd-cb1a7de18192,2025-01-03T12:54:01.688627,"{'source': '4b7d33e9-b029-4f03-abdd-cb1a7de18192', 'selector': [{'startContainer': '/', 'endContainer': '/', 'startOffset': 252, 'endOffset': 257}]}"
72d5d1e9-505d-4e17-aa14-57ea39d47cd7,default,0,"{'text': 'commandé', 'context': ""1. J'ai commandé une pizza pour le dîner."", 'proba': 0.95}",fe4bab23-b07f-4e52-ac3f-7391d5aef4fb,b4c7cef7-679a-4c80-b0f3-d290cfe44aca,2025-01-03T12:54:01.688663,"{'source': 'b4c7cef7-679a-4c80-b0f3-d290cfe44aca', 'selector': [{'startContainer': '/', 'endContainer': '/', 'startOffset': 244, 'endOffset': 253}]}"
404dbffb-238b-44df-ab21-e31d65f4841c,d3ce7764-eb85-4999-b965-c028f539ee33,1ecf29a6-9193-4a8b-9317-5dc319b94507,"{'text': 'commandé', 'context': ""1. J'ai commandé une pizza pour le dîner.""}",e920598f-774d-4e1c-a2dc-8fb9a6f3053f,b4c7cef7-679a-4c80-b0f3-d290cfe44aca,2024-11-25T10:14:52.155607+00:00,"{'source': 'b4c7cef7-679a-4c80-b0f3-d290cfe44aca', 'selector': [{'startContainer': '/', 'endContainer': '/', 'startOffset': 244, 'endOffset': 252}]}"
410fbb93-6b79-4e96-ac67-d3a6b355faf2,default,1ecf29a6-9193-4a8b-9317-5dc319b94507,"{'text': 'commander', 'context': '0. Je vais commander une pizza pour le dîner.', 'proba': 1.0, 'process': 'reference word'}",84dcf943-f4b3-4886-a2d5-e0a3661cde64,b4c7cef7-679a-4c80-b0f3-d290cfe44aca,2025-01-03T12:54:01.688694,"{'source': 'b4c7cef7-679a-4c80-b0f3-d290cfe44aca', 'selector': [{'startContainer': '/', 'endContainer': '/', 'startOffset': 96, 'endOffset': 106}]}"
f542739f-78ef-45f3-8355-0e11a6d057fd,d3ce7764-eb85-4999-b965-c028f539ee33,1ecf29a6-9193-4a8b-9317-5dc319b94507,"{'text': 'commandé', 'context': ""1. J'ai commandé une pizza pour le dîner.""}",eb9a2239-5a6c-4da5-8957-af8a90d3e880,b4c7cef7-679a-4c80-b0f3-d290cfe44aca,2024-11-26T09:10:06.955809+00:00,"{'source': 'b4c7cef7-679a-4c80-b0f3-d290cfe44aca', 'selector': [{'startContainer': '/', 'endContainer': '/', 'startOffset': 244, 'endOffset': 252}]}"
f25fa3bb-ec4b-443a-9c8c-485d5d83574c,d3ce7764-eb85-4999-b965-c028f539ee33,1ecf29a6-9193-4a8b-9317-5dc319b94507,"{'text': 'commandé', 'context': ""1. J'ai commandé une pizza pour le dîner."", 'proba': 0.95}",d34602e1-1664-42cb-b139-c5cb8bcfa2a0,b4c7cef7-679a-4c80-b0f3-d290cfe44aca,2024-11-25T11:24:00.191547+00:00,"{'source': 'b4c7cef7-679a-4c80-b0f3-d290cfe44aca', 'selector': [{'startContainer': '/', 'endContainer': '/', 'startOffset': 244, 'endOffset': 253}]}"
43405784-272b-4677-b576-3656a0adb746,default,1ecf29a6-9193-4a8b-9317-5dc319b94507,"{'text': 'commandé', 'context': ""1. J'ai commandé une pizza pour le dîner."", 'proba': 0.95}",84dcf943-f4b3-4886-a2d5-e0a3661cde64,b4c7cef7-679a-4c80-b0f3-d290cfe44aca,2025-01-03T12:54:01.688663,"{'source': 'b4c7cef7-679a-4c80-b0f3-d290cfe44aca', 'selector': [{'startContainer': '/', 'endContainer': '/', 'startOffset': 244, 'endOffset': 253}]}"
0d39b622-d976-419d-b473-ec0e1979a7ee,default,0,"{'text': 'commander', 'context': '0. Je vais commander une pizza pour le dîner.', 'proba': 1.0, 'process': 'reference word'}",fe4bab23-b07f-4e52-ac3f-7391d5aef4fb,b4c7cef7-679a-4c80-b0f3-d290cfe44aca,2025-01-03T12:54:01.688694,"{'source': 'b4c7cef7-679a-4c80-b0f3-d290cfe44aca', 'selector': [{'startContainer': '/', 'endContainer': '/', 'startOffset': 96, 'endOffset': 106}]}"
d9ae8758-9ad0-4e79-b15b-cf7e43868e18,default,0,"{'text': 'commandé', 'context': ""1. J'ai commandé une pizza pour le dîner."", 'proba': 0.95}",da26a09b-917d-4c13-953a-63d39bcac892,b4c7cef7-679a-4c80-b0f3-d290cfe44aca,2025-01-03T12:54:01.688663,"{'source': 'b4c7cef7-679a-4c80-b0f3-d290cfe44aca', 'selector': [{'startContainer': '/', 'endContainer': '/', 'startOffset': 244, 'endOffset': 253}]}"
e061106d-7354-4d1c-8d9e-6c3a3e8aa8dc,default,0,"{'text': 'commander', 'context': '0. Je vais commander une pizza pour le dîner.', 'proba': 1.0, 'process': 'reference word'}",da26a09b-917d-4c13-953a-63d39bcac892,b4c7cef7-679a-4c80-b0f3-d290cfe44aca,2025-01-03T12:54:01.688694,"{'source': 'b4c7cef7-679a-4c80-b0f3-d290cfe44aca', 'selector': [{'startContainer': '/', 'endContainer': '/', 'startOffset': 96, 'endOffset': 106}]}"
a5c5b696-1a50-40de-b50d-a8deed1e1eb0,d3ce7764-eb85-4999-b965-c028f539ee33,1ecf29a6-9193-4a8b-9317-5dc319b94507,"{'text': 'commander', 'context': '0. Je vais commander une pizza pour le dîner.'}",eb9a2239-5a6c-4da5-8957-af8a90d3e880,b4c7cef7-679a-4c80-b0f3-d290cfe44aca,2024-11-26T09:10:04.028424+00:00,"{'source': 'b4c7cef7-679a-4c80-b0f3-d290cfe44aca', 'selector': [{'startContainer': '/', 'endContainer': '/', 'startOffset': 96, 'endOffset': 105}]}"
c16a2ce2-f986-4cba-8173-7766370b3965,d3ce7764-eb85-4999-b965-c028f539ee33,1ecf29a6-9193-4a8b-9317-5dc319b94507,"{'text': 'commander', 'context': '0. Je vais commander une pizza pour le dîner.'}",e920598f-774d-4e1c-a2dc-8fb9a6f3053f,b4c7cef7-679a-4c80-b0f3-d290cfe44aca,2024-11-25T10:14:51.846722+00:00,"{'source': 'b4c7cef7-679a-4c80-b0f3-d290cfe44aca', 'selector': [{'startContainer': '/', 'endContainer': '/', 'startOffset': 96, 'endOffset': 105}]}"
8300e9f4-7efe-4fbb-aa18-858e69fc387a,d3ce7764-eb85-4999-b965-c028f539ee33,1ecf29a6-9193-4a8b-9317-5dc319b94507,"{'text': 'commander', 'context': '0. Je vais commander une pizza pour le dîner.', 'proba': 1.0, 'process': 'reference word'}",d34602e1-1664-42cb-b139-c5cb8bcfa2a0,b4c7cef7-679a-4c80-b0f3-d290cfe44aca,2024-11-25T11:23:58.563874+00:00,"{'source': 'b4c7cef7-679a-4c80-b0f3-d290cfe44aca', 'selector': [{'startContainer': '/', 'endContainer': '/', 'startOffset': 96, 'endOffset': 106}]}"
6401c525-a492-4c16-9e11-40cfa8cdc826,d3ce7764-eb85-4999-b965-c028f539ee33,1ecf29a6-9193-4a8b-9317-5dc319b94507,"{'text': 'a changé', 'context': '0. Gérard a changé ses vêtements parce qu’ils étaient sales.'}",eb9a2239-5a6c-4da5-8957-af8a90d3e880,70eb81d7-9785-4d5b-8ba9-de7f848002ec,2024-11-26T09:07:19.760259+00:00,"{'source': '70eb81d7-9785-4d5b-8ba9-de7f848002ec', 'selector': [{'startContainer': '/', 'endContainer': '/', 'startOffset': 93, 'endOffset': 101}]}"
8755b5c8-b405-4161-a9ca-4f2103b3394d,d3ce7764-eb85-4999-b965-c028f539ee33,1ecf29a6-9193-4a8b-9317-5dc319b94507,"{'text': 'changé', 'context': '1. Il a changé de travail récemment.', 'proba': 1.0, 'process': 'reference word'}",d34602e1-1664-42cb-b139-c5cb8bcfa2a0,70eb81d7-9785-4d5b-8ba9-de7f848002ec,2024-11-25T11:21:44.061563+00:00,"{'source': '70eb81d7-9785-4d5b-8ba9-de7f848002ec', 'selector': [{'startContainer': '/', 'endContainer': '/', 'startOffset': 255, 'endOffset': 262}]}"
8ec168d6-c695-499a-9e91-fcfde5da3e90,d3ce7764-eb85-4999-b965-c028f539ee33,1ecf29a6-9193-4a8b-9317-5dc319b94507,"{'text': 'changé', 'context': '1. Il a changé de travail récemment.'}",e920598f-774d-4e1c-a2dc-8fb9a6f3053f,70eb81d7-9785-4d5b-8ba9-de7f848002ec,2024-11-25T09:51:01.667935+00:00,"{'source': '70eb81d7-9785-4d5b-8ba9-de7f848002ec', 'selector': [{'startContainer': '/', 'endContainer': '/', 'startOffset': 255, 'endOffset': 261}]}"
4d9a4c20-73ee-424f-b5f3-4ffdd04702a9,default,0,"{'text': 'changé', 'context': '1. Il a changé de travail récemment.', 'proba': 1.0, 'process': 'reference word'}",fe4bab23-b07f-4e52-ac3f-7391d5aef4fb,70eb81d7-9785-4d5b-8ba9-de7f848002ec,2025-01-03T12:54:01.688730,"{'source': '70eb81d7-9785-4d5b-8ba9-de7f848002ec', 'selector': [{'startContainer': '/', 'endContainer': '/', 'startOffset': 255, 'endOffset': 262}]}"
61d86dc2-e6ad-4087-9958-b5d03c51d661,default,0,"{'text': 'changé', 'context': '1. Il a changé de travail récemment.', 'proba': 1.0, 'process': 'reference word'}",da26a09b-917d-4c13-953a-63d39bcac892,70eb81d7-9785-4d5b-8ba9-de7f848002ec,2025-01-03T12:54:01.688730,"{'source': '70eb81d7-9785-4d5b-8ba9-de7f848002ec', 'selector': [{'startContainer': '/', 'endContainer': '/', 'startOffset': 255, 'endOffset': 262}]}"
99e0276e-6d92-41d8-b0e2-b130b3b1abcc,d3ce7764-eb85-4999-b965-c028f539ee33,1ecf29a6-9193-4a8b-9317-5dc319b94507,"{'text': 'changé', 'context': '0. Gérard a changé ses vêtements parce qu’ils étaient sales.'}",e920598f-774d-4e1c-a2dc-8fb9a6f3053f,70eb81d7-9785-4d5b-8ba9-de7f848002ec,2024-11-25T09:50:59.761914+00:00,"{'source': '70eb81d7-9785-4d5b-8ba9-de7f848002ec', 'selector': [{'startContainer': '/', 'endContainer': '/', 'startOffset': 95, 'endOffset': 101}]}"
63b78f5d-dae3-42b9-ba71-db8199caffc3,default,1ecf29a6-9193-4a8b-9317-5dc319b94507,"{'text': 'changé', 'context': '1. Il a changé de travail récemment.', 'proba': 1.0, 'process': 'reference word'}",84dcf943-f4b3-4886-a2d5-e0a3661cde64,70eb81d7-9785-4d5b-8ba9-de7f848002ec,2025-01-03T12:54:01.688730,"{'source': '70eb81d7-9785-4d5b-8ba9-de7f848002ec', 'selector': [{'startContainer': '/', 'endContainer': '/', 'startOffset': 255, 'endOffset': 262}]}"
48ca7897-fb5c-4b8d-a4cc-90b460053c87,d3ce7764-eb85-4999-b965-c028f539ee33,1ecf29a6-9193-4a8b-9317-5dc319b94507,"{'text': 'a changé', 'context': '1. Il a changé de travail récemment.'}",eb9a2239-5a6c-4da5-8957-af8a90d3e880,70eb81d7-9785-4d5b-8ba9-de7f848002ec,2024-11-26T09:07:23.651669+00:00,"{'source': '70eb81d7-9785-4d5b-8ba9-de7f848002ec', 'selector': [{'startContainer': '/', 'endContainer': '/', 'startOffset': 253, 'endOffset': 261}]}"
27dfbeea-0375-4fb9-b2f6-0700c98b7735,default,0,"{'text': 'changé', 'context': '0. Gérard a changé ses vêtements parce qu’ils étaient sales.', 'proba': 0.5}",da26a09b-917d-4c13-953a-63d39bcac892,70eb81d7-9785-4d5b-8ba9-de7f848002ec,2025-01-03T12:54:01.688761,"{'source': '70eb81d7-9785-4d5b-8ba9-de7f848002ec', 'selector': [{'startContainer': '/', 'endContainer': '/', 'startOffset': 95, 'endOffset': 102}]}"
13ea07cc-9f6c-4b7a-8786-40886e82e4cb,default,1ecf29a6-9193-4a8b-9317-5dc319b94507,"{'text': 'changé', 'context': '0. Gérard a changé ses vêtements parce qu’ils étaient sales.', 'proba': 0.5}",84dcf943-f4b3-4886-a2d5-e0a3661cde64,70eb81d7-9785-4d5b-8ba9-de7f848002ec,2025-01-03T12:54:01.688761,"{'source': '70eb81d7-9785-4d5b-8ba9-de7f848002ec', 'selector': [{'startContainer': '/', 'endContainer': '/', 'startOffset': 95, 'endOffset': 102}]}"
0d3c5c18-5a48-46e3-b2e7-b7b9b8ec8b38,default,1,"{'text': 'changé', 'context': '0. Gérard a changé ses vêtements parce qu’ils étaient sales.', 'proba': 0.5}",fe4bab23-b07f-4e52-ac3f-7391d5aef4fb,70eb81d7-9785-4d5b-8ba9-de7f848002ec,2025-01-03T12:54:01.688761,"{'source': '70eb81d7-9785-4d5b-8ba9-de7f848002ec', 'selector': [{'startContainer': '/', 'endContainer': '/', 'startOffset': 95, 'endOffset': 102}]}"
5fadd1de-6962-4259-abec-1cdd3f92c7c0,d3ce7764-eb85-4999-b965-c028f539ee33,1ecf29a6-9193-4a8b-9317-5dc319b94507,"{'text': 'changé', 'context': '0. Gérard a changé ses vêtements parce qu’ils étaient sales.', 'proba': 0.5}",d34602e1-1664-42cb-b139-c5cb8bcfa2a0,70eb81d7-9785-4d5b-8ba9-de7f848002ec,2024-11-25T11:21:41.912606+00:00,"{'source': '70eb81d7-9785-4d5b-8ba9-de7f848002ec', 'selector': [{'startContainer': '/', 'endContainer': '/', 'startOffset': 95, 'endOffset': 102}]}"
dc21d43f-9723-438e-8170-d4ca2d1f723c,default,0,"{'text': 'Allez', 'context': ""0. Allez à l'école tous les jours."", 'proba': 1.0}",fe4bab23-b07f-4e52-ac3f-7391d5aef4fb,23a02fb1-5303-4d3b-a2e6-ce20156807ec,2025-01-03T12:54:01.688874,"{'source': '23a02fb1-5303-4d3b-a2e6-ce20156807ec', 'selector': [{'startContainer': '/', 'endContainer': '/', 'startOffset': 84, 'endOffset': 90}]}"
f6b90895-d868-40a6-b4f6-233d427f7280,d3ce7764-eb85-4999-b965-c028f539ee33,1ecf29a6-9193-4a8b-9317-5dc319b94507,"{'text': 'Allez', 'context': ""1. Allez à l'école tous les jours.""}",e920598f-774d-4e1c-a2dc-8fb9a6f3053f,23a02fb1-5303-4d3b-a2e6-ce20156807ec,2024-11-25T09:21:45.527671+00:00,"{'source': '23a02fb1-5303-4d3b-a2e6-ce20156807ec', 'selector': [{'startContainer': '/', 'endContainer': '/', 'startOffset': 220, 'endOffset': 225}]}"
ebd916e1-31c6-47a9-9357-d96d5e8e145d,default,1ecf29a6-9193-4a8b-9317-5dc319b94507,"{'text': 'Allez', 'context': ""3. Allez à l'école tous les jours."", 'proba': 1.0, 'process': 'reference word'}",84dcf943-f4b3-4886-a2d5-e0a3661cde64,23a02fb1-5303-4d3b-a2e6-ce20156807ec,2025-01-03T12:54:01.688800,"{'source': '23a02fb1-5303-4d3b-a2e6-ce20156807ec', 'selector': [{'startContainer': '/', 'endContainer': '/', 'startOffset': 494, 'endOffset': 500}]}"
c63fe799-fa0e-47a9-9e8e-3de452eab06b,default,0,"{'text': 'Allez', 'context': ""3. Allez à l'école tous les jours."", 'proba': 1.0, 'process': 'reference word'}",fe4bab23-b07f-4e52-ac3f-7391d5aef4fb,23a02fb1-5303-4d3b-a2e6-ce20156807ec,2025-01-03T12:54:01.688800,"{'source': '23a02fb1-5303-4d3b-a2e6-ce20156807ec', 'selector': [{'startContainer': '/', 'endContainer': '/', 'startOffset': 494, 'endOffset': 500}]}"
2ab0ef06-cea9-4200-a961-5a261f6a8006,d3ce7764-eb85-4999-b965-c028f539ee33,1ecf29a6-9193-4a8b-9317-5dc319b94507,"{'text': 'Allez', 'context': ""0. Allez à l'école tous les jours.""}",eb9a2239-5a6c-4da5-8957-af8a90d3e880,23a02fb1-5303-4d3b-a2e6-ce20156807ec,2024-11-26T09:01:52.800497+00:00,"{'source': '23a02fb1-5303-4d3b-a2e6-ce20156807ec', 'selector': [{'startContainer': '/', 'endContainer': '/', 'startOffset': 84, 'endOffset': 89}]}"
e23a8636-add9-4494-976e-5052c55147c2,default,1ecf29a6-9193-4a8b-9317-5dc319b94507,"{'text': 'Allez', 'context': ""1. Allez à l'école tous les jours."", 'proba': 1.0}",84dcf943-f4b3-4886-a2d5-e0a3661cde64,23a02fb1-5303-4d3b-a2e6-ce20156807ec,2025-01-03T12:54:01.688842,"{'source': '23a02fb1-5303-4d3b-a2e6-ce20156807ec', 'selector': [{'startContainer': '/', 'endContainer': '/', 'startOffset': 220, 'endOffset': 226}]}"
07ab8a15-7a5e-4705-b832-2466e3e1c164,d3ce7764-eb85-4999-b965-c028f539ee33,1ecf29a6-9193-4a8b-9317-5dc319b94507,"{'text': 'vais', 'context': ""2. Je vais à l'école tous les jours.""}",e920598f-774d-4e1c-a2dc-8fb9a6f3053f,23a02fb1-5303-4d3b-a2e6-ce20156807ec,2024-11-25T09:21:48.309717+00:00,"{'source': '23a02fb1-5303-4d3b-a2e6-ce20156807ec', 'selector': [{'startContainer': '/', 'endContainer': '/', 'startOffset': 359, 'endOffset': 363}]}"
60bd9b64-a83c-4ef3-af62-4b1929cec380,default,1ecf29a6-9193-4a8b-9317-5dc319b94507,"{'text': 'Allez', 'context': ""0. Allez à l'école tous les jours."", 'proba': 1.0}",84dcf943-f4b3-4886-a2d5-e0a3661cde64,23a02fb1-5303-4d3b-a2e6-ce20156807ec,2025-01-03T12:54:01.688874,"{'source': '23a02fb1-5303-4d3b-a2e6-ce20156807ec', 'selector': [{'startContainer': '/', 'endContainer': '/', 'startOffset': 84, 'endOffset': 90}]}"
b871c233-2491-48f4-a145-5bce8fe48fc7,d3ce7764-eb85-4999-b965-c028f539ee33,1ecf29a6-9193-4a8b-9317-5dc319b94507,"{'text': 'Je vais', 'context': ""2. Je vais à l'école tous les jours.""}",eb9a2239-5a6c-4da5-8957-af8a90d3e880,23a02fb1-5303-4d3b-a2e6-ce20156807ec,2024-11-26T09:01:59.954006+00:00,"{'source': '23a02fb1-5303-4d3b-a2e6-ce20156807ec', 'selector': [{'startContainer': '/', 'endContainer': '/', 'startOffset': 356, 'endOffset': 363}]}"
3908a05a-9352-4589-8263-e0a2cf3fc475,default,1ecf29a6-9193-4a8b-9317-5dc319b94507,"{'text': 'vais', 'context': ""2. Je vais à l'école tous les jours."", 'proba': 0.9}",84dcf943-f4b3-4886-a2d5-e0a3661cde64,23a02fb1-5303-4d3b-a2e6-ce20156807ec,2025-01-03T12:54:01.688945,"{'source': '23a02fb1-5303-4d3b-a2e6-ce20156807ec', 'selector': [{'startContainer': '/', 'endContainer': '/', 'startOffset': 359, 'endOffset': 364}]}"
2db20446-8165-412b-b81c-21f7055ffb52,d3ce7764-eb85-4999-b965-c028f539ee33,1ecf29a6-9193-4a8b-9317-5dc319b94507,"{'text': 'Allez', 'context': ""1. Allez à l'école tous les jours.""}",eb9a2239-5a6c-4da5-8957-af8a90d3e880,23a02fb1-5303-4d3b-a2e6-ce20156807ec,2024-11-26T09:01:55.971088+00:00,"{'source': '23a02fb1-5303-4d3b-a2e6-ce20156807ec', 'selector': [{'startContainer': '/', 'endContainer': '/', 'startOffset': 220, 'endOffset': 225}]}"
c5e745cc-03fd-4cc0-8208-7a61994943f9,default,0,"{'text': 'Allez', 'context': ""1. Allez à l'école tous les jours."", 'proba': 1.0}",fe4bab23-b07f-4e52-ac3f-7391d5aef4fb,23a02fb1-5303-4d3b-a2e6-ce20156807ec,2025-01-03T12:54:01.688842,"{'source': '23a02fb1-5303-4d3b-a2e6-ce20156807ec', 'selector': [{'startContainer': '/', 'endContainer': '/', 'startOffset': 220, 'endOffset': 226}]}"
07af254a-86d1-4e2b-a7d0-5c7b87e9c068,d3ce7764-eb85-4999-b965-c028f539ee33,1ecf29a6-9193-4a8b-9317-5dc319b94507,"{'text': 'Allez', 'context': ""3. Allez à l'école tous les jours."", 'proba': 1.0, 'process': 'reference word'}",d34602e1-1664-42cb-b139-c5cb8bcfa2a0,23a02fb1-5303-4d3b-a2e6-ce20156807ec,2024-12-27T08:13:17.999888+00:00,"{'source': '23a02fb1-5303-4d3b-a2e6-ce20156807ec', 'selector': [{'startContainer': '/', 'endContainer': '/', 'startOffset': 494, 'endOffset': 500}]}"
00362d91-e185-429c-998d-14a479ae2158,d3ce7764-eb85-4999-b965-c028f539ee33,1ecf29a6-9193-4a8b-9317-5dc319b94507,"{'text': 'Allez', 'context': ""3. Allez à l'école tous les jours.""}",e920598f-774d-4e1c-a2dc-8fb9a6f3053f,23a02fb1-5303-4d3b-a2e6-ce20156807ec,2024-11-25T09:21:50.354810+00:00,"{'source': '23a02fb1-5303-4d3b-a2e6-ce20156807ec', 'selector': [{'startContainer': '/', 'endContainer': '/', 'startOffset': 494, 'endOffset': 499}]}"
31f6ee87-855c-4e61-be75-1ec0634ffdd7,default,0,"{'text': 'vais', 'context': ""2. Je vais à l'école tous les jours."", 'proba': 0.9}",fe4bab23-b07f-4e52-ac3f-7391d5aef4fb,23a02fb1-5303-4d3b-a2e6-ce20156807ec,2025-01-03T12:54:01.688945,"{'source': '23a02fb1-5303-4d3b-a2e6-ce20156807ec', 'selector': [{'startContainer': '/', 'endContainer': '/', 'startOffset': 359, 'endOffset': 364}]}"
4fd4d9c4-de7f-4614-adc9-5dfa8133a0e2,d3ce7764-eb85-4999-b965-c028f539ee33,1ecf29a6-9193-4a8b-9317-5dc319b94507,"{'text': 'Allez', 'context': ""0. Allez à l'école tous les jours.""}",e920598f-774d-4e1c-a2dc-8fb9a6f3053f,23a02fb1-5303-4d3b-a2e6-ce20156807ec,2024-11-25T09:21:38.419480+00:00,"{'source': '23a02fb1-5303-4d3b-a2e6-ce20156807ec', 'selector': [{'startContainer': '/', 'endContainer': '/', 'startOffset': 84, 'endOffset': 89}]}"
4f1fa708-5bae-4a49-8740-9bdfb68bf5f4,default,0,"{'text': 'vais', 'context': ""2. Je vais à l'école tous les jours."", 'proba': 0.9}",da26a09b-917d-4c13-953a-63d39bcac892,23a02fb1-5303-4d3b-a2e6-ce20156807ec,2025-01-03T12:54:01.688945,"{'source': '23a02fb1-5303-4d3b-a2e6-ce20156807ec', 'selector': [{'startContainer': '/', 'endContainer': '/', 'startOffset': 359, 'endOffset': 364}]}"
9485e6b6-8e7f-48fc-ade6-efeba96eaa1c,default,0,"{'text': 'Allez', 'context': ""0. Allez à l'école tous les jours."", 'proba': 1.0}",da26a09b-917d-4c13-953a-63d39bcac892,23a02fb1-5303-4d3b-a2e6-ce20156807ec,2025-01-03T12:54:01.688874,"{'source': '23a02fb1-5303-4d3b-a2e6-ce20156807ec', 'selector': [{'startContainer': '/', 'endContainer': '/', 'startOffset': 84, 'endOffset': 90}]}"
78b15877-dc83-454d-9585-0614e045ba7c,d3ce7764-eb85-4999-b965-c028f539ee33,1ecf29a6-9193-4a8b-9317-5dc319b94507,"{'text': 'Allez', 'context': ""1. Allez à l'école tous les jours."", 'proba': 1.0}",d34602e1-1664-42cb-b139-c5cb8bcfa2a0,23a02fb1-5303-4d3b-a2e6-ce20156807ec,2024-11-25T09:06:44.104234+00:00,"{'source': '23a02fb1-5303-4d3b-a2e6-ce20156807ec', 'selector': [{'startContainer': '/', 'endContainer': '/', 'startOffset': 220, 'endOffset': 226}]}"
6dcf438d-ae74-4c34-afe4-d1b3b1904621,d3ce7764-eb85-4999-b965-c028f539ee33,1ecf29a6-9193-4a8b-9317-5dc319b94507,"{'text': 'Allez', 'context': ""0. Allez à l'école tous les jours."", 'proba': 1.0}",d34602e1-1664-42cb-b139-c5cb8bcfa2a0,23a02fb1-5303-4d3b-a2e6-ce20156807ec,2024-11-25T09:06:41.251592+00:00,"{'source': '23a02fb1-5303-4d3b-a2e6-ce20156807ec', 'selector': [{'startContainer': '/', 'endContainer': '/', 'startOffset': 84, 'endOffset': 90}]}"
bbf149e4-49d1-4bfa-9685-6eee3ea021ad,default,0,"{'text': 'Allez', 'context': ""1. Allez à l'école tous les jours."", 'proba': 1.0}",da26a09b-917d-4c13-953a-63d39bcac892,23a02fb1-5303-4d3b-a2e6-ce20156807ec,2025-01-03T12:54:01.688842,"{'source': '23a02fb1-5303-4d3b-a2e6-ce20156807ec', 'selector': [{'startContainer': '/', 'endContainer': '/', 'startOffset': 220, 'endOffset': 226}]}"
10d1ab10-b39c-45e7-ae9d-f3f708a3ecdb,d3ce7764-eb85-4999-b965-c028f539ee33,1ecf29a6-9193-4a8b-9317-5dc319b94507,"{'text': 'vais', 'context': ""2. Je vais à l'école tous les jours."", 'proba': 0.9}",d34602e1-1664-42cb-b139-c5cb8bcfa2a0,23a02fb1-5303-4d3b-a2e6-ce20156807ec,2024-11-25T09:06:47.160864+00:00,"{'source': '23a02fb1-5303-4d3b-a2e6-ce20156807ec', 'selector': [{'startContainer': '/', 'endContainer': '/', 'startOffset': 359, 'endOffset': 364}]}"
daf8de53-953f-41ae-a748-6e3e17207526,default,0,"{'text': 'Allez', 'context': ""3. Allez à l'école tous les jours."", 'proba': 1.0, 'process': 'reference word'}",da26a09b-917d-4c13-953a-63d39bcac892,23a02fb1-5303-4d3b-a2e6-ce20156807ec,2025-01-03T12:54:01.688800,"{'source': '23a02fb1-5303-4d3b-a2e6-ce20156807ec', 'selector': [{'startContainer': '/', 'endContainer': '/', 'startOffset': 494, 'endOffset': 500}]}"
7639b957-b577-4317-86d3-b1dc2f127acb,default,1ecf29a6-9193-4a8b-9317-5dc319b94507,"{'text': 'aime', 'context': '0. Pour qu’un enfant soit heureux, il faut lui rappeler tous les jours qu’on l’aime.', 'proba': 1.0, 'process': 'reference word'}",84dcf943-f4b3-4886-a2d5-e0a3661cde64,a589cf2c-035c-4f96-8081-98c19bfbcf6f,2025-01-03T12:54:01.688986,"{'source': 'a589cf2c-035c-4f96-8081-98c19bfbcf6f', 'selector': [{'startContainer': '/', 'endContainer': '/', 'startOffset': 160, 'endOffset': 164}]}"
02c47d72-c2f6-4250-ae94-783d2fd57949,default,0,"{'text': 'aimé', 'context': '1. Il a toujours aimé les animaux.', 'proba': 0.8}",da26a09b-917d-4c13-953a-63d39bcac892,a589cf2c-035c-4f96-8081-98c19bfbcf6f,2025-01-03T12:54:01.689055,"{'source': 'a589cf2c-035c-4f96-8081-98c19bfbcf6f', 'selector': [{'startContainer': '/', 'endContainer': '/', 'startOffset': 284, 'endOffset': 289}]}"
3b95754c-0f2d-4e7a-96ac-8602f6e31d47,default,0,"{'text': 'aime', 'context': '2. Elle aime les fleurs.', 'proba': 0.8}",fe4bab23-b07f-4e52-ac3f-7391d5aef4fb,a589cf2c-035c-4f96-8081-98c19bfbcf6f,2025-01-03T12:54:01.689021,"{'source': 'a589cf2c-035c-4f96-8081-98c19bfbcf6f', 'selector': [{'startContainer': '/', 'endContainer': '/', 'startOffset': 411, 'endOffset': 416}]}"
c0e4363b-29df-45cb-95e7-f2b11cc5f4a1,d3ce7764-eb85-4999-b965-c028f539ee33,1ecf29a6-9193-4a8b-9317-5dc319b94507,"{'text': 'aime', 'context': '2. Elle aime les fleurs.'}",e920598f-774d-4e1c-a2dc-8fb9a6f3053f,a589cf2c-035c-4f96-8081-98c19bfbcf6f,2024-11-25T10:14:12.415723+00:00,"{'source': 'a589cf2c-035c-4f96-8081-98c19bfbcf6f', 'selector': [{'startContainer': '/', 'endContainer': '/', 'startOffset': 411, 'endOffset': 415}]}"
68d8e259-5cdc-4cf8-bf0e-895852f12f8e,default,1ecf29a6-9193-4a8b-9317-5dc319b94507,"{'text': 'aime', 'context': '2. Elle aime les fleurs.', 'proba': 0.8}",84dcf943-f4b3-4886-a2d5-e0a3661cde64,a589cf2c-035c-4f96-8081-98c19bfbcf6f,2025-01-03T12:54:01.689021,"{'source': 'a589cf2c-035c-4f96-8081-98c19bfbcf6f', 'selector': [{'startContainer': '/', 'endContainer': '/', 'startOffset': 411, 'endOffset': 416}]}"
5a5c5d94-da6b-440a-83f1-22f9d4e04d7b,default,0,"{'text': 'aime', 'context': '2. Elle aime les fleurs.', 'proba': 0.8}",da26a09b-917d-4c13-953a-63d39bcac892,a589cf2c-035c-4f96-8081-98c19bfbcf6f,2025-01-03T12:54:01.689021,"{'source': 'a589cf2c-035c-4f96-8081-98c19bfbcf6f', 'selector': [{'startContainer': '/', 'endContainer': '/', 'startOffset': 411, 'endOffset': 416}]}"
8ce5c5d6-651a-42ab-a00d-74a288cfe73d,d3ce7764-eb85-4999-b965-c028f539ee33,1ecf29a6-9193-4a8b-9317-5dc319b94507,"{'text': 'aime', 'context': '0. Pour qu’un enfant soit heureux, il faut lui rappeler tous les jours qu’on l’aime.'}",eb9a2239-5a6c-4da5-8957-af8a90d3e880,a589cf2c-035c-4f96-8081-98c19bfbcf6f,2024-11-26T09:08:53.760518+00:00,"{'source': 'a589cf2c-035c-4f96-8081-98c19bfbcf6f', 'selector': [{'startContainer': '/', 'endContainer': '/', 'startOffset': 160, 'endOffset': 164}]}"
b5ab9d0c-904d-4467-90eb-9f7b73e744ec,default,1ecf29a6-9193-4a8b-9317-5dc319b94507,"{'text': 'aimé', 'context': '1. Il a toujours aimé les animaux.', 'proba': 0.8}",84dcf943-f4b3-4886-a2d5-e0a3661cde64,a589cf2c-035c-4f96-8081-98c19bfbcf6f,2025-01-03T12:54:01.689055,"{'source': 'a589cf2c-035c-4f96-8081-98c19bfbcf6f', 'selector': [{'startContainer': '/', 'endContainer': '/', 'startOffset': 284, 'endOffset': 289}]}"
90559850-47cd-474e-90c5-09765e49698d,d3ce7764-eb85-4999-b965-c028f539ee33,1ecf29a6-9193-4a8b-9317-5dc319b94507,"{'text': 'aime', 'context': '0. Pour qu’un enfant soit heureux, il faut lui rappeler tous les jours qu’on l’aime.', 'proba': 1.0, 'process': 'reference word'}",d34602e1-1664-42cb-b139-c5cb8bcfa2a0,a589cf2c-035c-4f96-8081-98c19bfbcf6f,2024-11-25T11:23:16.280904+00:00,"{'source': 'a589cf2c-035c-4f96-8081-98c19bfbcf6f', 'selector': [{'startContainer': '/', 'endContainer': '/', 'startOffset': 160, 'endOffset': 164}]}"
530d28d5-af57-4f45-aa25-579aaa66968c,default,0,"{'text': 'aime', 'context': '0. Pour qu’un enfant soit heureux, il faut lui rappeler tous les jours qu’on l’aime.', 'proba': 1.0, 'process': 'reference word'}",fe4bab23-b07f-4e52-ac3f-7391d5aef4fb,a589cf2c-035c-4f96-8081-98c19bfbcf6f,2025-01-03T12:54:01.688986,"{'source': 'a589cf2c-035c-4f96-8081-98c19bfbcf6f', 'selector': [{'startContainer': '/', 'endContainer': '/', 'startOffset': 160, 'endOffset': 164}]}"
a8d1c71b-7f6e-4266-9c6f-f0d7ae87ada1,d3ce7764-eb85-4999-b965-c028f539ee33,1ecf29a6-9193-4a8b-9317-5dc319b94507,"{'text': 'aimé', 'context': '1. Il a toujours aimé les animaux.'}",e920598f-774d-4e1c-a2dc-8fb9a6f3053f,a589cf2c-035c-4f96-8081-98c19bfbcf6f,2024-11-25T10:14:12.411636+00:00,"{'source': 'a589cf2c-035c-4f96-8081-98c19bfbcf6f', 'selector': [{'startContainer': '/', 'endContainer': '/', 'startOffset': 284, 'endOffset': 288}]}"
d22d8faf-6d37-4c82-8f3d-d9093c4200ca,d3ce7764-eb85-4999-b965-c028f539ee33,1ecf29a6-9193-4a8b-9317-5dc319b94507,"{'text': 'aime', 'context': '2. Elle aime les fleurs.', 'proba': 0.8}",d34602e1-1664-42cb-b139-c5cb8bcfa2a0,a589cf2c-035c-4f96-8081-98c19bfbcf6f,2024-11-25T11:23:21.008188+00:00,"{'source': 'a589cf2c-035c-4f96-8081-98c19bfbcf6f', 'selector': [{'startContainer': '/', 'endContainer': '/', 'startOffset': 411, 'endOffset': 416}]}"
50f238a6-d500-4623-84b3-7dec18c81e88,d3ce7764-eb85-4999-b965-c028f539ee33,1ecf29a6-9193-4a8b-9317-5dc319b94507,"{'text': 'aime', 'context': '2. Elle aime les fleurs.'}",eb9a2239-5a6c-4da5-8957-af8a90d3e880,a589cf2c-035c-4f96-8081-98c19bfbcf6f,2024-11-26T09:09:00.852110+00:00,"{'source': 'a589cf2c-035c-4f96-8081-98c19bfbcf6f', 'selector': [{'startContainer': '/', 'endContainer': '/', 'startOffset': 411, 'endOffset': 415}]}"
fccebf19-be7b-4728-8035-804ebe9465da,default,0,"{'text': 'aimé', 'context': '1. Il a toujours aimé les animaux.', 'proba': 0.8}",fe4bab23-b07f-4e52-ac3f-7391d5aef4fb,a589cf2c-035c-4f96-8081-98c19bfbcf6f,2025-01-03T12:54:01.689055,"{'source': 'a589cf2c-035c-4f96-8081-98c19bfbcf6f', 'selector': [{'startContainer': '/', 'endContainer': '/', 'startOffset': 284, 'endOffset': 289}]}"
4cdbb04e-06d0-4c78-97d4-9c4cecd01cae,d3ce7764-eb85-4999-b965-c028f539ee33,1ecf29a6-9193-4a8b-9317-5dc319b94507,"{'text': 'aime', 'context': '0. Pour qu’un enfant soit heureux, il faut lui rappeler tous les jours qu’on l’aime.'}",e920598f-774d-4e1c-a2dc-8fb9a6f3053f,a589cf2c-035c-4f96-8081-98c19bfbcf6f,2024-11-25T10:14:12.409757+00:00,"{'source': 'a589cf2c-035c-4f96-8081-98c19bfbcf6f', 'selector': [{'startContainer': '/', 'endContainer': '/', 'startOffset': 160, 'endOffset': 164}]}"
bc3f3ad7-b2c3-45a4-a5cc-e82f1557697f,default,0,"{'text': 'aime', 'context': '0. Pour qu’un enfant soit heureux, il faut lui rappeler tous les jours qu’on l’aime.', 'proba': 1.0, 'process': 'reference word'}",da26a09b-917d-4c13-953a-63d39bcac892,a589cf2c-035c-4f96-8081-98c19bfbcf6f,2025-01-03T12:54:01.688986,"{'source': 'a589cf2c-035c-4f96-8081-98c19bfbcf6f', 'selector': [{'startContainer': '/', 'endContainer': '/', 'startOffset': 160, 'endOffset': 164}]}"
1d909857-2ee2-47dd-987f-aff7e3533966,d3ce7764-eb85-4999-b965-c028f539ee33,1ecf29a6-9193-4a8b-9317-5dc319b94507,"{'text': 'aimé', 'context': '1. Il a toujours aimé les animaux.', 'proba': 0.8}",d34602e1-1664-42cb-b139-c5cb8bcfa2a0,a589cf2c-035c-4f96-8081-98c19bfbcf6f,2024-11-25T11:23:18.413695+00:00,"{'source': 'a589cf2c-035c-4f96-8081-98c19bfbcf6f', 'selector': [{'startContainer': '/', 'endContainer': '/', 'startOffset': 284, 'endOffset': 289}]}"
a8a752e3-1366-4407-aad8-c9d29b9899be,d3ce7764-eb85-4999-b965-c028f539ee33,1ecf29a6-9193-4a8b-9317-5dc319b94507,"{'text': 'aimé', 'context': '1. Il a toujours aimé les animaux.'}",eb9a2239-5a6c-4da5-8957-af8a90d3e880,a589cf2c-035c-4f96-8081-98c19bfbcf6f,2024-11-26T09:08:56.961211+00:00,"{'source': 'a589cf2c-035c-4f96-8081-98c19bfbcf6f', 'selector': [{'startContainer': '/', 'endContainer': '/', 'startOffset': 284, 'endOffset': 288}]}"
9055994d-5130-4809-b70c-f678ac5ff4bc,d3ce7764-eb85-4999-b965-c028f539ee33,1ecf29a6-9193-4a8b-9317-5dc319b94507,"{'text': 'rien', 'context': ""0. Il n'y a rien dans le frigo.""}",e920598f-774d-4e1c-a2dc-8fb9a6f3053f,0cf0fd37-d4ea-4b72-9530-965d1867effb,2024-11-25T09:18:53.813885+00:00,"{'source': '0cf0fd37-d4ea-4b72-9530-965d1867effb', 'selector': [{'startContainer': '/', 'endContainer': '/', 'startOffset': 92, 'endOffset': 96}]}"
0719e944-52f4-4132-ad7a-b55a1452852c,d3ce7764-eb85-4999-b965-c028f539ee33,1ecf29a6-9193-4a8b-9317-5dc319b94507,"{'text': 'rien', 'context': ""0. Il n'y a rien dans le frigo."", 'proba': 1.0}",d34602e1-1664-42cb-b139-c5cb8bcfa2a0,0cf0fd37-d4ea-4b72-9530-965d1867effb,2024-12-27T08:10:42.822208+00:00,"{'source': '0cf0fd37-d4ea-4b72-9530-965d1867effb', 'selector': [{'startContainer': '/', 'endContainer': '/', 'startOffset': 92, 'endOffset': 97}]}"
1d561dcd-5791-4098-8aa5-72d669c5cbab,d3ce7764-eb85-4999-b965-c028f539ee33,1ecf29a6-9193-4a8b-9317-5dc319b94507,"{'text': 'rien', 'context': ""1. Il n'y a rien dans le frigo.""}",eb9a2239-5a6c-4da5-8957-af8a90d3e880,0cf0fd37-d4ea-4b72-9530-965d1867effb,2024-11-26T08:48:18.317442+00:00,"{'source': '0cf0fd37-d4ea-4b72-9530-965d1867effb', 'selector': [{'startContainer': '/', 'endContainer': '/', 'startOffset': 224, 'endOffset': 228}]}"
32ebcb74-430e-4455-8021-6a79f2d769cc,default,1ecf29a6-9193-4a8b-9317-5dc319b94507,"{'text': 'rien', 'context': ""1. Il n'y a rien dans le frigo."", 'proba': 1.0, 'process': 'reference word'}",84dcf943-f4b3-4886-a2d5-e0a3661cde64,0cf0fd37-d4ea-4b72-9530-965d1867effb,2025-01-03T12:54:01.689122,"{'source': '0cf0fd37-d4ea-4b72-9530-965d1867effb', 'selector': [{'startContainer': '/', 'endContainer': '/', 'startOffset': 224, 'endOffset': 229}]}"
b6caa93a-38df-4d18-a6d9-4ceaf025b642,d3ce7764-eb85-4999-b965-c028f539ee33,1ecf29a6-9193-4a8b-9317-5dc319b94507,"{'text': 'rien', 'context': ""1. Il n'y a rien dans le frigo.""}",e920598f-774d-4e1c-a2dc-8fb9a6f3053f,0cf0fd37-d4ea-4b72-9530-965d1867effb,2024-11-25T09:18:58.596580+00:00,"{'source': '0cf0fd37-d4ea-4b72-9530-965d1867effb', 'selector': [{'startContainer': '/', 'endContainer': '/', 'startOffset': 224, 'endOffset': 228}]}"
725e1b49-9e7e-4273-8097-657de072f619,default,0,"{'text': 'rien', 'context': ""0. Il n'y a rien dans le frigo."", 'proba': 1.0}",da26a09b-917d-4c13-953a-63d39bcac892,0cf0fd37-d4ea-4b72-9530-965d1867effb,2025-01-03T12:54:01.689090,"{'source': '0cf0fd37-d4ea-4b72-9530-965d1867effb', 'selector': [{'startContainer': '/', 'endContainer': '/', 'startOffset': 92, 'endOffset': 97}]}"
800563a8-7e87-4de4-94c9-3257c867ed45,d3ce7764-eb85-4999-b965-c028f539ee33,1ecf29a6-9193-4a8b-9317-5dc319b94507,"{'text': 'rien', 'context': ""0. Il n'y a rien dans le frigo.""}",eb9a2239-5a6c-4da5-8957-af8a90d3e880,0cf0fd37-d4ea-4b72-9530-965d1867effb,2024-11-26T08:48:15.688985+00:00,"{'source': '0cf0fd37-d4ea-4b72-9530-965d1867effb', 'selector': [{'startContainer': '/', 'endContainer': '/', 'startOffset': 92, 'endOffset': 96}]}"
e18f4114-d4a1-4f03-8ea6-7a0e740c8c4f,default,1ecf29a6-9193-4a8b-9317-5dc319b94507,"{'text': 'rien', 'context': ""0. Il n'y a rien dans le frigo."", 'proba': 1.0}",84dcf943-f4b3-4886-a2d5-e0a3661cde64,0cf0fd37-d4ea-4b72-9530-965d1867effb,2025-01-03T12:54:01.689090,"{'source': '0cf0fd37-d4ea-4b72-9530-965d1867effb', 'selector': [{'startContainer': '/', 'endContainer': '/', 'startOffset': 92, 'endOffset': 97}]}"
e70c416a-dd1d-4c9f-ace2-703ff33488e1,default,0,"{'text': 'rien', 'context': ""1. Il n'y a rien dans le frigo."", 'proba': 1.0, 'process': 'reference word'}",fe4bab23-b07f-4e52-ac3f-7391d5aef4fb,0cf0fd37-d4ea-4b72-9530-965d1867effb,2025-01-03T12:54:01.689122,"{'source': '0cf0fd37-d4ea-4b72-9530-965d1867effb', 'selector': [{'startContainer': '/', 'endContainer': '/', 'startOffset': 224, 'endOffset': 229}]}"
55793924-9fb7-45b0-ad7c-c47296848c94,default,0,"{'text': 'rien', 'context': ""1. Il n'y a rien dans le frigo."", 'proba': 1.0, 'process': 'reference word'}",da26a09b-917d-4c13-953a-63d39bcac892,0cf0fd37-d4ea-4b72-9530-965d1867effb,2025-01-03T12:54:01.689122,"{'source': '0cf0fd37-d4ea-4b72-9530-965d1867effb', 'selector': [{'startContainer': '/', 'endContainer': '/', 'startOffset': 224, 'endOffset': 229}]}"
07cab3f7-704e-46cd-a672-2ac36513725b,d3ce7764-eb85-4999-b965-c028f539ee33,1ecf29a6-9193-4a8b-9317-5dc319b94507,"{'text': 'rien', 'context': ""1. Il n'y a rien dans le frigo."", 'proba': 1.0, 'process': 'reference word'}",d34602e1-1664-42cb-b139-c5cb8bcfa2a0,0cf0fd37-d4ea-4b72-9530-965d1867effb,2024-12-27T08:10:44.821186+00:00,"{'source': '0cf0fd37-d4ea-4b72-9530-965d1867effb', 'selector': [{'startContainer': '/', 'endContainer': '/', 'startOffset': 224, 'endOffset': 229}]}"
2e6bab25-d375-474f-bad1-4c47f544d083,default,0,"{'text': 'rien', 'context': ""0. Il n'y a rien dans le frigo."", 'proba': 1.0}",fe4bab23-b07f-4e52-ac3f-7391d5aef4fb,0cf0fd37-d4ea-4b72-9530-965d1867effb,2025-01-03T12:54:01.689090,"{'source': '0cf0fd37-d4ea-4b72-9530-965d1867effb', 'selector': [{'startContainer': '/', 'endContainer': '/', 'startOffset': 92, 'endOffset': 97}]}"
689a85f4-0436-442b-960f-145f53d12061,default,0,"{'text': 'voile', 'context': '0. Le voile est un foulard porté sur la tête par des femmes musulmanes.', 'proba': 1.0, 'process': 'reference word'}",fe4bab23-b07f-4e52-ac3f-7391d5aef4fb,dbf01186-cba3-45a5-9f1a-c4ae03a85dab,2025-01-03T12:54:01.689157,"{'source': 'dbf01186-cba3-45a5-9f1a-c4ae03a85dab', 'selector': [{'startContainer': '/', 'endContainer': '/', 'startOffset': 87, 'endOffset': 93}]}"
9fd5e137-cb48-4649-bf97-00a7e844eebd,default,1,"{'text': 'voile', 'context': '1. La voile est une activité qui se pratique dans un bateau à voile.', 'proba': 0.1}",fe4bab23-b07f-4e52-ac3f-7391d5aef4fb,dbf01186-cba3-45a5-9f1a-c4ae03a85dab,2025-01-03T12:54:01.689189,"{'source': 'dbf01186-cba3-45a5-9f1a-c4ae03a85dab', 'selector': [{'startContainer': '/', 'endContainer': '/', 'startOffset': 260, 'endOffset': 266}]}"
5e43a16d-7b25-488e-b54a-920d9e867d13,default,1ecf29a6-9193-4a8b-9317-5dc319b94507,"{'text': 'voile', 'context': '0. Le voile est un foulard porté sur la tête par des femmes musulmanes.', 'proba': 1.0, 'process': 'reference word'}",84dcf943-f4b3-4886-a2d5-e0a3661cde64,dbf01186-cba3-45a5-9f1a-c4ae03a85dab,2025-01-03T12:54:01.689157,"{'source': 'dbf01186-cba3-45a5-9f1a-c4ae03a85dab', 'selector': [{'startContainer': '/', 'endContainer': '/', 'startOffset': 87, 'endOffset': 93}]}"
7197c8e2-bd1e-4be8-ad0a-096f909a89bf,d3ce7764-eb85-4999-b965-c028f539ee33,371a5d39-6e41-427f-8e1f-6bf64504e080,"{'text': 'voile', 'context': '1. La voile est une activité qui se pratique dans un bateau à voile.'}",e920598f-774d-4e1c-a2dc-8fb9a6f3053f,dbf01186-cba3-45a5-9f1a-c4ae03a85dab,2024-11-25T10:18:32.977760+00:00,"{'source': 'dbf01186-cba3-45a5-9f1a-c4ae03a85dab', 'selector': [{'startContainer': '/', 'endContainer': '/', 'startOffset': 260, 'endOffset': 265}]}"
8908772f-d195-4ff5-a90a-26084ad79686,default,0,"{'text': 'voile', 'context': '0. Le voile est un foulard porté sur la tête par des femmes musulmanes.', 'proba': 1.0, 'process': 'reference word'}",da26a09b-917d-4c13-953a-63d39bcac892,dbf01186-cba3-45a5-9f1a-c4ae03a85dab,2025-01-03T12:54:01.689157,"{'source': 'dbf01186-cba3-45a5-9f1a-c4ae03a85dab', 'selector': [{'startContainer': '/', 'endContainer': '/', 'startOffset': 87, 'endOffset': 93}]}"
d1a91fcf-66ff-423b-9ff5-91a38c210435,d3ce7764-eb85-4999-b965-c028f539ee33,1ecf29a6-9193-4a8b-9317-5dc319b94507,"{'text': 'Le voile', 'context': '0. Le voile est un foulard porté sur la tête par des femmes musulmanes.'}",eb9a2239-5a6c-4da5-8957-af8a90d3e880,dbf01186-cba3-45a5-9f1a-c4ae03a85dab,2024-11-26T09:15:53.210741+00:00,"{'source': 'dbf01186-cba3-45a5-9f1a-c4ae03a85dab', 'selector': [{'startContainer': '/', 'endContainer': '/', 'startOffset': 84, 'endOffset': 92}]}"
3d6442d8-0db5-4a83-9e36-112bea1beddf,d3ce7764-eb85-4999-b965-c028f539ee33,1ecf29a6-9193-4a8b-9317-5dc319b94507,"{'text': 'voile', 'context': '0. Le voile est un foulard porté sur la tête par des femmes musulmanes.', 'proba': 1.0, 'process': 'reference word'}",d34602e1-1664-42cb-b139-c5cb8bcfa2a0,dbf01186-cba3-45a5-9f1a-c4ae03a85dab,2024-11-25T11:28:13.594303+00:00,"{'source': 'dbf01186-cba3-45a5-9f1a-c4ae03a85dab', 'selector': [{'startContainer': '/', 'endContainer': '/', 'startOffset': 87, 'endOffset': 93}]}"
59834265-90c3-487a-8796-445b231bc3b6,d3ce7764-eb85-4999-b965-c028f539ee33,371a5d39-6e41-427f-8e1f-6bf64504e080,"{'text': 'voile', 'context': '1. La voile est une activité qui se pratique dans un bateau à voile.', 'proba': 0.1}",d34602e1-1664-42cb-b139-c5cb8bcfa2a0,dbf01186-cba3-45a5-9f1a-c4ae03a85dab,2024-11-25T11:28:16.175946+00:00,"{'source': 'dbf01186-cba3-45a5-9f1a-c4ae03a85dab', 'selector': [{'startContainer': '/', 'endContainer': '/', 'startOffset': 260, 'endOffset': 266}]}"
4017a264-76a3-4cfe-a802-6ab8a0fb9a4c,default,1,"{'text': 'voile', 'context': '1. La voile est une activité qui se pratique dans un bateau à voile.', 'proba': 0.1}",da26a09b-917d-4c13-953a-63d39bcac892,dbf01186-cba3-45a5-9f1a-c4ae03a85dab,2025-01-03T12:54:01.689189,"{'source': 'dbf01186-cba3-45a5-9f1a-c4ae03a85dab', 'selector': [{'startContainer': '/', 'endContainer': '/', 'startOffset': 260, 'endOffset': 266}]}"
448f65d6-bd99-4d0d-9858-aac57235f36f,d3ce7764-eb85-4999-b965-c028f539ee33,371a5d39-6e41-427f-8e1f-6bf64504e080,"{'text': 'La voile', 'context': '1. La voile est une activité qui se pratique dans un bateau à voile.'}",eb9a2239-5a6c-4da5-8957-af8a90d3e880,dbf01186-cba3-45a5-9f1a-c4ae03a85dab,2024-11-26T09:15:56.531854+00:00,"{'source': 'dbf01186-cba3-45a5-9f1a-c4ae03a85dab', 'selector': [{'startContainer': '/', 'endContainer': '/', 'startOffset': 257, 'endOffset': 265}]}"
e53fbd12-31ca-4f65-a450-2238bffe9cae,d3ce7764-eb85-4999-b965-c028f539ee33,1ecf29a6-9193-4a8b-9317-5dc319b94507,"{'text': 'voile', 'context': '0. Le voile est un foulard porté sur la tête par des femmes musulmanes.'}",e920598f-774d-4e1c-a2dc-8fb9a6f3053f,dbf01186-cba3-45a5-9f1a-c4ae03a85dab,2024-11-25T10:18:31.515194+00:00,"{'source': 'dbf01186-cba3-45a5-9f1a-c4ae03a85dab', 'selector': [{'startContainer': '/', 'endContainer': '/', 'startOffset': 87, 'endOffset': 92}]}"
3f94f6db-2513-40da-aa33-d3d61453bf39,default,371a5d39-6e41-427f-8e1f-6bf64504e080,"{'text': 'voile', 'context': '1. La voile est une activité qui se pratique dans un bateau à voile.', 'proba': 0.1}",84dcf943-f4b3-4886-a2d5-e0a3661cde64,dbf01186-cba3-45a5-9f1a-c4ae03a85dab,2025-01-03T12:54:01.689189,"{'source': 'dbf01186-cba3-45a5-9f1a-c4ae03a85dab', 'selector': [{'startContainer': '/', 'endContainer': '/', 'startOffset': 260, 'endOffset': 266}]}"
fbb32532-c509-4334-9578-bea7ed2c5e00,default,0,"{'text': 'vis', 'context': ""1. J'ai besoin d'une vis pour réparer la chaise."", 'proba': 0.9}",da26a09b-917d-4c13-953a-63d39bcac892,ca71a974-b870-4a7a-9517-3b321e537486,2025-01-03T12:54:01.689256,"{'source': 'ca71a974-b870-4a7a-9517-3b321e537486', 'selector': [{'startContainer': '/', 'endContainer': '/', 'startOffset': 256, 'endOffset': 260}]}"
c1a19c6e-4ba0-432b-9585-29642376d7a5,default,1ecf29a6-9193-4a8b-9317-5dc319b94507,"{'text': 'vis', 'context': '0. Ma mère serre les vis des étagères avec un tournevis.', 'proba': 1.0, 'process': 'reference word'}",84dcf943-f4b3-4886-a2d5-e0a3661cde64,ca71a974-b870-4a7a-9517-3b321e537486,2025-01-03T12:54:01.689224,"{'source': 'ca71a974-b870-4a7a-9517-3b321e537486', 'selector': [{'startContainer': '/', 'endContainer': '/', 'startOffset': 100, 'endOffset': 104}]}"
20a64c69-f6ae-4279-9244-b3256786a6c0,d3ce7764-eb85-4999-b965-c028f539ee33,1ecf29a6-9193-4a8b-9317-5dc319b94507,"{'text': 'vis', 'context': ""1. J'ai besoin d'une vis pour réparer la chaise.""}",e920598f-774d-4e1c-a2dc-8fb9a6f3053f,ca71a974-b870-4a7a-9517-3b321e537486,2024-11-25T10:16:15.825102+00:00,"{'source': 'ca71a974-b870-4a7a-9517-3b321e537486', 'selector': [{'startContainer': '/', 'endContainer': '/', 'startOffset': 256, 'endOffset': 259}]}"
a52774b7-8661-476f-bd5d-c9b6f9d10068,d3ce7764-eb85-4999-b965-c028f539ee33,1ecf29a6-9193-4a8b-9317-5dc319b94507,"{'text': 'vis', 'context': ""1. J'ai besoin d'une vis pour réparer la chaise.""}",eb9a2239-5a6c-4da5-8957-af8a90d3e880,ca71a974-b870-4a7a-9517-3b321e537486,2024-11-26T09:13:10.699042+00:00,"{'source': 'ca71a974-b870-4a7a-9517-3b321e537486', 'selector': [{'startContainer': '/', 'endContainer': '/', 'startOffset': 256, 'endOffset': 259}]}"
43c951e7-7b1e-40f7-89eb-a6058983a4dd,d3ce7764-eb85-4999-b965-c028f539ee33,1ecf29a6-9193-4a8b-9317-5dc319b94507,"{'text': 'vis', 'context': '0. Ma mère serre les vis des étagères avec un tournevis.', 'proba': 1.0, 'process': 'reference word'}",d34602e1-1664-42cb-b139-c5cb8bcfa2a0,ca71a974-b870-4a7a-9517-3b321e537486,2024-11-25T11:25:31.553077+00:00,"{'source': 'ca71a974-b870-4a7a-9517-3b321e537486', 'selector': [{'startContainer': '/', 'endContainer': '/', 'startOffset': 100, 'endOffset': 104}]}"
5db48173-9374-4617-87c9-aefff28d2418,d3ce7764-eb85-4999-b965-c028f539ee33,1ecf29a6-9193-4a8b-9317-5dc319b94507,"{'text': 'vis', 'context': ""1. J'ai besoin d'une vis pour réparer la chaise."", 'proba': 0.9}",d34602e1-1664-42cb-b139-c5cb8bcfa2a0,ca71a974-b870-4a7a-9517-3b321e537486,2024-11-25T11:25:34.128084+00:00,"{'source': 'ca71a974-b870-4a7a-9517-3b321e537486', 'selector': [{'startContainer': '/', 'endContainer': '/', 'startOffset': 256, 'endOffset': 260}]}"
8aa26e31-2dbe-45fd-95f2-d4b95b207e0f,d3ce7764-eb85-4999-b965-c028f539ee33,1ecf29a6-9193-4a8b-9317-5dc319b94507,"{'text': 'vis', 'context': '0. Ma mère serre les vis des étagères avec un tournevis.'}",e920598f-774d-4e1c-a2dc-8fb9a6f3053f,ca71a974-b870-4a7a-9517-3b321e537486,2024-11-25T10:16:14.261844+00:00,"{'source': 'ca71a974-b870-4a7a-9517-3b321e537486', 'selector': [{'startContainer': '/', 'endContainer': '/', 'startOffset': 100, 'endOffset': 103}]}"
bcd663c0-ab12-4fc0-9d38-d7f8288c7181,default,1ecf29a6-9193-4a8b-9317-5dc319b94507,"{'text': 'vis', 'context': ""1. J'ai besoin d'une vis pour réparer la chaise."", 'proba': 0.9}",84dcf943-f4b3-4886-a2d5-e0a3661cde64,ca71a974-b870-4a7a-9517-3b321e537486,2025-01-03T12:54:01.689256,"{'source': 'ca71a974-b870-4a7a-9517-3b321e537486', 'selector': [{'startContainer': '/', 'endContainer': '/', 'startOffset': 256, 'endOffset': 260}]}"
0da54092-cebc-45d5-a2fc-088451d0788a,default,0,"{'text': 'vis', 'context': '0. Ma mère serre les vis des étagères avec un tournevis.', 'proba': 1.0, 'process': 'reference word'}",fe4bab23-b07f-4e52-ac3f-7391d5aef4fb,ca71a974-b870-4a7a-9517-3b321e537486,2025-01-03T12:54:01.689224,"{'source': 'ca71a974-b870-4a7a-9517-3b321e537486', 'selector': [{'startContainer': '/', 'endContainer': '/', 'startOffset': 100, 'endOffset': 104}]}"
43d74631-2512-4aab-ae52-313cee314231,default,0,"{'text': 'vis', 'context': ""1. J'ai besoin d'une vis pour réparer la chaise."", 'proba': 0.9}",fe4bab23-b07f-4e52-ac3f-7391d5aef4fb,ca71a974-b870-4a7a-9517-3b321e537486,2025-01-03T12:54:01.689256,"{'source': 'ca71a974-b870-4a7a-9517-3b321e537486', 'selector': [{'startContainer': '/', 'endContainer': '/', 'startOffset': 256, 'endOffset': 260}]}"
46ca318a-70f3-4fe2-a510-9002c386e42b,default,0,"{'text': 'vis', 'context': '0. Ma mère serre les vis des étagères avec un tournevis.', 'proba': 1.0, 'process': 'reference word'}",da26a09b-917d-4c13-953a-63d39bcac892,ca71a974-b870-4a7a-9517-3b321e537486,2025-01-03T12:54:01.689224,"{'source': 'ca71a974-b870-4a7a-9517-3b321e537486', 'selector': [{'startContainer': '/', 'endContainer': '/', 'startOffset': 100, 'endOffset': 104}]}"
090b8d34-27b0-48e5-a35b-efc2ba686f46,d3ce7764-eb85-4999-b965-c028f539ee33,1ecf29a6-9193-4a8b-9317-5dc319b94507,"{'text': 'vis', 'context': '0. Ma mère serre les vis des étagères avec un tournevis.'}",eb9a2239-5a6c-4da5-8957-af8a90d3e880,ca71a974-b870-4a7a-9517-3b321e537486,2024-11-26T09:13:07.381649+00:00,"{'source': 'ca71a974-b870-4a7a-9517-3b321e537486', 'selector': [{'startContainer': '/', 'endContainer': '/', 'startOffset': 100, 'endOffset': 103}]}"
1fcf65d3-89d6-427d-9eed-681e59079d8a,default,0,"{'text': 'verre', 'context': ""0. Est-ce que tu peux me donner un verre, je veux me servir de l'eau."", 'proba': 0.9}",da26a09b-917d-4c13-953a-63d39bcac892,2a40ba78-a13a-49b4-af6f-860e213c70ef,2025-01-03T12:54:01.689294,"{'source': '2a40ba78-a13a-49b4-af6f-860e213c70ef', 'selector': [{'startContainer': '/', 'endContainer': '/', 'startOffset': 116, 'endOffset': 121}]}"
ac4871cb-1ccf-4c8a-b380-cf1b9447ad84,d3ce7764-eb85-4999-b965-c028f539ee33,1ecf29a6-9193-4a8b-9317-5dc319b94507,"{'text': 'verre', 'context': ""0. Est-ce que tu peux me donner un verre, je veux me servir de l'eau.""}",eb9a2239-5a6c-4da5-8957-af8a90d3e880,2a40ba78-a13a-49b4-af6f-860e213c70ef,2024-11-26T09:02:59.980160+00:00,"{'source': '2a40ba78-a13a-49b4-af6f-860e213c70ef', 'selector': [{'startContainer': '/', 'endContainer': '/', 'startOffset': 116, 'endOffset': 121}]}"
1f3037af-1be2-493a-9070-4c659387998e,d3ce7764-eb85-4999-b965-c028f539ee33,1ecf29a6-9193-4a8b-9317-5dc319b94507,"{'text': 'verre', 'context': ""0. Est-ce que tu peux me donner un verre, je veux me servir de l'eau.""}",e920598f-774d-4e1c-a2dc-8fb9a6f3053f,2a40ba78-a13a-49b4-af6f-860e213c70ef,2024-11-25T09:47:40.048457+00:00,"{'source': '2a40ba78-a13a-49b4-af6f-860e213c70ef', 'selector': [{'startContainer': '/', 'endContainer': '/', 'startOffset': 116, 'endOffset': 121}]}"
bff9abe5-54a5-491a-8afa-31cfec9c5006,d3ce7764-eb85-4999-b965-c028f539ee33,1ecf29a6-9193-4a8b-9317-5dc319b94507,"{'text': 'verre', 'context': ""1. J'ai bu un verre d'eau.""}",eb9a2239-5a6c-4da5-8957-af8a90d3e880,2a40ba78-a13a-49b4-af6f-860e213c70ef,2024-11-26T09:03:03.057053+00:00,"{'source': '2a40ba78-a13a-49b4-af6f-860e213c70ef', 'selector': [{'startContainer': '/', 'endContainer': '/', 'startOffset': 266, 'endOffset': 271}]}"
fbb15e1a-a161-4b1c-809e-f7e7b1819666,default,0,"{'text': 'verre', 'context': ""1. J'ai bu un verre d'eau."", 'proba': 1.0, 'process': 'reference word'}",fe4bab23-b07f-4e52-ac3f-7391d5aef4fb,2a40ba78-a13a-49b4-af6f-860e213c70ef,2025-01-03T12:54:01.689326,"{'source': '2a40ba78-a13a-49b4-af6f-860e213c70ef', 'selector': [{'startContainer': '/', 'endContainer': '/', 'startOffset': 266, 'endOffset': 272}]}"
4d0595c3-d302-46de-91fd-277eeb45d37b,d3ce7764-eb85-4999-b965-c028f539ee33,1ecf29a6-9193-4a8b-9317-5dc319b94507,"{'text': 'verre', 'context': ""0. Est-ce que tu peux me donner un verre, je veux me servir de l'eau."", 'proba': 0.9}",d34602e1-1664-42cb-b139-c5cb8bcfa2a0,2a40ba78-a13a-49b4-af6f-860e213c70ef,2024-11-25T11:16:04.980583+00:00,"{'source': '2a40ba78-a13a-49b4-af6f-860e213c70ef', 'selector': [{'startContainer': '/', 'endContainer': '/', 'startOffset': 116, 'endOffset': 121}]}"
132a3f7a-db05-43f4-aec8-a0bd9ea0743f,default,0,"{'text': 'verre', 'context': ""1. J'ai bu un verre d'eau."", 'proba': 1.0, 'process': 'reference word'}",da26a09b-917d-4c13-953a-63d39bcac892,2a40ba78-a13a-49b4-af6f-860e213c70ef,2025-01-03T12:54:01.689326,"{'source': '2a40ba78-a13a-49b4-af6f-860e213c70ef', 'selector': [{'startContainer': '/', 'endContainer': '/', 'startOffset': 266, 'endOffset': 272}]}"
3d7d1171-60a0-4a06-ab32-77b10d12b96e,d3ce7764-eb85-4999-b965-c028f539ee33,1ecf29a6-9193-4a8b-9317-5dc319b94507,"{'text': 'verre', 'context': ""1. J'ai bu un verre d'eau.""}",e920598f-774d-4e1c-a2dc-8fb9a6f3053f,2a40ba78-a13a-49b4-af6f-860e213c70ef,2024-11-25T09:47:41.718160+00:00,"{'source': '2a40ba78-a13a-49b4-af6f-860e213c70ef', 'selector': [{'startContainer': '/', 'endContainer': '/', 'startOffset': 266, 'endOffset': 271}]}"
de6ddeb2-f044-496a-8cc7-ceb854e0c25c,d3ce7764-eb85-4999-b965-c028f539ee33,1ecf29a6-9193-4a8b-9317-5dc319b94507,"{'text': 'verre', 'context': ""1. J'ai bu un verre d'eau."", 'proba': 1.0, 'process': 'reference word'}",d34602e1-1664-42cb-b139-c5cb8bcfa2a0,2a40ba78-a13a-49b4-af6f-860e213c70ef,2024-11-25T11:16:07.196363+00:00,"{'source': '2a40ba78-a13a-49b4-af6f-860e213c70ef', 'selector': [{'startContainer': '/', 'endContainer': '/', 'startOffset': 266, 'endOffset': 272}]}"
2ef6c1e0-8cf9-4560-908f-5ef9aa61425a,default,1ecf29a6-9193-4a8b-9317-5dc319b94507,"{'text': 'verre', 'context': ""1. J'ai bu un verre d'eau."", 'proba': 1.0, 'process': 'reference word'}",84dcf943-f4b3-4886-a2d5-e0a3661cde64,2a40ba78-a13a-49b4-af6f-860e213c70ef,2025-01-03T12:54:01.689326,"{'source': '2a40ba78-a13a-49b4-af6f-860e213c70ef', 'selector': [{'startContainer': '/', 'endContainer': '/', 'startOffset': 266, 'endOffset': 272}]}"
4ec3f09c-3854-4ba5-aa22-9df1cfa555c3,default,1ecf29a6-9193-4a8b-9317-5dc319b94507,"{'text': 'verre', 'context': ""0. Est-ce que tu peux me donner un verre, je veux me servir de l'eau."", 'proba': 0.9}",84dcf943-f4b3-4886-a2d5-e0a3661cde64,2a40ba78-a13a-49b4-af6f-860e213c70ef,2025-01-03T12:54:01.689294,"{'source': '2a40ba78-a13a-49b4-af6f-860e213c70ef', 'selector': [{'startContainer': '/', 'endContainer': '/', 'startOffset': 116, 'endOffset': 121}]}"
1e3b3791-2ed4-4e38-96e0-8267c09343bf,default,0,"{'text': 'verre', 'context': ""0. Est-ce que tu peux me donner un verre, je veux me servir de l'eau."", 'proba': 0.9}",fe4bab23-b07f-4e52-ac3f-7391d5aef4fb,2a40ba78-a13a-49b4-af6f-860e213c70ef,2025-01-03T12:54:01.689294,"{'source': '2a40ba78-a13a-49b4-af6f-860e213c70ef', 'selector': [{'startContainer': '/', 'endContainer': '/', 'startOffset': 116, 'endOffset': 121}]}"
849fba4b-8c0c-4a65-9337-3b17f1237b91,default,0,"{'text': 'temps', 'context': '1. Il est important de gérer son temps efficacement.', 'proba': 1.0, 'process': 'reference word'}",fe4bab23-b07f-4e52-ac3f-7391d5aef4fb,406fd8a4-db54-4c5b-b30f-3395f8ddc17a,2025-01-03T12:54:01.689478,"{'source': '406fd8a4-db54-4c5b-b30f-3395f8ddc17a', 'selector': [{'startContainer': '/', 'endContainer': '/', 'startOffset': 284, 'endOffset': 290}]}"
0b5df638-55ac-440c-90e0-1822e78c1274,d3ce7764-eb85-4999-b965-c028f539ee33,1ecf29a6-9193-4a8b-9317-5dc319b94507,"{'text': 'temps', 'context': ""2. Je n'ai pas beaucoup de temps aujourd'hui.""}",eb9a2239-5a6c-4da5-8957-af8a90d3e880,406fd8a4-db54-4c5b-b30f-3395f8ddc17a,2024-11-26T09:05:18.263321+00:00,"{'source': '406fd8a4-db54-4c5b-b30f-3395f8ddc17a', 'selector': [{'startContainer': '/', 'endContainer': '/', 'startOffset': 432, 'endOffset': 437}]}"
a0c20230-b92a-43bc-ae42-1efd2d2e7d74,d3ce7764-eb85-4999-b965-c028f539ee33,1ecf29a6-9193-4a8b-9317-5dc319b94507,"{'text': 'temps', 'context': '0. Un humain passe presque 8 heures de son temps à dormir, par jour.'}",e920598f-774d-4e1c-a2dc-8fb9a6f3053f,406fd8a4-db54-4c5b-b30f-3395f8ddc17a,2024-11-25T09:49:17.074726+00:00,"{'source': '406fd8a4-db54-4c5b-b30f-3395f8ddc17a', 'selector': [{'startContainer': '/', 'endContainer': '/', 'startOffset': 124, 'endOffset': 129}]}"
48dcb486-5b79-4de6-aecc-df34abbfd0c0,default,1ecf29a6-9193-4a8b-9317-5dc319b94507,"{'text': 'temps', 'context': '1. Il est important de gérer son temps efficacement.', 'proba': 1.0, 'process': 'reference word'}",84dcf943-f4b3-4886-a2d5-e0a3661cde64,406fd8a4-db54-4c5b-b30f-3395f8ddc17a,2025-01-03T12:54:01.689478,"{'source': '406fd8a4-db54-4c5b-b30f-3395f8ddc17a', 'selector': [{'startContainer': '/', 'endContainer': '/', 'startOffset': 284, 'endOffset': 290}]}"
27702e80-9c2e-442a-b63e-93c46c51f5fd,d3ce7764-eb85-4999-b965-c028f539ee33,1ecf29a6-9193-4a8b-9317-5dc319b94507,"{'text': 'temps', 'context': '1. Il est important de gérer son temps efficacement.'}",e920598f-774d-4e1c-a2dc-8fb9a6f3053f,406fd8a4-db54-4c5b-b30f-3395f8ddc17a,2024-11-25T09:49:18.722715+00:00,"{'source': '406fd8a4-db54-4c5b-b30f-3395f8ddc17a', 'selector': [{'startContainer': '/', 'endContainer': '/', 'startOffset': 284, 'endOffset': 289}]}"
0401e344-9254-45ad-8242-6ea809161606,d3ce7764-eb85-4999-b965-c028f539ee33,1ecf29a6-9193-4a8b-9317-5dc319b94507,"{'text': 'temps', 'context': '1. Il est important de gérer son temps efficacement.'}",eb9a2239-5a6c-4da5-8957-af8a90d3e880,406fd8a4-db54-4c5b-b30f-3395f8ddc17a,2024-11-26T09:05:14.868648+00:00,"{'source': '406fd8a4-db54-4c5b-b30f-3395f8ddc17a', 'selector': [{'startContainer': '/', 'endContainer': '/', 'startOffset': 284, 'endOffset': 289}]}"
fb40f9e3-7509-490e-b58c-25eb71497adc,default,0,"{'text': 'temps', 'context': '1. Il est important de gérer son temps efficacement.', 'proba': 1.0, 'process': 'reference word'}",da26a09b-917d-4c13-953a-63d39bcac892,406fd8a4-db54-4c5b-b30f-3395f8ddc17a,2025-01-03T12:54:01.689478,"{'source': '406fd8a4-db54-4c5b-b30f-3395f8ddc17a', 'selector': [{'startContainer': '/', 'endContainer': '/', 'startOffset': 284, 'endOffset': 290}]}"
2fb661ec-6d92-4320-b70e-3a306312eadd,default,1ecf29a6-9193-4a8b-9317-5dc319b94507,"{'text': 'temps', 'context': ""2. Je n'ai pas beaucoup de temps aujourd'hui."", 'proba': 0.95}",84dcf943-f4b3-4886-a2d5-e0a3661cde64,406fd8a4-db54-4c5b-b30f-3395f8ddc17a,2025-01-03T12:54:01.689510,"{'source': '406fd8a4-db54-4c5b-b30f-3395f8ddc17a', 'selector': [{'startContainer': '/', 'endContainer': '/', 'startOffset': 432, 'endOffset': 438}]}"
913e9ce3-7fa2-43f8-84f0-2e59a53f6967,default,0,"{'text': 'temps', 'context': '0. Un humain passe presque 8 heures de son temps à dormir, par jour.', 'proba': 0.9}",da26a09b-917d-4c13-953a-63d39bcac892,406fd8a4-db54-4c5b-b30f-3395f8ddc17a,2025-01-03T12:54:01.689432,"{'source': '406fd8a4-db54-4c5b-b30f-3395f8ddc17a', 'selector': [{'startContainer': '/', 'endContainer': '/', 'startOffset': 124, 'endOffset': 130}]}"
a7e83949-713b-4b10-90af-2ecc4533e694,d3ce7764-eb85-4999-b965-c028f539ee33,1ecf29a6-9193-4a8b-9317-5dc319b94507,"{'text': 'temps', 'context': '0. Un humain passe presque 8 heures de son temps à dormir, par jour.', 'proba': 0.9}",d34602e1-1664-42cb-b139-c5cb8bcfa2a0,406fd8a4-db54-4c5b-b30f-3395f8ddc17a,2024-11-25T11:18:55.332203+00:00,"{'source': '406fd8a4-db54-4c5b-b30f-3395f8ddc17a', 'selector': [{'startContainer': '/', 'endContainer': '/', 'startOffset': 124, 'endOffset': 130}]}"
7d4ea228-f9c3-413a-88c1-552cd3e001bc,default,0,"{'text': 'temps', 'context': ""2. Je n'ai pas beaucoup de temps aujourd'hui."", 'proba': 0.95}",fe4bab23-b07f-4e52-ac3f-7391d5aef4fb,406fd8a4-db54-4c5b-b30f-3395f8ddc17a,2025-01-03T12:54:01.689510,"{'source': '406fd8a4-db54-4c5b-b30f-3395f8ddc17a', 'selector': [{'startContainer': '/', 'endContainer': '/', 'startOffset': 432, 'endOffset': 438}]}"
da6d71f8-33ea-468e-9f92-35b05eb1d8b4,d3ce7764-eb85-4999-b965-c028f539ee33,1ecf29a6-9193-4a8b-9317-5dc319b94507,"{'text': 'temps', 'context': '1. Il est important de gérer son temps efficacement.', 'proba': 1.0, 'process': 'reference word'}",d34602e1-1664-42cb-b139-c5cb8bcfa2a0,406fd8a4-db54-4c5b-b30f-3395f8ddc17a,2024-11-25T11:18:57.934193+00:00,"{'source': '406fd8a4-db54-4c5b-b30f-3395f8ddc17a', 'selector': [{'startContainer': '/', 'endContainer': '/', 'startOffset': 284, 'endOffset': 290}]}"
52fdc52e-839f-45e1-96a2-01608794808a,d3ce7764-eb85-4999-b965-c028f539ee33,1ecf29a6-9193-4a8b-9317-5dc319b94507,"{'text': 'temps', 'context': '0. Un humain passe presque 8 heures de son temps à dormir, par jour.'}",eb9a2239-5a6c-4da5-8957-af8a90d3e880,406fd8a4-db54-4c5b-b30f-3395f8ddc17a,2024-11-26T09:05:10.866317+00:00,"{'source': '406fd8a4-db54-4c5b-b30f-3395f8ddc17a', 'selector': [{'startContainer': '/', 'endContainer': '/', 'startOffset': 124, 'endOffset': 129}]}"
83c4c2fa-5975-43b3-ad42-f5069ba18298,d3ce7764-eb85-4999-b965-c028f539ee33,1ecf29a6-9193-4a8b-9317-5dc319b94507,"{'text': 'temps', 'context': ""2. Je n'ai pas beaucoup de temps aujourd'hui."", 'proba': 0.95}",d34602e1-1664-42cb-b139-c5cb8bcfa2a0,406fd8a4-db54-4c5b-b30f-3395f8ddc17a,2024-11-25T11:19:00.690357+00:00,"{'source': '406fd8a4-db54-4c5b-b30f-3395f8ddc17a', 'selector': [{'startContainer': '/', 'endContainer': '/', 'startOffset': 432, 'endOffset': 438}]}"
b6128daf-cd93-4e79-82fa-589947c95af4,default,0,"{'text': 'temps', 'context': '0. Un humain passe presque 8 heures de son temps à dormir, par jour.', 'proba': 0.9}",fe4bab23-b07f-4e52-ac3f-7391d5aef4fb,406fd8a4-db54-4c5b-b30f-3395f8ddc17a,2025-01-03T12:54:01.689432,"{'source': '406fd8a4-db54-4c5b-b30f-3395f8ddc17a', 'selector': [{'startContainer': '/', 'endContainer': '/', 'startOffset': 124, 'endOffset': 130}]}"
bcf73bd1-57a7-4603-b83e-69ba2a24ff4f,default,0,"{'text': 'temps', 'context': ""2. Je n'ai pas beaucoup de temps aujourd'hui."", 'proba': 0.95}",da26a09b-917d-4c13-953a-63d39bcac892,406fd8a4-db54-4c5b-b30f-3395f8ddc17a,2025-01-03T12:54:01.689510,"{'source': '406fd8a4-db54-4c5b-b30f-3395f8ddc17a', 'selector': [{'startContainer': '/', 'endContainer': '/', 'startOffset': 432, 'endOffset': 438}]}"
6ea23038-80df-4eef-9e98-421dece8814e,d3ce7764-eb85-4999-b965-c028f539ee33,1ecf29a6-9193-4a8b-9317-5dc319b94507,"{'text': 'temps', 'context': ""2. Je n'ai pas beaucoup de temps aujourd'hui.""}",e920598f-774d-4e1c-a2dc-8fb9a6f3053f,406fd8a4-db54-4c5b-b30f-3395f8ddc17a,2024-11-25T09:49:20.528261+00:00,"{'source': '406fd8a4-db54-4c5b-b30f-3395f8ddc17a', 'selector': [{'startContainer': '/', 'endContainer': '/', 'startOffset': 432, 'endOffset': 437}]}"
7ff8f0c1-eb50-4a85-9dd9-be0f52a89701,default,1ecf29a6-9193-4a8b-9317-5dc319b94507,"{'text': 'temps', 'context': '0. Un humain passe presque 8 heures de son temps à dormir, par jour.', 'proba': 0.9}",84dcf943-f4b3-4886-a2d5-e0a3661cde64,406fd8a4-db54-4c5b-b30f-3395f8ddc17a,2025-01-03T12:54:01.689432,"{'source': '406fd8a4-db54-4c5b-b30f-3395f8ddc17a', 'selector': [{'startContainer': '/', 'endContainer': '/', 'startOffset': 124, 'endOffset': 130}]}"
a69e916a-3bad-4368-9b9f-cfd91656fa3d,default,0,"{'text': 'siège', 'context': ""1. Le siège est efficace pour affaiblir l'ennemi en le coupant du monde."", 'proba': 1.0, 'process': 'reference word'}",da26a09b-917d-4c13-953a-63d39bcac892,95cb122f-e1f2-4fd0-ad55-15c40c3b09a7,2025-01-03T12:54:01.689547,"{'source': '95cb122f-e1f2-4fd0-ad55-15c40c3b09a7', 'selector': [{'startContainer': '/', 'endContainer': '/', 'startOffset': 261, 'endOffset': 267}]}"
dd97c58e-cf60-4101-877f-2d7d786d3d79,d3ce7764-eb85-4999-b965-c028f539ee33,371a5d39-6e41-427f-8e1f-6bf64504e080,"{'text': 'siège', 'context': ""1. Le siège est efficace pour affaiblir l'ennemi en le coupant du monde.""}",e920598f-774d-4e1c-a2dc-8fb9a6f3053f,95cb122f-e1f2-4fd0-ad55-15c40c3b09a7,2024-11-25T09:51:55.540329+00:00,"{'source': '95cb122f-e1f2-4fd0-ad55-15c40c3b09a7', 'selector': [{'startContainer': '/', 'endContainer': '/', 'startOffset': 261, 'endOffset': 266}]}"
32ee87ed-82f2-4b78-a74c-72da00acc61c,default,0,"{'text': 'siège', 'context': ""1. Le siège est efficace pour affaiblir l'ennemi en le coupant du monde."", 'proba': 1.0, 'process': 'reference word'}",fe4bab23-b07f-4e52-ac3f-7391d5aef4fb,95cb122f-e1f2-4fd0-ad55-15c40c3b09a7,2025-01-03T12:54:01.689547,"{'source': '95cb122f-e1f2-4fd0-ad55-15c40c3b09a7', 'selector': [{'startContainer': '/', 'endContainer': '/', 'startOffset': 261, 'endOffset': 267}]}"
9224cd3f-a11a-494d-addc-d28ad5e62350,d3ce7764-eb85-4999-b965-c028f539ee33,1ecf29a6-9193-4a8b-9317-5dc319b94507,"{'text': 'siège', 'context': '0. Le siège avant est très confortable, ceux de derrière sont plus durs.'}",e920598f-774d-4e1c-a2dc-8fb9a6f3053f,95cb122f-e1f2-4fd0-ad55-15c40c3b09a7,2024-11-25T09:51:52.992354+00:00,"{'source': '95cb122f-e1f2-4fd0-ad55-15c40c3b09a7', 'selector': [{'startContainer': '/', 'endContainer': '/', 'startOffset': 87, 'endOffset': 92}]}"
dd8a0b54-8e7d-41a7-9a8c-5270ce513af2,default,1,"{'text': 'siège', 'context': '0. Le siège avant est très confortable, ceux de derrière sont plus durs.', 'proba': 0.1}",fe4bab23-b07f-4e52-ac3f-7391d5aef4fb,95cb122f-e1f2-4fd0-ad55-15c40c3b09a7,2025-01-03T12:54:01.689578,"{'source': '95cb122f-e1f2-4fd0-ad55-15c40c3b09a7', 'selector': [{'startContainer': '/', 'endContainer': '/', 'startOffset': 87, 'endOffset': 93}]}"
61c1cea9-9825-4ad6-8ea6-f92a69e560c8,default,1,"{'text': 'siège', 'context': '0. Le siège avant est très confortable, ceux de derrière sont plus durs.', 'proba': 0.1}",da26a09b-917d-4c13-953a-63d39bcac892,95cb122f-e1f2-4fd0-ad55-15c40c3b09a7,2025-01-03T12:54:01.689578,"{'source': '95cb122f-e1f2-4fd0-ad55-15c40c3b09a7', 'selector': [{'startContainer': '/', 'endContainer': '/', 'startOffset': 87, 'endOffset': 93}]}"
b2dde9ae-9ec4-4a8c-a1c4-1c63f24014a4,default,371a5d39-6e41-427f-8e1f-6bf64504e080,"{'text': 'siège', 'context': ""1. Le siège est efficace pour affaiblir l'ennemi en le coupant du monde."", 'proba': 1.0, 'process': 'reference word'}",84dcf943-f4b3-4886-a2d5-e0a3661cde64,95cb122f-e1f2-4fd0-ad55-15c40c3b09a7,2025-01-03T12:54:01.689547,"{'source': '95cb122f-e1f2-4fd0-ad55-15c40c3b09a7', 'selector': [{'startContainer': '/', 'endContainer': '/', 'startOffset': 261, 'endOffset': 267}]}"
e3d53ce3-30d2-40d9-b1db-22e081ef1f19,d3ce7764-eb85-4999-b965-c028f539ee33,371a5d39-6e41-427f-8e1f-6bf64504e080,"{'text': 'siège', 'context': ""1. Le siège est efficace pour affaiblir l'ennemi en le coupant du monde."", 'proba': 1.0, 'process': 'reference word'}",d34602e1-1664-42cb-b139-c5cb8bcfa2a0,95cb122f-e1f2-4fd0-ad55-15c40c3b09a7,2024-11-25T11:22:54.302011+00:00,"{'source': '95cb122f-e1f2-4fd0-ad55-15c40c3b09a7', 'selector': [{'startContainer': '/', 'endContainer': '/', 'startOffset': 261, 'endOffset': 267}]}"
d50ed085-108e-4c72-8945-9bc1d5b79b14,default,1ecf29a6-9193-4a8b-9317-5dc319b94507,"{'text': 'siège', 'context': '0. Le siège avant est très confortable, ceux de derrière sont plus durs.', 'proba': 0.1}",84dcf943-f4b3-4886-a2d5-e0a3661cde64,95cb122f-e1f2-4fd0-ad55-15c40c3b09a7,2025-01-03T12:54:01.689578,"{'source': '95cb122f-e1f2-4fd0-ad55-15c40c3b09a7', 'selector': [{'startContainer': '/', 'endContainer': '/', 'startOffset': 87, 'endOffset': 93}]}"
5cec98ed-e25c-47f8-9ed8-ed06a3f632f7,d3ce7764-eb85-4999-b965-c028f539ee33,1ecf29a6-9193-4a8b-9317-5dc319b94507,"{'text': 'siège', 'context': '0. Le siège avant est très confortable, ceux de derrière sont plus durs.'}",eb9a2239-5a6c-4da5-8957-af8a90d3e880,95cb122f-e1f2-4fd0-ad55-15c40c3b09a7,2024-11-26T09:08:32.263946+00:00,"{'source': '95cb122f-e1f2-4fd0-ad55-15c40c3b09a7', 'selector': [{'startContainer': '/', 'endContainer': '/', 'startOffset': 87, 'endOffset': 92}]}"
38fbeb0e-bf85-4c7c-8120-30a495ffff73,d3ce7764-eb85-4999-b965-c028f539ee33,371a5d39-6e41-427f-8e1f-6bf64504e080,"{'text': 'siège', 'context': ""1. Le siège est efficace pour affaiblir l'ennemi en le coupant du monde.""}",eb9a2239-5a6c-4da5-8957-af8a90d3e880,95cb122f-e1f2-4fd0-ad55-15c40c3b09a7,2024-11-26T09:08:36.788591+00:00,"{'source': '95cb122f-e1f2-4fd0-ad55-15c40c3b09a7', 'selector': [{'startContainer': '/', 'endContainer': '/', 'startOffset': 261, 'endOffset': 266}]}"
0fcc7b52-8c1c-42f8-b42f-f36d21c435f5,d3ce7764-eb85-4999-b965-c028f539ee33,1ecf29a6-9193-4a8b-9317-5dc319b94507,"{'text': 'siège', 'context': '0. Le siège avant est très confortable, ceux de derrière sont plus durs.', 'proba': 0.1}",d34602e1-1664-42cb-b139-c5cb8bcfa2a0,95cb122f-e1f2-4fd0-ad55-15c40c3b09a7,2024-11-25T11:22:48.928491+00:00,"{'source': '95cb122f-e1f2-4fd0-ad55-15c40c3b09a7', 'selector': [{'startContainer': '/', 'endContainer': '/', 'startOffset': 87, 'endOffset': 93}]}"
8288114f-efbb-4a8d-9d0d-4ce72a215154,default,1,"{'text': 'secrétaire', 'context': '0. Le secrétaire est le meuble sur lequel on écrit son courrier.', 'proba': 0.1}",da26a09b-917d-4c13-953a-63d39bcac892,ceafb484-b59b-48a4-b323-e721c432f3e3,2025-01-03T12:54:01.689614,"{'source': 'ceafb484-b59b-48a4-b323-e721c432f3e3', 'selector': [{'startContainer': '/', 'endContainer': '/', 'startOffset': 92, 'endOffset': 103}]}"
38093af9-60f6-4d2f-9550-23e95922ed56,default,371a5d39-6e41-427f-8e1f-6bf64504e080,"{'text': 'secrétaire', 'context': ""1. Je suis secrétaire, je m'occupe de toutes les tâches administratives du bureau."", 'proba': 1.0, 'process': 'reference word'}",84dcf943-f4b3-4886-a2d5-e0a3661cde64,ceafb484-b59b-48a4-b323-e721c432f3e3,2025-01-03T12:54:01.689645,"{'source': 'ceafb484-b59b-48a4-b323-e721c432f3e3', 'selector': [{'startContainer': '/', 'endContainer': '/', 'startOffset': 268, 'endOffset': 278}]}"
b83f27ec-e649-4003-ba8d-c27710b440e9,d3ce7764-eb85-4999-b965-c028f539ee33,1ecf29a6-9193-4a8b-9317-5dc319b94507,"{'text': 'secrétaire', 'context': '0. Le secrétaire est le meuble sur lequel on écrit son courrier.', 'proba': 0.1}",d34602e1-1664-42cb-b139-c5cb8bcfa2a0,ceafb484-b59b-48a4-b323-e721c432f3e3,2024-11-25T11:26:32.153469+00:00,"{'source': 'ceafb484-b59b-48a4-b323-e721c432f3e3', 'selector': [{'startContainer': '/', 'endContainer': '/', 'startOffset': 92, 'endOffset': 103}]}"
7ee5dce6-138d-4fac-9530-420d919603c6,d3ce7764-eb85-4999-b965-c028f539ee33,371a5d39-6e41-427f-8e1f-6bf64504e080,"{'text': 'secrétaire', 'context': ""1. Je suis secrétaire, je m'occupe de toutes les tâches administratives du bureau.""}",e920598f-774d-4e1c-a2dc-8fb9a6f3053f,ceafb484-b59b-48a4-b323-e721c432f3e3,2024-11-25T10:17:06.415382+00:00,"{'source': 'ceafb484-b59b-48a4-b323-e721c432f3e3', 'selector': [{'startContainer': '/', 'endContainer': '/', 'startOffset': 268, 'endOffset': 278}]}"
e4d904bf-056e-46f1-9dcc-c760532e64d3,default,0,"{'text': 'secrétaire', 'context': ""1. Je suis secrétaire, je m'occupe de toutes les tâches administratives du bureau."", 'proba': 1.0, 'process': 'reference word'}",da26a09b-917d-4c13-953a-63d39bcac892,ceafb484-b59b-48a4-b323-e721c432f3e3,2025-01-03T12:54:01.689645,"{'source': 'ceafb484-b59b-48a4-b323-e721c432f3e3', 'selector': [{'startContainer': '/', 'endContainer': '/', 'startOffset': 268, 'endOffset': 278}]}"
7c508bae-e0aa-4deb-9cb4-5dc6b3e47b8f,d3ce7764-eb85-4999-b965-c028f539ee33,371a5d39-6e41-427f-8e1f-6bf64504e080,"{'text': 'secrétaire', 'context': ""1. Je suis secrétaire, je m'occupe de toutes les tâches administratives du bureau."", 'proba': 1.0, 'process': 'reference word'}",d34602e1-1664-42cb-b139-c5cb8bcfa2a0,ceafb484-b59b-48a4-b323-e721c432f3e3,2024-11-25T11:26:34.484329+00:00,"{'source': 'ceafb484-b59b-48a4-b323-e721c432f3e3', 'selector': [{'startContainer': '/', 'endContainer': '/', 'startOffset': 268, 'endOffset': 278}]}"
e71e2bf6-9554-4225-a66b-723b9d578a21,default,1,"{'text': 'secrétaire', 'context': '0. Le secrétaire est le meuble sur lequel on écrit son courrier.', 'proba': 0.1}",fe4bab23-b07f-4e52-ac3f-7391d5aef4fb,ceafb484-b59b-48a4-b323-e721c432f3e3,2025-01-03T12:54:01.689614,"{'source': 'ceafb484-b59b-48a4-b323-e721c432f3e3', 'selector': [{'startContainer': '/', 'endContainer': '/', 'startOffset': 92, 'endOffset': 103}]}"
18f99e80-46dd-446b-8ec3-127a4ef54ed0,default,0,"{'text': 'secrétaire', 'context': ""1. Je suis secrétaire, je m'occupe de toutes les tâches administratives du bureau."", 'proba': 1.0, 'process': 'reference word'}",fe4bab23-b07f-4e52-ac3f-7391d5aef4fb,ceafb484-b59b-48a4-b323-e721c432f3e3,2025-01-03T12:54:01.689645,"{'source': 'ceafb484-b59b-48a4-b323-e721c432f3e3', 'selector': [{'startContainer': '/', 'endContainer': '/', 'startOffset': 268, 'endOffset': 278}]}"
a461f514-b7f3-4197-b190-2ac7b69aa629,d3ce7764-eb85-4999-b965-c028f539ee33,1ecf29a6-9193-4a8b-9317-5dc319b94507,"{'text': 'secrétaire', 'context': '0. Le secrétaire est le meuble sur lequel on écrit son courrier.'}",eb9a2239-5a6c-4da5-8957-af8a90d3e880,ceafb484-b59b-48a4-b323-e721c432f3e3,2024-11-26T09:14:09.691139+00:00,"{'source': 'ceafb484-b59b-48a4-b323-e721c432f3e3', 'selector': [{'startContainer': '/', 'endContainer': '/', 'startOffset': 92, 'endOffset': 102}]}"
d345954d-e33c-47c7-a37e-41654f4d3510,d3ce7764-eb85-4999-b965-c028f539ee33,371a5d39-6e41-427f-8e1f-6bf64504e080,"{'text': 'secrétaire', 'context': ""1. Je suis secrétaire, je m'occupe de toutes les tâches administratives du bureau.""}",eb9a2239-5a6c-4da5-8957-af8a90d3e880,ceafb484-b59b-48a4-b323-e721c432f3e3,2024-11-26T09:14:12.730233+00:00,"{'source': 'ceafb484-b59b-48a4-b323-e721c432f3e3', 'selector': [{'startContainer': '/', 'endContainer': '/', 'startOffset': 268, 'endOffset': 278}]}"
fb78fef3-ee5e-4644-974e-b0cd48b96894,d3ce7764-eb85-4999-b965-c028f539ee33,1ecf29a6-9193-4a8b-9317-5dc319b94507,"{'text': 'secrétaire', 'context': '0. Le secrétaire est le meuble sur lequel on écrit son courrier.'}",e920598f-774d-4e1c-a2dc-8fb9a6f3053f,ceafb484-b59b-48a4-b323-e721c432f3e3,2024-11-25T10:17:04.614879+00:00,"{'source': 'ceafb484-b59b-48a4-b323-e721c432f3e3', 'selector': [{'startContainer': '/', 'endContainer': '/', 'startOffset': 92, 'endOffset': 102}]}"
c95ed343-f967-4f8d-99d9-b985d81a44ed,default,1ecf29a6-9193-4a8b-9317-5dc319b94507,"{'text': 'secrétaire', 'context': '0. Le secrétaire est le meuble sur lequel on écrit son courrier.', 'proba': 0.1}",84dcf943-f4b3-4886-a2d5-e0a3661cde64,ceafb484-b59b-48a4-b323-e721c432f3e3,2025-01-03T12:54:01.689614,"{'source': 'ceafb484-b59b-48a4-b323-e721c432f3e3', 'selector': [{'startContainer': '/', 'endContainer': '/', 'startOffset': 92, 'endOffset': 103}]}"
a36f9c0a-93ee-401e-bc4d-217f16021e34,d3ce7764-eb85-4999-b965-c028f539ee33,1ecf29a6-9193-4a8b-9317-5dc319b94507,"{'text': 'rayon', 'context': '0. Le rayon est un segment relie le centre du cercle à un point du cercle.'}",e920598f-774d-4e1c-a2dc-8fb9a6f3053f,ace2d105-5451-491a-a6fd-eb6b28b75730,2024-11-25T10:14:32.193268+00:00,"{'source': 'ace2d105-5451-491a-a6fd-eb6b28b75730', 'selector': [{'startContainer': '/', 'endContainer': '/', 'startOffset': 87, 'endOffset': 92}]}"
5f8a2de2-68f2-4ff4-87f8-9f2457c14ac5,default,0,"{'text': 'rayon', 'context': '0. Le rayon est un segment relie le centre du cercle à un point du cercle.', 'proba': 1.0, 'process': 'reference word'}",da26a09b-917d-4c13-953a-63d39bcac892,ace2d105-5451-491a-a6fd-eb6b28b75730,2025-01-03T12:54:01.689680,"{'source': 'ace2d105-5451-491a-a6fd-eb6b28b75730', 'selector': [{'startContainer': '/', 'endContainer': '/', 'startOffset': 87, 'endOffset': 93}]}"
7735e0c5-0e65-495e-96a0-519de9843e6a,default,1,"{'text': 'rayons', 'context': '1. Les rayons de soleil sont mauvais pour la peau si on ne met pas de crème.', 'proba': 0.1}",da26a09b-917d-4c13-953a-63d39bcac892,ace2d105-5451-491a-a6fd-eb6b28b75730,2025-01-03T12:54:01.689712,"{'source': 'ace2d105-5451-491a-a6fd-eb6b28b75730', 'selector': [{'startContainer': '/', 'endContainer': '/', 'startOffset': 264, 'endOffset': 271}]}"
ac691e00-2ba0-403b-b469-6dfc788ec605,d3ce7764-eb85-4999-b965-c028f539ee33,371a5d39-6e41-427f-8e1f-6bf64504e080,"{'text': 'rayons', 'context': '1. Les rayons de soleil sont mauvais pour la peau si on ne met pas de crème.'}",e920598f-774d-4e1c-a2dc-8fb9a6f3053f,ace2d105-5451-491a-a6fd-eb6b28b75730,2024-11-25T10:14:34.895069+00:00,"{'source': 'ace2d105-5451-491a-a6fd-eb6b28b75730', 'selector': [{'startContainer': '/', 'endContainer': '/', 'startOffset': 264, 'endOffset': 270}]}"
886163b7-2078-4b2b-95a9-e24ab7ad1bd9,d3ce7764-eb85-4999-b965-c028f539ee33,1ecf29a6-9193-4a8b-9317-5dc319b94507,"{'text': 'rayon', 'context': '0. Le rayon est un segment relie le centre du cercle à un point du cercle.', 'proba': 1.0, 'process': 'reference word'}",d34602e1-1664-42cb-b139-c5cb8bcfa2a0,ace2d105-5451-491a-a6fd-eb6b28b75730,2024-11-25T11:23:41.176731+00:00,"{'source': 'ace2d105-5451-491a-a6fd-eb6b28b75730', 'selector': [{'startContainer': '/', 'endContainer': '/', 'startOffset': 87, 'endOffset': 93}]}"
ea2ffa94-f953-43bc-b0e2-b05ba2d9a134,d3ce7764-eb85-4999-b965-c028f539ee33,371a5d39-6e41-427f-8e1f-6bf64504e080,"{'text': 'rayons', 'context': '1. Les rayons de soleil sont mauvais pour la peau si on ne met pas de crème.', 'proba': 0.1}",d34602e1-1664-42cb-b139-c5cb8bcfa2a0,ace2d105-5451-491a-a6fd-eb6b28b75730,2024-11-25T11:23:45.314958+00:00,"{'source': 'ace2d105-5451-491a-a6fd-eb6b28b75730', 'selector': [{'startContainer': '/', 'endContainer': '/', 'startOffset': 264, 'endOffset': 271}]}"
f1ec7227-cca3-48d7-9492-88255c539c64,default,1ecf29a6-9193-4a8b-9317-5dc319b94507,"{'text': 'rayon', 'context': '0. Le rayon est un segment relie le centre du cercle à un point du cercle.', 'proba': 1.0, 'process': 'reference word'}",84dcf943-f4b3-4886-a2d5-e0a3661cde64,ace2d105-5451-491a-a6fd-eb6b28b75730,2025-01-03T12:54:01.689680,"{'source': 'ace2d105-5451-491a-a6fd-eb6b28b75730', 'selector': [{'startContainer': '/', 'endContainer': '/', 'startOffset': 87, 'endOffset': 93}]}"
aba8e140-f642-4d12-ad34-ba820530b0f5,default,1,"{'text': 'rayons', 'context': '1. Les rayons de soleil sont mauvais pour la peau si on ne met pas de crème.', 'proba': 0.1}",fe4bab23-b07f-4e52-ac3f-7391d5aef4fb,ace2d105-5451-491a-a6fd-eb6b28b75730,2025-01-03T12:54:01.689712,"{'source': 'ace2d105-5451-491a-a6fd-eb6b28b75730', 'selector': [{'startContainer': '/', 'endContainer': '/', 'startOffset': 264, 'endOffset': 271}]}"
58ae53a1-97f5-4190-90cd-9a974db8f189,default,371a5d39-6e41-427f-8e1f-6bf64504e080,"{'text': 'rayons', 'context': '1. Les rayons de soleil sont mauvais pour la peau si on ne met pas de crème.', 'proba': 0.1}",84dcf943-f4b3-4886-a2d5-e0a3661cde64,ace2d105-5451-491a-a6fd-eb6b28b75730,2025-01-03T12:54:01.689712,"{'source': 'ace2d105-5451-491a-a6fd-eb6b28b75730', 'selector': [{'startContainer': '/', 'endContainer': '/', 'startOffset': 264, 'endOffset': 271}]}"
bd1c4fd8-a752-433e-ab55-c79656fbb203,d3ce7764-eb85-4999-b965-c028f539ee33,371a5d39-6e41-427f-8e1f-6bf64504e080,"{'text': 'rayons', 'context': '1. Les rayons de soleil sont mauvais pour la peau si on ne met pas de crème.'}",eb9a2239-5a6c-4da5-8957-af8a90d3e880,ace2d105-5451-491a-a6fd-eb6b28b75730,2024-11-26T09:09:30.677128+00:00,"{'source': 'ace2d105-5451-491a-a6fd-eb6b28b75730', 'selector': [{'startContainer': '/', 'endContainer': '/', 'startOffset': 264, 'endOffset': 270}]}"
dd7ca2e9-4268-48df-8fc6-2a57a122789d,default,0,"{'text': 'rayon', 'context': '0. Le rayon est un segment relie le centre du cercle à un point du cercle.', 'proba': 1.0, 'process': 'reference word'}",fe4bab23-b07f-4e52-ac3f-7391d5aef4fb,ace2d105-5451-491a-a6fd-eb6b28b75730,2025-01-03T12:54:01.689680,"{'source': 'ace2d105-5451-491a-a6fd-eb6b28b75730', 'selector': [{'startContainer': '/', 'endContainer': '/', 'startOffset': 87, 'endOffset': 93}]}"
df7a903c-fa9e-420b-856e-2c390ffddfc0,d3ce7764-eb85-4999-b965-c028f539ee33,1ecf29a6-9193-4a8b-9317-5dc319b94507,"{'text': 'rayon', 'context': '0. Le rayon est un segment relie le centre du cercle à un point du cercle.'}",eb9a2239-5a6c-4da5-8957-af8a90d3e880,ace2d105-5451-491a-a6fd-eb6b28b75730,2024-11-26T09:09:24.767437+00:00,"{'source': 'ace2d105-5451-491a-a6fd-eb6b28b75730', 'selector': [{'startContainer': '/', 'endContainer': '/', 'startOffset': 87, 'endOffset': 92}]}"
aea87e48-4b63-43db-b1f5-136396a73ddb,default,1,"{'text': 'plâtre', 'context': '0. On lui a mis un plâtre pour maintenir son bras fracturé immobile.', 'proba': 0.2}",fe4bab23-b07f-4e52-ac3f-7391d5aef4fb,3eeaabb4-f18e-4a81-a687-1f5632763894,2025-01-03T12:54:01.689779,"{'source': '3eeaabb4-f18e-4a81-a687-1f5632763894', 'selector': [{'startContainer': '/', 'endContainer': '/', 'startOffset': 101, 'endOffset': 108}]}"
cff58679-841f-4b54-ae86-d58ca4315961,d3ce7764-eb85-4999-b965-c028f539ee33,371a5d39-6e41-427f-8e1f-6bf64504e080,"{'text': 'plâtre', 'context': ""1. Le plâtre est un matériau de construction isolant qu'on peut utiliser pour enduire."", 'proba': 1.0, 'process': 'reference word'}",d34602e1-1664-42cb-b139-c5cb8bcfa2a0,3eeaabb4-f18e-4a81-a687-1f5632763894,2024-11-25T11:18:11.826041+00:00,"{'source': '3eeaabb4-f18e-4a81-a687-1f5632763894', 'selector': [{'startContainer': '/', 'endContainer': '/', 'startOffset': 259, 'endOffset': 266}]}"
3dbdb2c9-ce6c-43da-b5c4-d7560ef366f3,default,1,"{'text': 'plâtre', 'context': '0. On lui a mis un plâtre pour maintenir son bras fracturé immobile.', 'proba': 0.2}",da26a09b-917d-4c13-953a-63d39bcac892,3eeaabb4-f18e-4a81-a687-1f5632763894,2025-01-03T12:54:01.689779,"{'source': '3eeaabb4-f18e-4a81-a687-1f5632763894', 'selector': [{'startContainer': '/', 'endContainer': '/', 'startOffset': 101, 'endOffset': 108}]}"
1efb9ab6-360b-4115-b346-5fe1d1b99501,d3ce7764-eb85-4999-b965-c028f539ee33,371a5d39-6e41-427f-8e1f-6bf64504e080,"{'text': 'plâtre', 'context': ""1. Le plâtre est un matériau de construction isolant qu'on peut utiliser pour enduire.""}",e920598f-774d-4e1c-a2dc-8fb9a6f3053f,3eeaabb4-f18e-4a81-a687-1f5632763894,2024-11-25T09:48:57.214733+00:00,"{'source': '3eeaabb4-f18e-4a81-a687-1f5632763894', 'selector': [{'startContainer': '/', 'endContainer': '/', 'startOffset': 259, 'endOffset': 265}]}"
aec093de-42d8-430a-9f54-ef0f8eb8d431,d3ce7764-eb85-4999-b965-c028f539ee33,371a5d39-6e41-427f-8e1f-6bf64504e080,"{'text': 'plâtre', 'context': ""1. Le plâtre est un matériau de construction isolant qu'on peut utiliser pour enduire.""}",eb9a2239-5a6c-4da5-8957-af8a90d3e880,3eeaabb4-f18e-4a81-a687-1f5632763894,2024-11-26T09:04:22.079483+00:00,"{'source': '3eeaabb4-f18e-4a81-a687-1f5632763894', 'selector': [{'startContainer': '/', 'endContainer': '/', 'startOffset': 259, 'endOffset': 265}]}"
3d6d227d-9732-49de-9fe2-81ee01b8316b,default,0,"{'text': 'plâtre', 'context': ""1. Le plâtre est un matériau de construction isolant qu'on peut utiliser pour enduire."", 'proba': 1.0, 'process': 'reference word'}",da26a09b-917d-4c13-953a-63d39bcac892,3eeaabb4-f18e-4a81-a687-1f5632763894,2025-01-03T12:54:01.689747,"{'source': '3eeaabb4-f18e-4a81-a687-1f5632763894', 'selector': [{'startContainer': '/', 'endContainer': '/', 'startOffset': 259, 'endOffset': 266}]}"
acda9502-9b9a-4851-9d4c-8a038f2ee594,default,371a5d39-6e41-427f-8e1f-6bf64504e080,"{'text': 'plâtre', 'context': ""1. Le plâtre est un matériau de construction isolant qu'on peut utiliser pour enduire."", 'proba': 1.0, 'process': 'reference word'}",84dcf943-f4b3-4886-a2d5-e0a3661cde64,3eeaabb4-f18e-4a81-a687-1f5632763894,2025-01-03T12:54:01.689747,"{'source': '3eeaabb4-f18e-4a81-a687-1f5632763894', 'selector': [{'startContainer': '/', 'endContainer': '/', 'startOffset': 259, 'endOffset': 266}]}"
ffc06460-1a18-46e8-ac6e-46d42437d59e,d3ce7764-eb85-4999-b965-c028f539ee33,1ecf29a6-9193-4a8b-9317-5dc319b94507,"{'text': 'plâtre', 'context': '0. On lui a mis un plâtre pour maintenir son bras fracturé immobile.'}",eb9a2239-5a6c-4da5-8957-af8a90d3e880,3eeaabb4-f18e-4a81-a687-1f5632763894,2024-11-26T09:04:17.887123+00:00,"{'source': '3eeaabb4-f18e-4a81-a687-1f5632763894', 'selector': [{'startContainer': '/', 'endContainer': '/', 'startOffset': 101, 'endOffset': 107}]}"
716ff251-ee40-461a-871c-3c4b6a73e892,d3ce7764-eb85-4999-b965-c028f539ee33,1ecf29a6-9193-4a8b-9317-5dc319b94507,"{'text': 'plâtre', 'context': '0. On lui a mis un plâtre pour maintenir son bras fracturé immobile.', 'proba': 0.2}",d34602e1-1664-42cb-b139-c5cb8bcfa2a0,3eeaabb4-f18e-4a81-a687-1f5632763894,2024-11-25T11:18:07.424589+00:00,"{'source': '3eeaabb4-f18e-4a81-a687-1f5632763894', 'selector': [{'startContainer': '/', 'endContainer': '/', 'startOffset': 101, 'endOffset': 108}]}"
dfee9fe5-8b50-45ef-b990-bc84d0dc7c38,default,1ecf29a6-9193-4a8b-9317-5dc319b94507,"{'text': 'plâtre', 'context': '0. On lui a mis un plâtre pour maintenir son bras fracturé immobile.', 'proba': 0.2}",84dcf943-f4b3-4886-a2d5-e0a3661cde64,3eeaabb4-f18e-4a81-a687-1f5632763894,2025-01-03T12:54:01.689779,"{'source': '3eeaabb4-f18e-4a81-a687-1f5632763894', 'selector': [{'startContainer': '/', 'endContainer': '/', 'startOffset': 101, 'endOffset': 108}]}"
7f78464e-9cf5-4eb2-b53a-6d98b067b20f,d3ce7764-eb85-4999-b965-c028f539ee33,1ecf29a6-9193-4a8b-9317-5dc319b94507,"{'text': 'plâtre', 'context': '0. On lui a mis un plâtre pour maintenir son bras fracturé immobile.'}",e920598f-774d-4e1c-a2dc-8fb9a6f3053f,3eeaabb4-f18e-4a81-a687-1f5632763894,2024-11-25T09:48:54.021597+00:00,"{'source': '3eeaabb4-f18e-4a81-a687-1f5632763894', 'selector': [{'startContainer': '/', 'endContainer': '/', 'startOffset': 101, 'endOffset': 107}]}"
ca56c0ca-15d1-49d7-bb21-364c36e12fdc,default,0,"{'text': 'plâtre', 'context': ""1. Le plâtre est un matériau de construction isolant qu'on peut utiliser pour enduire."", 'proba': 1.0, 'process': 'reference word'}",fe4bab23-b07f-4e52-ac3f-7391d5aef4fb,3eeaabb4-f18e-4a81-a687-1f5632763894,2025-01-03T12:54:01.689747,"{'source': '3eeaabb4-f18e-4a81-a687-1f5632763894', 'selector': [{'startContainer': '/', 'endContainer': '/', 'startOffset': 259, 'endOffset': 266}]}"
3d7594cd-0b92-4842-8ad0-8f8806c58895,d3ce7764-eb85-4999-b965-c028f539ee33,371a5d39-6e41-427f-8e1f-6bf64504e080,"{'text': 'place', 'context': ""1. On ne doit pas bouger de sa place pendant le décollage et l'atterrissage.""}",e920598f-774d-4e1c-a2dc-8fb9a6f3053f,7915756e-2a4e-439e-b5ce-62921ea4e5e3,2024-11-25T09:51:13.687313+00:00,"{'source': '7915756e-2a4e-439e-b5ce-62921ea4e5e3', 'selector': [{'startContainer': '/', 'endContainer': '/', 'startOffset': 305, 'endOffset': 310}]}"
96c0eccc-2fac-4089-b33c-7caea2b10e3f,d3ce7764-eb85-4999-b965-c028f539ee33,371a5d39-6e41-427f-8e1f-6bf64504e080,"{'text': 'place', 'context': ""1. On ne doit pas bouger de sa place pendant le décollage et l'atterrissage.""}",eb9a2239-5a6c-4da5-8957-af8a90d3e880,7915756e-2a4e-439e-b5ce-62921ea4e5e3,2024-11-26T09:07:39.346993+00:00,"{'source': '7915756e-2a4e-439e-b5ce-62921ea4e5e3', 'selector': [{'startContainer': '/', 'endContainer': '/', 'startOffset': 305, 'endOffset': 310}]}"
af56def5-98b8-4d10-bae8-e73a36743d43,default,1ecf29a6-9193-4a8b-9317-5dc319b94507,"{'text': 'place', 'context': '0. Dans le centre du village il y a une petite place où se tient le marché tous les matins.', 'proba': 1.0, 'process': 'reference word'}",84dcf943-f4b3-4886-a2d5-e0a3661cde64,7915756e-2a4e-439e-b5ce-62921ea4e5e3,2025-01-03T12:54:01.689824,"{'source': '7915756e-2a4e-439e-b5ce-62921ea4e5e3', 'selector': [{'startContainer': '/', 'endContainer': '/', 'startOffset': 128, 'endOffset': 134}]}"
332618b7-8ed0-4407-a2e6-fdbdbf7f3174,d3ce7764-eb85-4999-b965-c028f539ee33,1ecf29a6-9193-4a8b-9317-5dc319b94507,"{'text': 'place', 'context': '2. La place du village est très animée le dimanche.'}",e920598f-774d-4e1c-a2dc-8fb9a6f3053f,7915756e-2a4e-439e-b5ce-62921ea4e5e3,2024-11-25T09:51:16.759223+00:00,"{'source': '7915756e-2a4e-439e-b5ce-62921ea4e5e3', 'selector': [{'startContainer': '/', 'endContainer': '/', 'startOffset': 458, 'endOffset': 463}]}"
47da06e2-d4a0-4835-8961-8f720ac8927c,d3ce7764-eb85-4999-b965-c028f539ee33,1ecf29a6-9193-4a8b-9317-5dc319b94507,"{'text': 'place', 'context': '2. La place du village est très animée le dimanche.'}",eb9a2239-5a6c-4da5-8957-af8a90d3e880,7915756e-2a4e-439e-b5ce-62921ea4e5e3,2024-11-26T09:07:44.781386+00:00,"{'source': '7915756e-2a4e-439e-b5ce-62921ea4e5e3', 'selector': [{'startContainer': '/', 'endContainer': '/', 'startOffset': 458, 'endOffset': 463}]}"
eebc0b7f-fc01-4cf3-a1c0-12afa18f996a,default,0,"{'text': 'place', 'context': '2. La place du village est très animée le dimanche.', 'proba': 0.9}",fe4bab23-b07f-4e52-ac3f-7391d5aef4fb,7915756e-2a4e-439e-b5ce-62921ea4e5e3,2025-01-03T12:54:01.689913,"{'source': '7915756e-2a4e-439e-b5ce-62921ea4e5e3', 'selector': [{'startContainer': '/', 'endContainer': '/', 'startOffset': 458, 'endOffset': 464}]}"
0431854f-57eb-466e-8318-eec043655271,d3ce7764-eb85-4999-b965-c028f539ee33,1ecf29a6-9193-4a8b-9317-5dc319b94507,"{'text': 'place', 'context': '0. Dans le centre du village il y a une petite place où se tient le marché tous les matins.', 'proba': 1.0, 'process': 'reference word'}",d34602e1-1664-42cb-b139-c5cb8bcfa2a0,7915756e-2a4e-439e-b5ce-62921ea4e5e3,2024-11-25T11:21:49.363383+00:00,"{'source': '7915756e-2a4e-439e-b5ce-62921ea4e5e3', 'selector': [{'startContainer': '/', 'endContainer': '/', 'startOffset': 128, 'endOffset': 134}]}"
e871288e-6932-4620-9753-2986bd6d7add,d3ce7764-eb85-4999-b965-c028f539ee33,1ecf29a6-9193-4a8b-9317-5dc319b94507,"{'text': 'place', 'context': '0. Dans le centre du village il y a une petite place où se tient le marché tous les matins.'}",e920598f-774d-4e1c-a2dc-8fb9a6f3053f,7915756e-2a4e-439e-b5ce-62921ea4e5e3,2024-11-25T09:51:07.968660+00:00,"{'source': '7915756e-2a4e-439e-b5ce-62921ea4e5e3', 'selector': [{'startContainer': '/', 'endContainer': '/', 'startOffset': 128, 'endOffset': 133}]}"
145942d3-05ca-4f2d-bde6-267d62c9aabb,d3ce7764-eb85-4999-b965-c028f539ee33,1ecf29a6-9193-4a8b-9317-5dc319b94507,"{'text': 'place', 'context': '0. Dans le centre du village il y a une petite place où se tient le marché tous les matins.'}",eb9a2239-5a6c-4da5-8957-af8a90d3e880,7915756e-2a4e-439e-b5ce-62921ea4e5e3,2024-11-26T09:07:35.391765+00:00,"{'source': '7915756e-2a4e-439e-b5ce-62921ea4e5e3', 'selector': [{'startContainer': '/', 'endContainer': '/', 'startOffset': 128, 'endOffset': 133}]}"
8149040f-d64b-4814-bb45-a05ab5f193dd,default,371a5d39-6e41-427f-8e1f-6bf64504e080,"{'text': 'place', 'context': ""1. On ne doit pas bouger de sa place pendant le décollage et l'atterrissage."", 'proba': 0.2}",84dcf943-f4b3-4886-a2d5-e0a3661cde64,7915756e-2a4e-439e-b5ce-62921ea4e5e3,2025-01-03T12:54:01.689857,"{'source': '7915756e-2a4e-439e-b5ce-62921ea4e5e3', 'selector': [{'startContainer': '/', 'endContainer': '/', 'startOffset': 305, 'endOffset': 311}]}"
52a3a9f8-c443-4a4c-b35f-5fefef6224b1,default,1,"{'text': 'place', 'context': ""1. On ne doit pas bouger de sa place pendant le décollage et l'atterrissage."", 'proba': 0.2}",da26a09b-917d-4c13-953a-63d39bcac892,7915756e-2a4e-439e-b5ce-62921ea4e5e3,2025-01-03T12:54:01.689857,"{'source': '7915756e-2a4e-439e-b5ce-62921ea4e5e3', 'selector': [{'startContainer': '/', 'endContainer': '/', 'startOffset': 305, 'endOffset': 311}]}"
2fb55a1d-662c-4d00-b766-13e61ae9e7ca,default,1ecf29a6-9193-4a8b-9317-5dc319b94507,"{'text': 'place', 'context': '2. La place du village est très animée le dimanche.', 'proba': 0.9}",84dcf943-f4b3-4886-a2d5-e0a3661cde64,7915756e-2a4e-439e-b5ce-62921ea4e5e3,2025-01-03T12:54:01.689913,"{'source': '7915756e-2a4e-439e-b5ce-62921ea4e5e3', 'selector': [{'startContainer': '/', 'endContainer': '/', 'startOffset': 458, 'endOffset': 464}]}"
520ff9cd-cd5e-436f-9f77-2dbf9b7dcc00,default,0,"{'text': 'place', 'context': '0. Dans le centre du village il y a une petite place où se tient le marché tous les matins.', 'proba': 1.0, 'process': 'reference word'}",da26a09b-917d-4c13-953a-63d39bcac892,7915756e-2a4e-439e-b5ce-62921ea4e5e3,2025-01-03T12:54:01.689824,"{'source': '7915756e-2a4e-439e-b5ce-62921ea4e5e3', 'selector': [{'startContainer': '/', 'endContainer': '/', 'startOffset': 128, 'endOffset': 134}]}"
73b5604d-6716-4150-b2c8-c55e6a951c3f,d3ce7764-eb85-4999-b965-c028f539ee33,371a5d39-6e41-427f-8e1f-6bf64504e080,"{'text': 'place', 'context': ""1. On ne doit pas bouger de sa place pendant le décollage et l'atterrissage."", 'proba': 0.2}",d34602e1-1664-42cb-b139-c5cb8bcfa2a0,7915756e-2a4e-439e-b5ce-62921ea4e5e3,2024-11-25T11:21:56.967578+00:00,"{'source': '7915756e-2a4e-439e-b5ce-62921ea4e5e3', 'selector': [{'startContainer': '/', 'endContainer': '/', 'startOffset': 305, 'endOffset': 311}]}"
6f36d4fc-cdc6-47c9-bc67-b3b4fdfc288b,default,0,"{'text': 'place', 'context': '2. La place du village est très animée le dimanche.', 'proba': 0.9}",da26a09b-917d-4c13-953a-63d39bcac892,7915756e-2a4e-439e-b5ce-62921ea4e5e3,2025-01-03T12:54:01.689913,"{'source': '7915756e-2a4e-439e-b5ce-62921ea4e5e3', 'selector': [{'startContainer': '/', 'endContainer': '/', 'startOffset': 458, 'endOffset': 464}]}"
841c19a3-522a-455b-ac38-a992fe2050af,default,0,"{'text': 'place', 'context': '0. Dans le centre du village il y a une petite place où se tient le marché tous les matins.', 'proba': 1.0, 'process': 'reference word'}",fe4bab23-b07f-4e52-ac3f-7391d5aef4fb,7915756e-2a4e-439e-b5ce-62921ea4e5e3,2025-01-03T12:54:01.689824,"{'source': '7915756e-2a4e-439e-b5ce-62921ea4e5e3', 'selector': [{'startContainer': '/', 'endContainer': '/', 'startOffset': 128, 'endOffset': 134}]}"
b666b96f-ed86-4514-9c92-1893a68f814b,default,1,"{'text': 'place', 'context': ""1. On ne doit pas bouger de sa place pendant le décollage et l'atterrissage."", 'proba': 0.2}",fe4bab23-b07f-4e52-ac3f-7391d5aef4fb,7915756e-2a4e-439e-b5ce-62921ea4e5e3,2025-01-03T12:54:01.689857,"{'source': '7915756e-2a4e-439e-b5ce-62921ea4e5e3', 'selector': [{'startContainer': '/', 'endContainer': '/', 'startOffset': 305, 'endOffset': 311}]}"
01c57403-6661-4506-ad45-33e59ec57b41,d3ce7764-eb85-4999-b965-c028f539ee33,1ecf29a6-9193-4a8b-9317-5dc319b94507,"{'text': 'place', 'context': '2. La place du village est très animée le dimanche.', 'proba': 0.9}",d34602e1-1664-42cb-b139-c5cb8bcfa2a0,7915756e-2a4e-439e-b5ce-62921ea4e5e3,2024-11-25T11:21:59.901647+00:00,"{'source': '7915756e-2a4e-439e-b5ce-62921ea4e5e3', 'selector': [{'startContainer': '/', 'endContainer': '/', 'startOffset': 458, 'endOffset': 464}]}"
7102284d-2bdc-4a93-b040-c7aa4e8a3b62,default,0,"{'text': 'piste', 'context': '0. La piste est un espace étroit autour d’un terrain sur lequel on peut courir.', 'proba': 0.8}",fe4bab23-b07f-4e52-ac3f-7391d5aef4fb,e7c3e959-809e-4e35-9baf-0f3d70cb9696,2025-01-03T12:54:01.689990,"{'source': 'e7c3e959-809e-4e35-9baf-0f3d70cb9696', 'selector': [{'startContainer': '/', 'endContainer': '/', 'startOffset': 87, 'endOffset': 93}]}"
ae0de56a-c308-475b-9352-07354398d3c5,d3ce7764-eb85-4999-b965-c028f539ee33,371a5d39-6e41-427f-8e1f-6bf64504e080,"{'text': 'piste', 'context': '1. Les animaux du cirque ont fait le tour de la piste en musique avec leurs dompteurs.', 'proba': 1.0, 'process': 'reference word'}",d34602e1-1664-42cb-b139-c5cb8bcfa2a0,e7c3e959-809e-4e35-9baf-0f3d70cb9696,2024-12-27T08:42:14.845939+00:00,"{'source': 'e7c3e959-809e-4e35-9baf-0f3d70cb9696', 'selector': [{'startContainer': '/', 'endContainer': '/', 'startOffset': 310, 'endOffset': 316}]}"
ccbd8fda-efdf-446a-b097-9ab0060ab6b3,default,0,"{'text': 'piste', 'context': '1. Les animaux du cirque ont fait le tour de la piste en musique avec leurs dompteurs.', 'proba': 1.0, 'process': 'reference word'}",da26a09b-917d-4c13-953a-63d39bcac892,e7c3e959-809e-4e35-9baf-0f3d70cb9696,2025-01-03T12:54:01.689958,"{'source': 'e7c3e959-809e-4e35-9baf-0f3d70cb9696', 'selector': [{'startContainer': '/', 'endContainer': '/', 'startOffset': 310, 'endOffset': 316}]}"
9ca526f8-dea2-4438-8210-38b5ace01d4b,d3ce7764-eb85-4999-b965-c028f539ee33,1ecf29a6-9193-4a8b-9317-5dc319b94507,"{'text': 'piste', 'context': '0. La piste est un espace étroit autour d’un terrain sur lequel on peut courir.'}",e920598f-774d-4e1c-a2dc-8fb9a6f3053f,e7c3e959-809e-4e35-9baf-0f3d70cb9696,2024-11-25T10:19:03.438803+00:00,"{'source': 'e7c3e959-809e-4e35-9baf-0f3d70cb9696', 'selector': [{'startContainer': '/', 'endContainer': '/', 'startOffset': 87, 'endOffset': 92}]}"
14e56209-4082-4dd8-8219-1d56f029ce81,d3ce7764-eb85-4999-b965-c028f539ee33,371a5d39-6e41-427f-8e1f-6bf64504e080,"{'text': 'piste', 'context': '1. Les animaux du cirque ont fait le tour de la piste en musique avec leurs dompteurs.'}",eb9a2239-5a6c-4da5-8957-af8a90d3e880,e7c3e959-809e-4e35-9baf-0f3d70cb9696,2024-11-26T09:16:34.179830+00:00,"{'source': 'e7c3e959-809e-4e35-9baf-0f3d70cb9696', 'selector': [{'startContainer': '/', 'endContainer': '/', 'startOffset': 310, 'endOffset': 315}]}"
a128e773-51e6-4d2e-b200-0aaac00f97b6,d3ce7764-eb85-4999-b965-c028f539ee33,1ecf29a6-9193-4a8b-9317-5dc319b94507,"{'text': 'piste', 'context': '1. Les animaux du cirque ont fait le tour de la piste en musique avec leurs dompteurs.'}",e920598f-774d-4e1c-a2dc-8fb9a6f3053f,e7c3e959-809e-4e35-9baf-0f3d70cb9696,2024-11-25T10:19:12.346447+00:00,"{'source': 'e7c3e959-809e-4e35-9baf-0f3d70cb9696', 'selector': [{'startContainer': '/', 'endContainer': '/', 'startOffset': 310, 'endOffset': 315}]}"
00aac584-34dd-4766-88b4-e34195dacbd2,default,371a5d39-6e41-427f-8e1f-6bf64504e080,"{'text': 'piste', 'context': '1. Les animaux du cirque ont fait le tour de la piste en musique avec leurs dompteurs.', 'proba': 1.0, 'process': 'reference word'}",84dcf943-f4b3-4886-a2d5-e0a3661cde64,e7c3e959-809e-4e35-9baf-0f3d70cb9696,2025-01-03T12:54:01.689958,"{'source': 'e7c3e959-809e-4e35-9baf-0f3d70cb9696', 'selector': [{'startContainer': '/', 'endContainer': '/', 'startOffset': 310, 'endOffset': 316}]}"
be2a9e5f-8557-4fcb-b5a1-61d3c18246c1,d3ce7764-eb85-4999-b965-c028f539ee33,1ecf29a6-9193-4a8b-9317-5dc319b94507,"{'text': 'piste', 'context': '0. La piste est un espace étroit autour d’un terrain sur lequel on peut courir.', 'proba': 0.8}",d34602e1-1664-42cb-b139-c5cb8bcfa2a0,e7c3e959-809e-4e35-9baf-0f3d70cb9696,2024-11-25T11:29:07.200821+00:00,"{'source': 'e7c3e959-809e-4e35-9baf-0f3d70cb9696', 'selector': [{'startContainer': '/', 'endContainer': '/', 'startOffset': 87, 'endOffset': 93}]}"
7ffb997a-0013-447d-8fa4-49c1990f2ced,default,0,"{'text': 'piste', 'context': '1. Les animaux du cirque ont fait le tour de la piste en musique avec leurs dompteurs.', 'proba': 1.0, 'process': 'reference word'}",fe4bab23-b07f-4e52-ac3f-7391d5aef4fb,e7c3e959-809e-4e35-9baf-0f3d70cb9696,2025-01-03T12:54:01.689958,"{'source': 'e7c3e959-809e-4e35-9baf-0f3d70cb9696', 'selector': [{'startContainer': '/', 'endContainer': '/', 'startOffset': 310, 'endOffset': 316}]}"
7f3310f9-32ec-4007-9d98-6e5861bc84c6,d3ce7764-eb85-4999-b965-c028f539ee33,1ecf29a6-9193-4a8b-9317-5dc319b94507,"{'text': 'piste', 'context': '0. La piste est un espace étroit autour d’un terrain sur lequel on peut courir.'}",eb9a2239-5a6c-4da5-8957-af8a90d3e880,e7c3e959-809e-4e35-9baf-0f3d70cb9696,2024-11-26T09:16:25.739505+00:00,"{'source': 'e7c3e959-809e-4e35-9baf-0f3d70cb9696', 'selector': [{'startContainer': '/', 'endContainer': '/', 'startOffset': 87, 'endOffset': 92}]}"
a6c658ad-3840-4c32-b385-00b3c04e5f9f,default,0,"{'text': 'piste', 'context': '0. La piste est un espace étroit autour d’un terrain sur lequel on peut courir.', 'proba': 0.8}",da26a09b-917d-4c13-953a-63d39bcac892,e7c3e959-809e-4e35-9baf-0f3d70cb9696,2025-01-03T12:54:01.689990,"{'source': 'e7c3e959-809e-4e35-9baf-0f3d70cb9696', 'selector': [{'startContainer': '/', 'endContainer': '/', 'startOffset': 87, 'endOffset': 93}]}"
ae8a55c7-e9f6-4b60-adc9-48f559246f2b,default,1ecf29a6-9193-4a8b-9317-5dc319b94507,"{'text': 'piste', 'context': '0. La piste est un espace étroit autour d’un terrain sur lequel on peut courir.', 'proba': 0.8}",84dcf943-f4b3-4886-a2d5-e0a3661cde64,e7c3e959-809e-4e35-9baf-0f3d70cb9696,2025-01-03T12:54:01.689990,"{'source': 'e7c3e959-809e-4e35-9baf-0f3d70cb9696', 'selector': [{'startContainer': '/', 'endContainer': '/', 'startOffset': 87, 'endOffset': 93}]}"
f1b7a718-2e13-4cf3-9c7b-3b9220c78d63,d3ce7764-eb85-4999-b965-c028f539ee33,1ecf29a6-9193-4a8b-9317-5dc319b94507,"{'text': 'nez', 'context': '1. Il a un nez très pointu.'}",e920598f-774d-4e1c-a2dc-8fb9a6f3053f,c4400088-0bd6-4579-9424-405fbd677e39,2024-11-25T10:15:48.161562+00:00,"{'source': 'c4400088-0bd6-4579-9424-405fbd677e39', 'selector': [{'startContainer': '/', 'endContainer': '/', 'startOffset': 258, 'endOffset': 261}]}"
13b259b0-2e85-4fe3-9899-4d856ef43b5a,default,1ecf29a6-9193-4a8b-9317-5dc319b94507,"{'text': 'nez', 'context': '0. Je respire avec mon nez. Il me permet aussi de sentir les odeurs.', 'proba': 1.0, 'process': 'reference word'}",84dcf943-f4b3-4886-a2d5-e0a3661cde64,c4400088-0bd6-4579-9424-405fbd677e39,2025-01-03T12:54:01.690026,"{'source': 'c4400088-0bd6-4579-9424-405fbd677e39', 'selector': [{'startContainer': '/', 'endContainer': '/', 'startOffset': 102, 'endOffset': 105}]}"
3681ec13-1fc3-4c62-bc23-86fc4960da28,default,0,"{'text': 'nez', 'context': '1. Il a un nez très pointu.', 'proba': 0.8}",da26a09b-917d-4c13-953a-63d39bcac892,c4400088-0bd6-4579-9424-405fbd677e39,2025-01-03T12:54:01.690057,"{'source': 'c4400088-0bd6-4579-9424-405fbd677e39', 'selector': [{'startContainer': '/', 'endContainer': '/', 'startOffset': 258, 'endOffset': 262}]}"
9161f98a-4013-4be8-9bda-99ab640f5ba1,d3ce7764-eb85-4999-b965-c028f539ee33,1ecf29a6-9193-4a8b-9317-5dc319b94507,"{'text': 'nez', 'context': '0. Je respire avec mon nez. Il me permet aussi de sentir les odeurs.', 'proba': 1.0, 'process': 'reference word'}",d34602e1-1664-42cb-b139-c5cb8bcfa2a0,c4400088-0bd6-4579-9424-405fbd677e39,2024-11-25T11:25:01.865083+00:00,"{'source': 'c4400088-0bd6-4579-9424-405fbd677e39', 'selector': [{'startContainer': '/', 'endContainer': '/', 'startOffset': 102, 'endOffset': 105}]}"
996970ad-e04b-4215-9144-1f3125b595e9,default,1ecf29a6-9193-4a8b-9317-5dc319b94507,"{'text': 'nez', 'context': '1. Il a un nez très pointu.', 'proba': 0.8}",84dcf943-f4b3-4886-a2d5-e0a3661cde64,c4400088-0bd6-4579-9424-405fbd677e39,2025-01-03T12:54:01.690057,"{'source': 'c4400088-0bd6-4579-9424-405fbd677e39', 'selector': [{'startContainer': '/', 'endContainer': '/', 'startOffset': 258, 'endOffset': 262}]}"
798a48a6-075b-4dd9-b05f-764f51477833,default,0,"{'text': 'nez', 'context': '1. Il a un nez très pointu.', 'proba': 0.8}",fe4bab23-b07f-4e52-ac3f-7391d5aef4fb,c4400088-0bd6-4579-9424-405fbd677e39,2025-01-03T12:54:01.690057,"{'source': 'c4400088-0bd6-4579-9424-405fbd677e39', 'selector': [{'startContainer': '/', 'endContainer': '/', 'startOffset': 258, 'endOffset': 262}]}"
6e85fc90-5b57-483c-8549-df9b245835cd,default,0,"{'text': 'nez', 'context': '0. Je respire avec mon nez. Il me permet aussi de sentir les odeurs.', 'proba': 1.0, 'process': 'reference word'}",fe4bab23-b07f-4e52-ac3f-7391d5aef4fb,c4400088-0bd6-4579-9424-405fbd677e39,2025-01-03T12:54:01.690026,"{'source': 'c4400088-0bd6-4579-9424-405fbd677e39', 'selector': [{'startContainer': '/', 'endContainer': '/', 'startOffset': 102, 'endOffset': 105}]}"
b60e577f-8e03-4efd-a7af-b989916493fb,d3ce7764-eb85-4999-b965-c028f539ee33,1ecf29a6-9193-4a8b-9317-5dc319b94507,"{'text': 'nez', 'context': '0. Je respire avec mon nez. Il me permet aussi de sentir les odeurs.'}",e920598f-774d-4e1c-a2dc-8fb9a6f3053f,c4400088-0bd6-4579-9424-405fbd677e39,2024-11-25T10:15:46.484715+00:00,"{'source': 'c4400088-0bd6-4579-9424-405fbd677e39', 'selector': [{'startContainer': '/', 'endContainer': '/', 'startOffset': 102, 'endOffset': 105}]}"
21fa1402-e01c-49e1-8b1f-f47ce29797b2,default,0,"{'text': 'nez', 'context': '0. Je respire avec mon nez. Il me permet aussi de sentir les odeurs.', 'proba': 1.0, 'process': 'reference word'}",da26a09b-917d-4c13-953a-63d39bcac892,c4400088-0bd6-4579-9424-405fbd677e39,2025-01-03T12:54:01.690026,"{'source': 'c4400088-0bd6-4579-9424-405fbd677e39', 'selector': [{'startContainer': '/', 'endContainer': '/', 'startOffset': 102, 'endOffset': 105}]}"
cc71a6de-6346-4545-920e-7617f0c15582,d3ce7764-eb85-4999-b965-c028f539ee33,1ecf29a6-9193-4a8b-9317-5dc319b94507,"{'text': 'nez', 'context': '1. Il a un nez très pointu.', 'proba': 0.8}",d34602e1-1664-42cb-b139-c5cb8bcfa2a0,c4400088-0bd6-4579-9424-405fbd677e39,2024-11-25T11:25:03.542588+00:00,"{'source': 'c4400088-0bd6-4579-9424-405fbd677e39', 'selector': [{'startContainer': '/', 'endContainer': '/', 'startOffset': 258, 'endOffset': 262}]}"
7c3b9c72-c2c2-4966-8839-336a6be1ed3b,d3ce7764-eb85-4999-b965-c028f539ee33,1ecf29a6-9193-4a8b-9317-5dc319b94507,"{'text': 'nez', 'context': '1. Il a un nez très pointu.'}",eb9a2239-5a6c-4da5-8957-af8a90d3e880,c4400088-0bd6-4579-9424-405fbd677e39,2024-11-26T09:12:31.159511+00:00,"{'source': 'c4400088-0bd6-4579-9424-405fbd677e39', 'selector': [{'startContainer': '/', 'endContainer': '/', 'startOffset': 258, 'endOffset': 261}]}"
4a245b9c-91e9-4f5a-b7db-f056bcbed03d,d3ce7764-eb85-4999-b965-c028f539ee33,1ecf29a6-9193-4a8b-9317-5dc319b94507,"{'text': 'nez', 'context': '0. Je respire avec mon nez. Il me permet aussi de sentir les odeurs.'}",eb9a2239-5a6c-4da5-8957-af8a90d3e880,c4400088-0bd6-4579-9424-405fbd677e39,2024-11-26T09:12:28.567798+00:00,"{'source': 'c4400088-0bd6-4579-9424-405fbd677e39', 'selector': [{'startContainer': '/', 'endContainer': '/', 'startOffset': 102, 'endOffset': 105}]}"
014d50b8-05a0-46a0-9236-cdaf81da435b,default,0,"{'text': 'moniteur', 'context': '0. Le moniteur est l’écran de l’ordinateur.', 'proba': 1.0, 'process': 'reference word'}",da26a09b-917d-4c13-953a-63d39bcac892,ec322ec7-b49e-4dbc-be22-24a3f4f69282,2025-01-03T12:54:01.690091,"{'source': 'ec322ec7-b49e-4dbc-be22-24a3f4f69282', 'selector': [{'startContainer': '/', 'endContainer': '/', 'startOffset': 90, 'endOffset': 99}]}"
16a0d9a4-e1b9-47e1-99e9-933a6fa8ea97,default,1,"{'text': 'moniteur', 'context': '1. Le moniteur de ski était très bienveillant avec les enfants.', 'proba': 0.1}",fe4bab23-b07f-4e52-ac3f-7391d5aef4fb,ec322ec7-b49e-4dbc-be22-24a3f4f69282,2025-01-03T12:54:01.690122,"{'source': 'ec322ec7-b49e-4dbc-be22-24a3f4f69282', 'selector': [{'startContainer': '/', 'endContainer': '/', 'startOffset': 238, 'endOffset': 247}]}"
e3e54a5f-08af-4b07-b5bf-5ec93c28c2f9,d3ce7764-eb85-4999-b965-c028f539ee33,371a5d39-6e41-427f-8e1f-6bf64504e080,"{'text': 'moniteur', 'context': '1. Le moniteur de ski était très bienveillant avec les enfants.'}",eb9a2239-5a6c-4da5-8957-af8a90d3e880,ec322ec7-b49e-4dbc-be22-24a3f4f69282,2024-11-26T09:16:44.484495+00:00,"{'source': 'ec322ec7-b49e-4dbc-be22-24a3f4f69282', 'selector': [{'startContainer': '/', 'endContainer': '/', 'startOffset': 238, 'endOffset': 246}]}"
04e15697-fb98-456f-be77-b0d2db0a13df,d3ce7764-eb85-4999-b965-c028f539ee33,1ecf29a6-9193-4a8b-9317-5dc319b94507,"{'text': 'moniteur', 'context': '0. Le moniteur est l’écran de l’ordinateur.'}",e920598f-774d-4e1c-a2dc-8fb9a6f3053f,ec322ec7-b49e-4dbc-be22-24a3f4f69282,2024-11-25T10:19:17.587154+00:00,"{'source': 'ec322ec7-b49e-4dbc-be22-24a3f4f69282', 'selector': [{'startContainer': '/', 'endContainer': '/', 'startOffset': 90, 'endOffset': 98}]}"
d7d079d1-bc9a-4ee6-b863-f3b440bd4142,d3ce7764-eb85-4999-b965-c028f539ee33,371a5d39-6e41-427f-8e1f-6bf64504e080,"{'text': 'moniteur', 'context': '1. Le moniteur de ski était très bienveillant avec les enfants.'}",e920598f-774d-4e1c-a2dc-8fb9a6f3053f,ec322ec7-b49e-4dbc-be22-24a3f4f69282,2024-11-25T10:19:19.090940+00:00,"{'source': 'ec322ec7-b49e-4dbc-be22-24a3f4f69282', 'selector': [{'startContainer': '/', 'endContainer': '/', 'startOffset': 238, 'endOffset': 246}]}"
2688a190-32f1-4492-ba1b-337dc3b0310f,d3ce7764-eb85-4999-b965-c028f539ee33,1ecf29a6-9193-4a8b-9317-5dc319b94507,"{'text': 'moniteur', 'context': '0. Le moniteur est l’écran de l’ordinateur.'}",eb9a2239-5a6c-4da5-8957-af8a90d3e880,ec322ec7-b49e-4dbc-be22-24a3f4f69282,2024-11-26T09:16:41.777112+00:00,"{'source': 'ec322ec7-b49e-4dbc-be22-24a3f4f69282', 'selector': [{'startContainer': '/', 'endContainer': '/', 'startOffset': 90, 'endOffset': 98}]}"
b969e6d7-a79c-4000-9adf-e9eb73acc384,default,1ecf29a6-9193-4a8b-9317-5dc319b94507,"{'text': 'moniteur', 'context': '0. Le moniteur est l’écran de l’ordinateur.', 'proba': 1.0, 'process': 'reference word'}",84dcf943-f4b3-4886-a2d5-e0a3661cde64,ec322ec7-b49e-4dbc-be22-24a3f4f69282,2025-01-03T12:54:01.690091,"{'source': 'ec322ec7-b49e-4dbc-be22-24a3f4f69282', 'selector': [{'startContainer': '/', 'endContainer': '/', 'startOffset': 90, 'endOffset': 99}]}"
e15f3bf9-6827-4827-957f-8950b1d46157,default,0,"{'text': 'moniteur', 'context': '0. Le moniteur est l’écran de l’ordinateur.', 'proba': 1.0, 'process': 'reference word'}",fe4bab23-b07f-4e52-ac3f-7391d5aef4fb,ec322ec7-b49e-4dbc-be22-24a3f4f69282,2025-01-03T12:54:01.690091,"{'source': 'ec322ec7-b49e-4dbc-be22-24a3f4f69282', 'selector': [{'startContainer': '/', 'endContainer': '/', 'startOffset': 90, 'endOffset': 99}]}"
3e2f45df-1302-47fc-897e-13d23bf56019,default,371a5d39-6e41-427f-8e1f-6bf64504e080,"{'text': 'moniteur', 'context': '1. Le moniteur de ski était très bienveillant avec les enfants.', 'proba': 0.1}",84dcf943-f4b3-4886-a2d5-e0a3661cde64,ec322ec7-b49e-4dbc-be22-24a3f4f69282,2025-01-03T12:54:01.690122,"{'source': 'ec322ec7-b49e-4dbc-be22-24a3f4f69282', 'selector': [{'startContainer': '/', 'endContainer': '/', 'startOffset': 238, 'endOffset': 247}]}"
98ba7878-c421-4c5b-8ee6-6c78e8fe2246,d3ce7764-eb85-4999-b965-c028f539ee33,1ecf29a6-9193-4a8b-9317-5dc319b94507,"{'text': 'moniteur', 'context': '0. Le moniteur est l’écran de l’ordinateur.', 'proba': 1.0, 'process': 'reference word'}",d34602e1-1664-42cb-b139-c5cb8bcfa2a0,ec322ec7-b49e-4dbc-be22-24a3f4f69282,2024-11-25T11:29:21.213609+00:00,"{'source': 'ec322ec7-b49e-4dbc-be22-24a3f4f69282', 'selector': [{'startContainer': '/', 'endContainer': '/', 'startOffset': 90, 'endOffset': 99}]}"
31963a88-81eb-4d9f-b8fb-87d9b4d27a2b,default,1,"{'text': 'moniteur', 'context': '1. Le moniteur de ski était très bienveillant avec les enfants.', 'proba': 0.1}",da26a09b-917d-4c13-953a-63d39bcac892,ec322ec7-b49e-4dbc-be22-24a3f4f69282,2025-01-03T12:54:01.690122,"{'source': 'ec322ec7-b49e-4dbc-be22-24a3f4f69282', 'selector': [{'startContainer': '/', 'endContainer': '/', 'startOffset': 238, 'endOffset': 247}]}"
903c1302-8783-4b7e-91b5-aa70547d84f9,d3ce7764-eb85-4999-b965-c028f539ee33,371a5d39-6e41-427f-8e1f-6bf64504e080,"{'text': 'moniteur', 'context': '1. Le moniteur de ski était très bienveillant avec les enfants.', 'proba': 0.1}",d34602e1-1664-42cb-b139-c5cb8bcfa2a0,ec322ec7-b49e-4dbc-be22-24a3f4f69282,2024-11-25T11:29:24.741019+00:00,"{'source': 'ec322ec7-b49e-4dbc-be22-24a3f4f69282', 'selector': [{'startContainer': '/', 'endContainer': '/', 'startOffset': 238, 'endOffset': 247}]}"
a49070a6-6c9c-4a34-879f-95ecb629ae1e,default,371a5d39-6e41-427f-8e1f-6bf64504e080,"{'text': 'lutte', 'context': '1. La lutte gréco-romaine est un sport qui a son origine dans l’Antiquité.', 'proba': 1.0, 'process': 'reference word'}",84dcf943-f4b3-4886-a2d5-e0a3661cde64,c83a5d5c-9ae0-4207-a21e-86f7a4cb3e99,2025-01-03T12:54:01.690188,"{'source': 'c83a5d5c-9ae0-4207-a21e-86f7a4cb3e99', 'selector': [{'startContainer': '/', 'endContainer': '/', 'startOffset': 264, 'endOffset': 270}]}"
40afa341-32b4-4b6b-bfb9-41fb154f2909,default,1,"{'text': 'lutte', 'context': '0. La lutte contre la discrimination est très importante dans nos sociétés.', 'proba': 0.1}",fe4bab23-b07f-4e52-ac3f-7391d5aef4fb,c83a5d5c-9ae0-4207-a21e-86f7a4cb3e99,2025-01-03T12:54:01.690157,"{'source': 'c83a5d5c-9ae0-4207-a21e-86f7a4cb3e99', 'selector': [{'startContainer': '/', 'endContainer': '/', 'startOffset': 87, 'endOffset': 93}]}"
9f32c61f-0474-4351-b24c-a3a2d18a04b7,default,1,"{'text': 'lutte', 'context': '0. La lutte contre la discrimination est très importante dans nos sociétés.', 'proba': 0.1}",da26a09b-917d-4c13-953a-63d39bcac892,c83a5d5c-9ae0-4207-a21e-86f7a4cb3e99,2025-01-03T12:54:01.690157,"{'source': 'c83a5d5c-9ae0-4207-a21e-86f7a4cb3e99', 'selector': [{'startContainer': '/', 'endContainer': '/', 'startOffset': 87, 'endOffset': 93}]}"
073ca8c4-39b0-41b0-9596-3c395e3ba754,default,0,"{'text': 'lutte', 'context': '1. La lutte gréco-romaine est un sport qui a son origine dans l’Antiquité.', 'proba': 1.0, 'process': 'reference word'}",fe4bab23-b07f-4e52-ac3f-7391d5aef4fb,c83a5d5c-9ae0-4207-a21e-86f7a4cb3e99,2025-01-03T12:54:01.690188,"{'source': 'c83a5d5c-9ae0-4207-a21e-86f7a4cb3e99', 'selector': [{'startContainer': '/', 'endContainer': '/', 'startOffset': 264, 'endOffset': 270}]}"
2c57fe9d-27c1-49c2-928f-05bdcd95d226,d3ce7764-eb85-4999-b965-c028f539ee33,371a5d39-6e41-427f-8e1f-6bf64504e080,"{'text': 'lutte', 'context': '1. La lutte gréco-romaine est un sport qui a son origine dans l’Antiquité.'}",eb9a2239-5a6c-4da5-8957-af8a90d3e880,c83a5d5c-9ae0-4207-a21e-86f7a4cb3e99,2024-11-26T09:13:01.540549+00:00,"{'source': 'c83a5d5c-9ae0-4207-a21e-86f7a4cb3e99', 'selector': [{'startContainer': '/', 'endContainer': '/', 'startOffset': 264, 'endOffset': 269}]}"
4df46da9-a108-4745-9799-97073104ca57,d3ce7764-eb85-4999-b965-c028f539ee33,371a5d39-6e41-427f-8e1f-6bf64504e080,"{'text': 'lutte', 'context': '1. La lutte gréco-romaine est un sport qui a son origine dans l’Antiquité.'}",e920598f-774d-4e1c-a2dc-8fb9a6f3053f,c83a5d5c-9ae0-4207-a21e-86f7a4cb3e99,2024-11-25T10:16:04.946664+00:00,"{'source': 'c83a5d5c-9ae0-4207-a21e-86f7a4cb3e99', 'selector': [{'startContainer': '/', 'endContainer': '/', 'startOffset': 264, 'endOffset': 269}]}"
d7c4f678-d458-484b-ac49-3f4710cd640d,d3ce7764-eb85-4999-b965-c028f539ee33,1ecf29a6-9193-4a8b-9317-5dc319b94507,"{'text': 'lutte', 'context': '0. La lutte contre la discrimination est très importante dans nos sociétés.'}",e920598f-774d-4e1c-a2dc-8fb9a6f3053f,c83a5d5c-9ae0-4207-a21e-86f7a4cb3e99,2024-11-25T10:16:02.279087+00:00,"{'source': 'c83a5d5c-9ae0-4207-a21e-86f7a4cb3e99', 'selector': [{'startContainer': '/', 'endContainer': '/', 'startOffset': 87, 'endOffset': 92}]}"
698c5e21-9c43-425e-b493-32abde7c78ab,default,0,"{'text': 'lutte', 'context': '1. La lutte gréco-romaine est un sport qui a son origine dans l’Antiquité.', 'proba': 1.0, 'process': 'reference word'}",da26a09b-917d-4c13-953a-63d39bcac892,c83a5d5c-9ae0-4207-a21e-86f7a4cb3e99,2025-01-03T12:54:01.690188,"{'source': 'c83a5d5c-9ae0-4207-a21e-86f7a4cb3e99', 'selector': [{'startContainer': '/', 'endContainer': '/', 'startOffset': 264, 'endOffset': 270}]}"
c356b346-4648-40fa-9700-69d16e91e441,d3ce7764-eb85-4999-b965-c028f539ee33,1ecf29a6-9193-4a8b-9317-5dc319b94507,"{'text': 'lutte', 'context': '0. La lutte contre la discrimination est très importante dans nos sociétés.'}",eb9a2239-5a6c-4da5-8957-af8a90d3e880,c83a5d5c-9ae0-4207-a21e-86f7a4cb3e99,2024-11-26T09:12:58.609451+00:00,"{'source': 'c83a5d5c-9ae0-4207-a21e-86f7a4cb3e99', 'selector': [{'startContainer': '/', 'endContainer': '/', 'startOffset': 87, 'endOffset': 92}]}"
bfbda4d9-edb5-4b2e-b80e-59af54d6e71e,d3ce7764-eb85-4999-b965-c028f539ee33,1ecf29a6-9193-4a8b-9317-5dc319b94507,"{'text': 'lutte', 'context': '0. La lutte contre la discrimination est très importante dans nos sociétés.', 'proba': 0.1}",d34602e1-1664-42cb-b139-c5cb8bcfa2a0,c83a5d5c-9ae0-4207-a21e-86f7a4cb3e99,2024-11-25T11:25:23.221486+00:00,"{'source': 'c83a5d5c-9ae0-4207-a21e-86f7a4cb3e99', 'selector': [{'startContainer': '/', 'endContainer': '/', 'startOffset': 87, 'endOffset': 93}]}"
13ec86ff-038a-4a4e-99fc-a25ca488aaf2,d3ce7764-eb85-4999-b965-c028f539ee33,371a5d39-6e41-427f-8e1f-6bf64504e080,"{'text': 'lutte', 'context': '1. La lutte gréco-romaine est un sport qui a son origine dans l’Antiquité.', 'proba': 1.0, 'process': 'reference word'}",d34602e1-1664-42cb-b139-c5cb8bcfa2a0,c83a5d5c-9ae0-4207-a21e-86f7a4cb3e99,2024-11-25T11:25:26.241090+00:00,"{'source': 'c83a5d5c-9ae0-4207-a21e-86f7a4cb3e99', 'selector': [{'startContainer': '/', 'endContainer': '/', 'startOffset': 264, 'endOffset': 270}]}"
3f4a481b-9d48-452c-8343-8852aa15f0ab,default,1ecf29a6-9193-4a8b-9317-5dc319b94507,"{'text': 'lutte', 'context': '0. La lutte contre la discrimination est très importante dans nos sociétés.', 'proba': 0.1}",84dcf943-f4b3-4886-a2d5-e0a3661cde64,c83a5d5c-9ae0-4207-a21e-86f7a4cb3e99,2025-01-03T12:54:01.690157,"{'source': 'c83a5d5c-9ae0-4207-a21e-86f7a4cb3e99', 'selector': [{'startContainer': '/', 'endContainer': '/', 'startOffset': 87, 'endOffset': 93}]}"
005c9ae7-ccdf-43a9-9e75-6e2a876cd942,default,0,"{'text': 'kiosque', 'context': '1. Au coin de la rue il y a un kiosque qui vend des journaux et des fleurs.', 'proba': 1.0, 'process': 'reference word'}",fe4bab23-b07f-4e52-ac3f-7391d5aef4fb,9ea5eded-78d9-4532-be7e-df3f04b8e61b,2025-01-03T12:54:01.690222,"{'source': '9ea5eded-78d9-4532-be7e-df3f04b8e61b', 'selector': [{'startContainer': '/', 'endContainer': '/', 'startOffset': 296, 'endOffset': 304}]}"
bdfab9dc-82ec-4d62-b056-66a96ea0e4d1,default,371a5d39-6e41-427f-8e1f-6bf64504e080,"{'text': 'kiosque', 'context': '1. Au coin de la rue il y a un kiosque qui vend des journaux et des fleurs.', 'proba': 1.0, 'process': 'reference word'}",84dcf943-f4b3-4886-a2d5-e0a3661cde64,9ea5eded-78d9-4532-be7e-df3f04b8e61b,2025-01-03T12:54:01.690222,"{'source': '9ea5eded-78d9-4532-be7e-df3f04b8e61b', 'selector': [{'startContainer': '/', 'endContainer': '/', 'startOffset': 296, 'endOffset': 304}]}"
5c6d9d8a-9694-47d9-bdfd-a1fdad14aef3,default,0,"{'text': 'kiosque', 'context': '1. Au coin de la rue il y a un kiosque qui vend des journaux et des fleurs.', 'proba': 1.0, 'process': 'reference word'}",da26a09b-917d-4c13-953a-63d39bcac892,9ea5eded-78d9-4532-be7e-df3f04b8e61b,2025-01-03T12:54:01.690222,"{'source': '9ea5eded-78d9-4532-be7e-df3f04b8e61b', 'selector': [{'startContainer': '/', 'endContainer': '/', 'startOffset': 296, 'endOffset': 304}]}"
1269054b-29ee-459c-865c-5cfc538e4641,default,1ecf29a6-9193-4a8b-9317-5dc319b94507,"{'text': 'kiosque', 'context': '0. Un kiosque est un pavillon de jardin généralement ouvert de tous les côtés.', 'proba': 0.5}",84dcf943-f4b3-4886-a2d5-e0a3661cde64,9ea5eded-78d9-4532-be7e-df3f04b8e61b,2025-01-03T12:54:01.690253,"{'source': '9ea5eded-78d9-4532-be7e-df3f04b8e61b', 'selector': [{'startContainer': '/', 'endContainer': '/', 'startOffset': 89, 'endOffset': 97}]}"
c8de8a97-17c7-4bde-92ed-777128ba1eea,d3ce7764-eb85-4999-b965-c028f539ee33,371a5d39-6e41-427f-8e1f-6bf64504e080,"{'text': 'kiosque', 'context': '1. Au coin de la rue il y a un kiosque qui vend des journaux et des fleurs.', 'proba': 1.0, 'process': 'reference word'}",d34602e1-1664-42cb-b139-c5cb8bcfa2a0,9ea5eded-78d9-4532-be7e-df3f04b8e61b,2024-11-25T11:23:09.303864+00:00,"{'source': '9ea5eded-78d9-4532-be7e-df3f04b8e61b', 'selector': [{'startContainer': '/', 'endContainer': '/', 'startOffset': 296, 'endOffset': 304}]}"
739d1171-b657-4a75-a91c-4d0b28df7288,d3ce7764-eb85-4999-b965-c028f539ee33,371a5d39-6e41-427f-8e1f-6bf64504e080,"{'text': 'kiosque', 'context': '1. Au coin de la rue il y a un kiosque qui vend des journaux et des fleurs.'}",eb9a2239-5a6c-4da5-8957-af8a90d3e880,9ea5eded-78d9-4532-be7e-df3f04b8e61b,2024-11-26T09:08:46.751272+00:00,"{'source': '9ea5eded-78d9-4532-be7e-df3f04b8e61b', 'selector': [{'startContainer': '/', 'endContainer': '/', 'startOffset': 296, 'endOffset': 303}]}"
4b17b766-a6d2-457b-bacf-a11d04b56e47,d3ce7764-eb85-4999-b965-c028f539ee33,1ecf29a6-9193-4a8b-9317-5dc319b94507,"{'text': 'kiosque', 'context': '0. Un kiosque est un pavillon de jardin généralement ouvert de tous les côtés.'}",e920598f-774d-4e1c-a2dc-8fb9a6f3053f,9ea5eded-78d9-4532-be7e-df3f04b8e61b,2024-11-25T09:52:01.239106+00:00,"{'source': '9ea5eded-78d9-4532-be7e-df3f04b8e61b', 'selector': [{'startContainer': '/', 'endContainer': '/', 'startOffset': 89, 'endOffset': 96}]}"
ac325f89-411c-4fe2-a52e-db5eca28c4f9,default,1,"{'text': 'kiosque', 'context': '0. Un kiosque est un pavillon de jardin généralement ouvert de tous les côtés.', 'proba': 0.5}",fe4bab23-b07f-4e52-ac3f-7391d5aef4fb,9ea5eded-78d9-4532-be7e-df3f04b8e61b,2025-01-03T12:54:01.690253,"{'source': '9ea5eded-78d9-4532-be7e-df3f04b8e61b', 'selector': [{'startContainer': '/', 'endContainer': '/', 'startOffset': 89, 'endOffset': 97}]}"
6288137a-7cca-4a8e-b9fd-fc0bb5f67227,default,0,"{'text': 'kiosque', 'context': '0. Un kiosque est un pavillon de jardin généralement ouvert de tous les côtés.', 'proba': 0.5}",da26a09b-917d-4c13-953a-63d39bcac892,9ea5eded-78d9-4532-be7e-df3f04b8e61b,2025-01-03T12:54:01.690253,"{'source': '9ea5eded-78d9-4532-be7e-df3f04b8e61b', 'selector': [{'startContainer': '/', 'endContainer': '/', 'startOffset': 89, 'endOffset': 97}]}"
f8035115-b9c5-4e30-be42-f1862e107ab4,d3ce7764-eb85-4999-b965-c028f539ee33,1ecf29a6-9193-4a8b-9317-5dc319b94507,"{'text': 'kiosque', 'context': '0. Un kiosque est un pavillon de jardin généralement ouvert de tous les côtés.', 'proba': 0.5}",d34602e1-1664-42cb-b139-c5cb8bcfa2a0,9ea5eded-78d9-4532-be7e-df3f04b8e61b,2024-11-25T11:22:59.641400+00:00,"{'source': '9ea5eded-78d9-4532-be7e-df3f04b8e61b', 'selector': [{'startContainer': '/', 'endContainer': '/', 'startOffset': 89, 'endOffset': 97}]}"
eb755499-8175-4f14-99eb-ee58fa368cfb,d3ce7764-eb85-4999-b965-c028f539ee33,1ecf29a6-9193-4a8b-9317-5dc319b94507,"{'text': 'kiosque', 'context': '1. Au coin de la rue il y a un kiosque qui vend des journaux et des fleurs.'}",e920598f-774d-4e1c-a2dc-8fb9a6f3053f,9ea5eded-78d9-4532-be7e-df3f04b8e61b,2024-11-25T09:52:03.844504+00:00,"{'source': '9ea5eded-78d9-4532-be7e-df3f04b8e61b', 'selector': [{'startContainer': '/', 'endContainer': '/', 'startOffset': 296, 'endOffset': 303}]}"
ce018d70-6495-4dc1-b8c7-47fd85371cdc,d3ce7764-eb85-4999-b965-c028f539ee33,1ecf29a6-9193-4a8b-9317-5dc319b94507,"{'text': 'kiosque', 'context': '0. Un kiosque est un pavillon de jardin généralement ouvert de tous les côtés.'}",eb9a2239-5a6c-4da5-8957-af8a90d3e880,9ea5eded-78d9-4532-be7e-df3f04b8e61b,2024-11-26T09:08:42.044133+00:00,"{'source': '9ea5eded-78d9-4532-be7e-df3f04b8e61b', 'selector': [{'startContainer': '/', 'endContainer': '/', 'startOffset': 89, 'endOffset': 96}]}"
778b09fb-9b4f-47b3-acbe-2f25bca39d73,default,0,"{'text': 'jogging', 'context': '1. Mets ton jogging et viens courir avec moi, au parc !', 'proba': 0.8}",da26a09b-917d-4c13-953a-63d39bcac892,34498e99-22c2-4112-9cdb-596ba6c6e0ed,2025-01-03T12:54:01.690319,"{'source': '34498e99-22c2-4112-9cdb-596ba6c6e0ed', 'selector': [{'startContainer': '/', 'endContainer': '/', 'startOffset': 274, 'endOffset': 282}]}"
b70115fd-ccef-4cef-946d-ef64ee60640c,d3ce7764-eb85-4999-b965-c028f539ee33,1ecf29a6-9193-4a8b-9317-5dc319b94507,"{'text': 'jogging', 'context': '0. Pour faire un jogging, on n’a besoin que de bonnes chaussures de course.'}",e920598f-774d-4e1c-a2dc-8fb9a6f3053f,34498e99-22c2-4112-9cdb-596ba6c6e0ed,2024-11-25T09:48:00.736027+00:00,"{'source': '34498e99-22c2-4112-9cdb-596ba6c6e0ed', 'selector': [{'startContainer': '/', 'endContainer': '/', 'startOffset': 100, 'endOffset': 107}]}"
fa36e372-1d66-4b40-b675-47bbaae71ef6,d3ce7764-eb85-4999-b965-c028f539ee33,371a5d39-6e41-427f-8e1f-6bf64504e080,"{'text': 'jogging', 'context': '1. Mets ton jogging et viens courir avec moi, au parc !'}",e920598f-774d-4e1c-a2dc-8fb9a6f3053f,34498e99-22c2-4112-9cdb-596ba6c6e0ed,2024-11-25T09:48:02.513864+00:00,"{'source': '34498e99-22c2-4112-9cdb-596ba6c6e0ed', 'selector': [{'startContainer': '/', 'endContainer': '/', 'startOffset': 274, 'endOffset': 281}]}"
570e489d-e06f-4fcf-88a7-c4f34d0eb142,d3ce7764-eb85-4999-b965-c028f539ee33,1ecf29a6-9193-4a8b-9317-5dc319b94507,"{'text': 'jogging', 'context': '0. Pour faire un jogging, on n’a besoin que de bonnes chaussures de course.'}",eb9a2239-5a6c-4da5-8957-af8a90d3e880,34498e99-22c2-4112-9cdb-596ba6c6e0ed,2024-11-26T09:03:19.198252+00:00,"{'source': '34498e99-22c2-4112-9cdb-596ba6c6e0ed', 'selector': [{'startContainer': '/', 'endContainer': '/', 'startOffset': 100, 'endOffset': 107}]}"
aaf4bbbe-dde5-47f7-8027-f3f1d4e5a5dd,default,0,"{'text': 'jogging', 'context': '0. Pour faire un jogging, on n’a besoin que de bonnes chaussures de course.', 'proba': 1.0, 'process': 'reference word'}",da26a09b-917d-4c13-953a-63d39bcac892,34498e99-22c2-4112-9cdb-596ba6c6e0ed,2025-01-03T12:54:01.690288,"{'source': '34498e99-22c2-4112-9cdb-596ba6c6e0ed', 'selector': [{'startContainer': '/', 'endContainer': '/', 'startOffset': 100, 'endOffset': 107}]}"
17c0a66b-9528-4f1a-a06c-d24f497b59e9,default,0,"{'text': 'jogging', 'context': '1. Mets ton jogging et viens courir avec moi, au parc !', 'proba': 0.8}",fe4bab23-b07f-4e52-ac3f-7391d5aef4fb,34498e99-22c2-4112-9cdb-596ba6c6e0ed,2025-01-03T12:54:01.690319,"{'source': '34498e99-22c2-4112-9cdb-596ba6c6e0ed', 'selector': [{'startContainer': '/', 'endContainer': '/', 'startOffset': 274, 'endOffset': 282}]}"
30749e8e-414d-46c0-be81-416e65d74c3b,default,1ecf29a6-9193-4a8b-9317-5dc319b94507,"{'text': 'jogging', 'context': '0. Pour faire un jogging, on n’a besoin que de bonnes chaussures de course.', 'proba': 1.0, 'process': 'reference word'}",84dcf943-f4b3-4886-a2d5-e0a3661cde64,34498e99-22c2-4112-9cdb-596ba6c6e0ed,2025-01-03T12:54:01.690288,"{'source': '34498e99-22c2-4112-9cdb-596ba6c6e0ed', 'selector': [{'startContainer': '/', 'endContainer': '/', 'startOffset': 100, 'endOffset': 107}]}"
7b2fb449-401f-4cad-9a34-4e05167d61af,d3ce7764-eb85-4999-b965-c028f539ee33,1ecf29a6-9193-4a8b-9317-5dc319b94507,"{'text': 'jogging', 'context': '0. Pour faire un jogging, on n’a besoin que de bonnes chaussures de course.', 'proba': 1.0, 'process': 'reference word'}",d34602e1-1664-42cb-b139-c5cb8bcfa2a0,34498e99-22c2-4112-9cdb-596ba6c6e0ed,2024-11-25T11:16:23.308516+00:00,"{'source': '34498e99-22c2-4112-9cdb-596ba6c6e0ed', 'selector': [{'startContainer': '/', 'endContainer': '/', 'startOffset': 100, 'endOffset': 107}]}"
e6eaea29-3b10-45a7-894e-eb06208254e4,d3ce7764-eb85-4999-b965-c028f539ee33,371a5d39-6e41-427f-8e1f-6bf64504e080,"{'text': 'jogging', 'context': '1. Mets ton jogging et viens courir avec moi, au parc !', 'proba': 0.8}",d34602e1-1664-42cb-b139-c5cb8bcfa2a0,34498e99-22c2-4112-9cdb-596ba6c6e0ed,2024-11-25T11:16:25.952394+00:00,"{'source': '34498e99-22c2-4112-9cdb-596ba6c6e0ed', 'selector': [{'startContainer': '/', 'endContainer': '/', 'startOffset': 274, 'endOffset': 282}]}"
14f60a4d-89b8-477e-a7ca-47272c0e97c2,default,371a5d39-6e41-427f-8e1f-6bf64504e080,"{'text': 'jogging', 'context': '1. Mets ton jogging et viens courir avec moi, au parc !', 'proba': 0.8}",84dcf943-f4b3-4886-a2d5-e0a3661cde64,34498e99-22c2-4112-9cdb-596ba6c6e0ed,2025-01-03T12:54:01.690319,"{'source': '34498e99-22c2-4112-9cdb-596ba6c6e0ed', 'selector': [{'startContainer': '/', 'endContainer': '/', 'startOffset': 274, 'endOffset': 282}]}"
a769cfaf-0bf2-43c5-89aa-d3acfc86a861,d3ce7764-eb85-4999-b965-c028f539ee33,371a5d39-6e41-427f-8e1f-6bf64504e080,"{'text': 'jogging', 'context': '1. Mets ton jogging et viens courir avec moi, au parc !'}",eb9a2239-5a6c-4da5-8957-af8a90d3e880,34498e99-22c2-4112-9cdb-596ba6c6e0ed,2024-11-26T09:03:22.962880+00:00,"{'source': '34498e99-22c2-4112-9cdb-596ba6c6e0ed', 'selector': [{'startContainer': '/', 'endContainer': '/', 'startOffset': 274, 'endOffset': 281}]}"
a6284f57-427c-42a2-94e3-d18e6d37a1a6,default,0,"{'text': 'jogging', 'context': '0. Pour faire un jogging, on n’a besoin que de bonnes chaussures de course.', 'proba': 1.0, 'process': 'reference word'}",fe4bab23-b07f-4e52-ac3f-7391d5aef4fb,34498e99-22c2-4112-9cdb-596ba6c6e0ed,2025-01-03T12:54:01.690288,"{'source': '34498e99-22c2-4112-9cdb-596ba6c6e0ed', 'selector': [{'startContainer': '/', 'endContainer': '/', 'startOffset': 100, 'endOffset': 107}]}"
6b6bae56-c57b-4d91-a46f-f8d38817a71e,d3ce7764-eb85-4999-b965-c028f539ee33,1ecf29a6-9193-4a8b-9317-5dc319b94507,"{'text': 'héroïne', 'context': '0. L’héroïne est une drogue qui provient du pavot.'}",eb9a2239-5a6c-4da5-8957-af8a90d3e880,cc248ae2-a8e6-443c-bf01-7e35075576ae,2024-11-26T09:13:18.430331+00:00,"{'source': 'cc248ae2-a8e6-443c-bf01-7e35075576ae', 'selector': [{'startContainer': '/', 'endContainer': '/', 'startOffset': 88, 'endOffset': 95}]}"
2b8bae76-b511-4160-b0d5-c3bd3ba35e88,default,1ecf29a6-9193-4a8b-9317-5dc319b94507,"{'text': 'héroïne', 'context': '0. L’héroïne est une drogue qui provient du pavot.', 'proba': 1.0, 'process': 'reference word'}",84dcf943-f4b3-4886-a2d5-e0a3661cde64,cc248ae2-a8e6-443c-bf01-7e35075576ae,2025-01-03T12:54:01.690385,"{'source': 'cc248ae2-a8e6-443c-bf01-7e35075576ae', 'selector': [{'startContainer': '/', 'endContainer': '/', 'startOffset': 88, 'endOffset': 96}]}"
f6848a0c-fdfc-4a10-b892-f54a0a210ed3,default,0,"{'text': 'héroïne', 'context': '0. L’héroïne est une drogue qui provient du pavot.', 'proba': 1.0, 'process': 'reference word'}",da26a09b-917d-4c13-953a-63d39bcac892,cc248ae2-a8e6-443c-bf01-7e35075576ae,2025-01-03T12:54:01.690385,"{'source': 'cc248ae2-a8e6-443c-bf01-7e35075576ae', 'selector': [{'startContainer': '/', 'endContainer': '/', 'startOffset': 88, 'endOffset': 96}]}"
a74089c5-0db6-49dd-bc58-9c050fb6644c,d3ce7764-eb85-4999-b965-c028f539ee33,1ecf29a6-9193-4a8b-9317-5dc319b94507,"{'text': 'héroïne', 'context': '0. L’héroïne est une drogue qui provient du pavot.'}",e920598f-774d-4e1c-a2dc-8fb9a6f3053f,cc248ae2-a8e6-443c-bf01-7e35075576ae,2024-11-25T10:16:23.708402+00:00,"{'source': 'cc248ae2-a8e6-443c-bf01-7e35075576ae', 'selector': [{'startContainer': '/', 'endContainer': '/', 'startOffset': 88, 'endOffset': 95}]}"
8d3f4485-7730-4dc8-9a3f-cb678fb7cece,default,0,"{'text': 'héroïne', 'context': '0. L’héroïne est une drogue qui provient du pavot.', 'proba': 1.0, 'process': 'reference word'}",fe4bab23-b07f-4e52-ac3f-7391d5aef4fb,cc248ae2-a8e6-443c-bf01-7e35075576ae,2025-01-03T12:54:01.690385,"{'source': 'cc248ae2-a8e6-443c-bf01-7e35075576ae', 'selector': [{'startContainer': '/', 'endContainer': '/', 'startOffset': 88, 'endOffset': 96}]}"
7f507ea3-2d05-476f-b4ca-dde7dc736f4b,d3ce7764-eb85-4999-b965-c028f539ee33,371a5d39-6e41-427f-8e1f-6bf64504e080,"{'text': 'héroïne', 'context': '1. L’héroïne du film Titanic a tout essayé pour sauver Jack, le héros.', 'proba': 0.1}",d34602e1-1664-42cb-b139-c5cb8bcfa2a0,cc248ae2-a8e6-443c-bf01-7e35075576ae,2024-11-25T11:25:40.967591+00:00,"{'source': 'cc248ae2-a8e6-443c-bf01-7e35075576ae', 'selector': [{'startContainer': '/', 'endContainer': '/', 'startOffset': 242, 'endOffset': 250}]}"
6eb7bd63-df2c-4d0c-ac39-14ac8626e10b,d3ce7764-eb85-4999-b965-c028f539ee33,371a5d39-6e41-427f-8e1f-6bf64504e080,"{'text': 'héroïne', 'context': '1. L’héroïne du film Titanic a tout essayé pour sauver Jack, le héros.'}",eb9a2239-5a6c-4da5-8957-af8a90d3e880,cc248ae2-a8e6-443c-bf01-7e35075576ae,2024-11-26T09:13:21.010047+00:00,"{'source': 'cc248ae2-a8e6-443c-bf01-7e35075576ae', 'selector': [{'startContainer': '/', 'endContainer': '/', 'startOffset': 242, 'endOffset': 249}]}"
2f8df278-ef40-4903-af18-a212dc3056fb,default,1,"{'text': 'héroïne', 'context': '1. L’héroïne du film Titanic a tout essayé pour sauver Jack, le héros.', 'proba': 0.1}",da26a09b-917d-4c13-953a-63d39bcac892,cc248ae2-a8e6-443c-bf01-7e35075576ae,2025-01-03T12:54:01.690354,"{'source': 'cc248ae2-a8e6-443c-bf01-7e35075576ae', 'selector': [{'startContainer': '/', 'endContainer': '/', 'startOffset': 242, 'endOffset': 250}]}"
f90f979f-c9a7-4de6-b780-0f7a56032b73,d3ce7764-eb85-4999-b965-c028f539ee33,371a5d39-6e41-427f-8e1f-6bf64504e080,"{'text': 'héroïne', 'context': '1. L’héroïne du film Titanic a tout essayé pour sauver Jack, le héros.'}",e920598f-774d-4e1c-a2dc-8fb9a6f3053f,cc248ae2-a8e6-443c-bf01-7e35075576ae,2024-11-25T10:16:26.973180+00:00,"{'source': 'cc248ae2-a8e6-443c-bf01-7e35075576ae', 'selector': [{'startContainer': '/', 'endContainer': '/', 'startOffset': 242, 'endOffset': 249}]}"
a1a88778-6ea3-432a-ad42-28f9cd407014,default,1,"{'text': 'héroïne', 'context': '1. L’héroïne du film Titanic a tout essayé pour sauver Jack, le héros.', 'proba': 0.1}",fe4bab23-b07f-4e52-ac3f-7391d5aef4fb,cc248ae2-a8e6-443c-bf01-7e35075576ae,2025-01-03T12:54:01.690354,"{'source': 'cc248ae2-a8e6-443c-bf01-7e35075576ae', 'selector': [{'startContainer': '/', 'endContainer': '/', 'startOffset': 242, 'endOffset': 250}]}"
dad050a8-76fe-4424-8ca3-00ab81beba57,default,371a5d39-6e41-427f-8e1f-6bf64504e080,"{'text': 'héroïne', 'context': '1. L’héroïne du film Titanic a tout essayé pour sauver Jack, le héros.', 'proba': 0.1}",84dcf943-f4b3-4886-a2d5-e0a3661cde64,cc248ae2-a8e6-443c-bf01-7e35075576ae,2025-01-03T12:54:01.690354,"{'source': 'cc248ae2-a8e6-443c-bf01-7e35075576ae', 'selector': [{'startContainer': '/', 'endContainer': '/', 'startOffset': 242, 'endOffset': 250}]}"
4c7b909d-95f7-453c-adff-89a33a3fc970,d3ce7764-eb85-4999-b965-c028f539ee33,1ecf29a6-9193-4a8b-9317-5dc319b94507,"{'text': 'héroïne', 'context': '0. L’héroïne est une drogue qui provient du pavot.', 'proba': 1.0, 'process': 'reference word'}",d34602e1-1664-42cb-b139-c5cb8bcfa2a0,cc248ae2-a8e6-443c-bf01-7e35075576ae,2024-11-25T11:25:38.942685+00:00,"{'source': 'cc248ae2-a8e6-443c-bf01-7e35075576ae', 'selector': [{'startContainer': '/', 'endContainer': '/', 'startOffset': 88, 'endOffset': 96}]}"
251fec39-5d17-45b9-a45c-7261e5d04148,d3ce7764-eb85-4999-b965-c028f539ee33,1ecf29a6-9193-4a8b-9317-5dc319b94507,"{'text': 'heures', 'context': '1. Il est huit heures du matin.', 'proba': 0.8}",d34602e1-1664-42cb-b139-c5cb8bcfa2a0,bacd2794-97de-4fdc-ba1e-082f03b812f2,2024-11-25T11:24:40.575817+00:00,"{'source': 'bacd2794-97de-4fdc-ba1e-082f03b812f2', 'selector': [{'startContainer': '/', 'endContainer': '/', 'startOffset': 229, 'endOffset': 236}]}"
20a237db-2faf-4ed8-8331-48e676e28b37,d3ce7764-eb85-4999-b965-c028f539ee33,1ecf29a6-9193-4a8b-9317-5dc319b94507,"{'text': 'heures', 'context': '1. Il est huit heures du matin.'}",e920598f-774d-4e1c-a2dc-8fb9a6f3053f,bacd2794-97de-4fdc-ba1e-082f03b812f2,2024-11-25T10:15:22.127752+00:00,"{'source': 'bacd2794-97de-4fdc-ba1e-082f03b812f2', 'selector': [{'startContainer': '/', 'endContainer': '/', 'startOffset': 229, 'endOffset': 235}]}"
be6ee449-22c7-4635-af33-2a0b4462ebe7,d3ce7764-eb85-4999-b965-c028f539ee33,1ecf29a6-9193-4a8b-9317-5dc319b94507,"{'text': 'heures', 'context': '2. Il est huit heures du matin.'}",eb9a2239-5a6c-4da5-8957-af8a90d3e880,bacd2794-97de-4fdc-ba1e-082f03b812f2,2024-11-26T09:12:14.451872+00:00,"{'source': 'bacd2794-97de-4fdc-ba1e-082f03b812f2', 'selector': [{'startContainer': '/', 'endContainer': '/', 'startOffset': 362, 'endOffset': 368}]}"
a21ec0aa-4d46-4232-a240-e3b13d5324ad,default,0,"{'text': 'heure', 'context': '3. Je viens de boire un café. Dans une heure, je vais déjeuner.', 'proba': 1.0, 'process': 'reference word'}",fe4bab23-b07f-4e52-ac3f-7391d5aef4fb,bacd2794-97de-4fdc-ba1e-082f03b812f2,2025-01-03T12:54:01.690421,"{'source': 'bacd2794-97de-4fdc-ba1e-082f03b812f2', 'selector': [{'startContainer': '/', 'endContainer': '/', 'startOffset': 519, 'endOffset': 524}]}"
21b26de2-ce1f-421a-8f38-bf63f8af1147,d3ce7764-eb85-4999-b965-c028f539ee33,1ecf29a6-9193-4a8b-9317-5dc319b94507,"{'text': 'heures', 'context': '0. Il est huit heures du matin.', 'proba': 0.9}",d34602e1-1664-42cb-b139-c5cb8bcfa2a0,bacd2794-97de-4fdc-ba1e-082f03b812f2,2024-11-25T11:24:38.102828+00:00,"{'source': 'bacd2794-97de-4fdc-ba1e-082f03b812f2', 'selector': [{'startContainer': '/', 'endContainer': '/', 'startOffset': 96, 'endOffset': 103}]}"
b9eb01b0-8f78-485b-8cf0-fc50f12b8c13,default,0,"{'text': 'heures', 'context': '1. Il est huit heures du matin.', 'proba': 0.8}",da26a09b-917d-4c13-953a-63d39bcac892,bacd2794-97de-4fdc-ba1e-082f03b812f2,2025-01-03T12:54:01.690452,"{'source': 'bacd2794-97de-4fdc-ba1e-082f03b812f2', 'selector': [{'startContainer': '/', 'endContainer': '/', 'startOffset': 229, 'endOffset': 236}]}"
56217d46-a33c-4e4a-998f-29b49f22faec,d3ce7764-eb85-4999-b965-c028f539ee33,1ecf29a6-9193-4a8b-9317-5dc319b94507,"{'text': 'heures', 'context': '2. Il est huit heures du matin.', 'proba': 0.8}",d34602e1-1664-42cb-b139-c5cb8bcfa2a0,bacd2794-97de-4fdc-ba1e-082f03b812f2,2024-11-25T11:24:42.667020+00:00,"{'source': 'bacd2794-97de-4fdc-ba1e-082f03b812f2', 'selector': [{'startContainer': '/', 'endContainer': '/', 'startOffset': 362, 'endOffset': 369}]}"
f5bc9ee6-9a30-4584-95df-0ea82513bda3,d3ce7764-eb85-4999-b965-c028f539ee33,1ecf29a6-9193-4a8b-9317-5dc319b94507,"{'text': 'heures', 'context': '0. Il est huit heures du matin.'}",e920598f-774d-4e1c-a2dc-8fb9a6f3053f,bacd2794-97de-4fdc-ba1e-082f03b812f2,2024-11-25T10:15:20.162751+00:00,"{'source': 'bacd2794-97de-4fdc-ba1e-082f03b812f2', 'selector': [{'startContainer': '/', 'endContainer': '/', 'startOffset': 96, 'endOffset': 102}]}"
bec3825d-bceb-4798-bcc9-275c1a7adddb,d3ce7764-eb85-4999-b965-c028f539ee33,1ecf29a6-9193-4a8b-9317-5dc319b94507,"{'text': 'heures', 'context': '1. Il est huit heures du matin.'}",eb9a2239-5a6c-4da5-8957-af8a90d3e880,bacd2794-97de-4fdc-ba1e-082f03b812f2,2024-11-26T09:12:09.531907+00:00,"{'source': 'bacd2794-97de-4fdc-ba1e-082f03b812f2', 'selector': [{'startContainer': '/', 'endContainer': '/', 'startOffset': 229, 'endOffset': 235}]}"
0b13e520-1df2-4c4a-a398-de6679dfbc23,default,0,"{'text': 'heure', 'context': '3. Je viens de boire un café. Dans une heure, je vais déjeuner.', 'proba': 1.0, 'process': 'reference word'}",da26a09b-917d-4c13-953a-63d39bcac892,bacd2794-97de-4fdc-ba1e-082f03b812f2,2025-01-03T12:54:01.690421,"{'source': 'bacd2794-97de-4fdc-ba1e-082f03b812f2', 'selector': [{'startContainer': '/', 'endContainer': '/', 'startOffset': 519, 'endOffset': 524}]}"
cfb31f4a-e57b-4e9a-8c37-ee5bfa735c70,default,0,"{'text': 'heures', 'context': '0. Il est huit heures du matin.', 'proba': 0.9}",fe4bab23-b07f-4e52-ac3f-7391d5aef4fb,bacd2794-97de-4fdc-ba1e-082f03b812f2,2025-01-03T12:54:01.690483,"{'source': 'bacd2794-97de-4fdc-ba1e-082f03b812f2', 'selector': [{'startContainer': '/', 'endContainer': '/', 'startOffset': 96, 'endOffset': 103}]}"
7ecdff11-57db-431c-9259-c8a053a58c43,d3ce7764-eb85-4999-b965-c028f539ee33,1ecf29a6-9193-4a8b-9317-5dc319b94507,"{'text': 'heure', 'context': '3. Je viens de boire un café. Dans une heure, je vais déjeuner.'}",e920598f-774d-4e1c-a2dc-8fb9a6f3053f,bacd2794-97de-4fdc-ba1e-082f03b812f2,2024-11-25T10:15:31.956898+00:00,"{'source': 'bacd2794-97de-4fdc-ba1e-082f03b812f2', 'selector': [{'startContainer': '/', 'endContainer': '/', 'startOffset': 519, 'endOffset': 524}]}"
2e13a98c-9525-4247-9d16-f35912b0f813,default,0,"{'text': 'heures', 'context': '2. Il est huit heures du matin.', 'proba': 0.8}",da26a09b-917d-4c13-953a-63d39bcac892,bacd2794-97de-4fdc-ba1e-082f03b812f2,2025-01-03T12:54:01.690514,"{'source': 'bacd2794-97de-4fdc-ba1e-082f03b812f2', 'selector': [{'startContainer': '/', 'endContainer': '/', 'startOffset': 362, 'endOffset': 369}]}"
a8c2694c-0be1-4830-a479-0b31471d4e6b,default,0,"{'text': 'heures', 'context': '1. Il est huit heures du matin.', 'proba': 0.8}",fe4bab23-b07f-4e52-ac3f-7391d5aef4fb,bacd2794-97de-4fdc-ba1e-082f03b812f2,2025-01-03T12:54:01.690452,"{'source': 'bacd2794-97de-4fdc-ba1e-082f03b812f2', 'selector': [{'startContainer': '/', 'endContainer': '/', 'startOffset': 229, 'endOffset': 236}]}"
97222bd6-85b9-427d-92b5-a014fa47c44c,default,0,"{'text': 'heures', 'context': '2. Il est huit heures du matin.', 'proba': 0.8}",fe4bab23-b07f-4e52-ac3f-7391d5aef4fb,bacd2794-97de-4fdc-ba1e-082f03b812f2,2025-01-03T12:54:01.690514,"{'source': 'bacd2794-97de-4fdc-ba1e-082f03b812f2', 'selector': [{'startContainer': '/', 'endContainer': '/', 'startOffset': 362, 'endOffset': 369}]}"
3c507cb3-8df5-4947-9c3e-dcf60ca52f04,d3ce7764-eb85-4999-b965-c028f539ee33,1ecf29a6-9193-4a8b-9317-5dc319b94507,"{'text': 'heure', 'context': '3. Je viens de boire un café. Dans une heure, je vais déjeuner.', 'proba': 1.0, 'process': 'reference word'}",d34602e1-1664-42cb-b139-c5cb8bcfa2a0,bacd2794-97de-4fdc-ba1e-082f03b812f2,2024-11-25T11:24:46.206330+00:00,"{'source': 'bacd2794-97de-4fdc-ba1e-082f03b812f2', 'selector': [{'startContainer': '/', 'endContainer': '/', 'startOffset': 519, 'endOffset': 524}]}"
1e1b8d02-b1fb-4ec3-b510-8f522c487453,d3ce7764-eb85-4999-b965-c028f539ee33,1ecf29a6-9193-4a8b-9317-5dc319b94507,"{'text': 'heures', 'context': '2. Il est huit heures du matin.'}",e920598f-774d-4e1c-a2dc-8fb9a6f3053f,bacd2794-97de-4fdc-ba1e-082f03b812f2,2024-11-25T10:15:23.968204+00:00,"{'source': 'bacd2794-97de-4fdc-ba1e-082f03b812f2', 'selector': [{'startContainer': '/', 'endContainer': '/', 'startOffset': 362, 'endOffset': 368}]}"
f6126690-768d-489b-8747-fcb846aac3a8,default,1ecf29a6-9193-4a8b-9317-5dc319b94507,"{'text': 'heure', 'context': '3. Je viens de boire un café. Dans une heure, je vais déjeuner.', 'proba': 1.0, 'process': 'reference word'}",84dcf943-f4b3-4886-a2d5-e0a3661cde64,bacd2794-97de-4fdc-ba1e-082f03b812f2,2025-01-03T12:54:01.690421,"{'source': 'bacd2794-97de-4fdc-ba1e-082f03b812f2', 'selector': [{'startContainer': '/', 'endContainer': '/', 'startOffset': 519, 'endOffset': 524}]}"
5fbbd65e-5ce0-4767-9d4d-662e8e1e81ae,default,1ecf29a6-9193-4a8b-9317-5dc319b94507,"{'text': 'heures', 'context': '1. Il est huit heures du matin.', 'proba': 0.8}",84dcf943-f4b3-4886-a2d5-e0a3661cde64,bacd2794-97de-4fdc-ba1e-082f03b812f2,2025-01-03T12:54:01.690452,"{'source': 'bacd2794-97de-4fdc-ba1e-082f03b812f2', 'selector': [{'startContainer': '/', 'endContainer': '/', 'startOffset': 229, 'endOffset': 236}]}"
06ec8440-9bee-47d3-b2a7-a53bedbc8269,d3ce7764-eb85-4999-b965-c028f539ee33,1ecf29a6-9193-4a8b-9317-5dc319b94507,"{'text': 'heures', 'context': '0. Il est huit heures du matin.'}",eb9a2239-5a6c-4da5-8957-af8a90d3e880,bacd2794-97de-4fdc-ba1e-082f03b812f2,2024-11-26T09:12:06.773300+00:00,"{'source': 'bacd2794-97de-4fdc-ba1e-082f03b812f2', 'selector': [{'startContainer': '/', 'endContainer': '/', 'startOffset': 96, 'endOffset': 102}]}"
c5c61dad-d66a-4b01-a2dd-fb7e5e40ae65,default,0,"{'text': 'heures', 'context': '0. Il est huit heures du matin.', 'proba': 0.9}",da26a09b-917d-4c13-953a-63d39bcac892,bacd2794-97de-4fdc-ba1e-082f03b812f2,2025-01-03T12:54:01.690483,"{'source': 'bacd2794-97de-4fdc-ba1e-082f03b812f2', 'selector': [{'startContainer': '/', 'endContainer': '/', 'startOffset': 96, 'endOffset': 103}]}"
684137ea-60c6-4a1b-80d6-6dba5161bb29,default,1ecf29a6-9193-4a8b-9317-5dc319b94507,"{'text': 'heures', 'context': '0. Il est huit heures du matin.', 'proba': 0.9}",84dcf943-f4b3-4886-a2d5-e0a3661cde64,bacd2794-97de-4fdc-ba1e-082f03b812f2,2025-01-03T12:54:01.690483,"{'source': 'bacd2794-97de-4fdc-ba1e-082f03b812f2', 'selector': [{'startContainer': '/', 'endContainer': '/', 'startOffset': 96, 'endOffset': 103}]}"
e593bc95-c39f-4e34-815d-39618243c9cd,default,1ecf29a6-9193-4a8b-9317-5dc319b94507,"{'text': 'heures', 'context': '2. Il est huit heures du matin.', 'proba': 0.8}",84dcf943-f4b3-4886-a2d5-e0a3661cde64,bacd2794-97de-4fdc-ba1e-082f03b812f2,2025-01-03T12:54:01.690514,"{'source': 'bacd2794-97de-4fdc-ba1e-082f03b812f2', 'selector': [{'startContainer': '/', 'endContainer': '/', 'startOffset': 362, 'endOffset': 369}]}"
7058012b-2079-4e3f-8e7b-641a903941dc,d3ce7764-eb85-4999-b965-c028f539ee33,1ecf29a6-9193-4a8b-9317-5dc319b94507,"{'text': 'garage', 'context': '0. Notre garage peut contenir trois voitures.'}",e920598f-774d-4e1c-a2dc-8fb9a6f3053f,35009846-2885-4ab5-9f0c-82b3e4fee881,2024-11-25T09:48:09.611878+00:00,"{'source': '35009846-2885-4ab5-9f0c-82b3e4fee881', 'selector': [{'startContainer': '/', 'endContainer': '/', 'startOffset': 91, 'endOffset': 97}]}"
c7add3a9-ec6e-40b5-b8e2-df16ee6fa512,default,1ecf29a6-9193-4a8b-9317-5dc319b94507,"{'text': 'garage', 'context': '0. Notre garage peut contenir trois voitures.', 'proba': 1.0, 'process': 'reference word'}",84dcf943-f4b3-4886-a2d5-e0a3661cde64,35009846-2885-4ab5-9f0c-82b3e4fee881,2025-01-03T12:54:01.690549,"{'source': '35009846-2885-4ab5-9f0c-82b3e4fee881', 'selector': [{'startContainer': '/', 'endContainer': '/', 'startOffset': 91, 'endOffset': 98}]}"
9d7554f8-077c-45b0-b7c1-a6e46c6a8fca,d3ce7764-eb85-4999-b965-c028f539ee33,371a5d39-6e41-427f-8e1f-6bf64504e080,"{'text': 'garage', 'context': ""1. La voiture de Léa est encore en panne alors elle l'a laissée au garage.""}",eb9a2239-5a6c-4da5-8957-af8a90d3e880,35009846-2885-4ab5-9f0c-82b3e4fee881,2024-11-26T09:03:33.967825+00:00,"{'source': '35009846-2885-4ab5-9f0c-82b3e4fee881', 'selector': [{'startContainer': '/', 'endContainer': '/', 'startOffset': 297, 'endOffset': 303}]}"
307f97d9-9d97-4253-bcf8-94ca351c0761,default,371a5d39-6e41-427f-8e1f-6bf64504e080,"{'text': 'garage', 'context': ""1. La voiture de Léa est encore en panne alors elle l'a laissée au garage."", 'proba': 0.6}",84dcf943-f4b3-4886-a2d5-e0a3661cde64,35009846-2885-4ab5-9f0c-82b3e4fee881,2025-01-03T12:54:01.690580,"{'source': '35009846-2885-4ab5-9f0c-82b3e4fee881', 'selector': [{'startContainer': '/', 'endContainer': '/', 'startOffset': 297, 'endOffset': 303}]}"
82fd808f-ed5c-4fc1-85ba-2a7e51981d28,default,0,"{'text': 'garage', 'context': ""1. La voiture de Léa est encore en panne alors elle l'a laissée au garage."", 'proba': 0.6}",fe4bab23-b07f-4e52-ac3f-7391d5aef4fb,35009846-2885-4ab5-9f0c-82b3e4fee881,2025-01-03T12:54:01.690580,"{'source': '35009846-2885-4ab5-9f0c-82b3e4fee881', 'selector': [{'startContainer': '/', 'endContainer': '/', 'startOffset': 297, 'endOffset': 303}]}"
618a46bd-7a9c-455e-a7b9-cde1a5ab68d8,d3ce7764-eb85-4999-b965-c028f539ee33,1ecf29a6-9193-4a8b-9317-5dc319b94507,"{'text': 'garage', 'context': '0. Notre garage peut contenir trois voitures.', 'proba': 1.0, 'process': 'reference word'}",d34602e1-1664-42cb-b139-c5cb8bcfa2a0,35009846-2885-4ab5-9f0c-82b3e4fee881,2024-11-25T11:16:34.543948+00:00,"{'source': '35009846-2885-4ab5-9f0c-82b3e4fee881', 'selector': [{'startContainer': '/', 'endContainer': '/', 'startOffset': 91, 'endOffset': 98}]}"
c0254d5a-4cdf-4e09-be72-d8a734f24588,d3ce7764-eb85-4999-b965-c028f539ee33,1ecf29a6-9193-4a8b-9317-5dc319b94507,"{'text': 'garage', 'context': '0. Notre garage peut contenir trois voitures.'}",eb9a2239-5a6c-4da5-8957-af8a90d3e880,35009846-2885-4ab5-9f0c-82b3e4fee881,2024-11-26T09:03:30.103731+00:00,"{'source': '35009846-2885-4ab5-9f0c-82b3e4fee881', 'selector': [{'startContainer': '/', 'endContainer': '/', 'startOffset': 91, 'endOffset': 97}]}"
e50af973-4d04-4afc-bde4-bb179ee8cee1,default,0,"{'text': 'garage', 'context': '0. Notre garage peut contenir trois voitures.', 'proba': 1.0, 'process': 'reference word'}",da26a09b-917d-4c13-953a-63d39bcac892,35009846-2885-4ab5-9f0c-82b3e4fee881,2025-01-03T12:54:01.690549,"{'source': '35009846-2885-4ab5-9f0c-82b3e4fee881', 'selector': [{'startContainer': '/', 'endContainer': '/', 'startOffset': 91, 'endOffset': 98}]}"
e556f058-d681-461d-b9fa-5f8c4a9c1050,default,0,"{'text': 'garage', 'context': ""1. La voiture de Léa est encore en panne alors elle l'a laissée au garage."", 'proba': 0.6}",da26a09b-917d-4c13-953a-63d39bcac892,35009846-2885-4ab5-9f0c-82b3e4fee881,2025-01-03T12:54:01.690580,"{'source': '35009846-2885-4ab5-9f0c-82b3e4fee881', 'selector': [{'startContainer': '/', 'endContainer': '/', 'startOffset': 297, 'endOffset': 303}]}"
54cb55d0-ce24-412c-9cc0-6a67f6e918a6,d3ce7764-eb85-4999-b965-c028f539ee33,371a5d39-6e41-427f-8e1f-6bf64504e080,"{'text': 'garage', 'context': ""1. La voiture de Léa est encore en panne alors elle l'a laissée au garage.""}",e920598f-774d-4e1c-a2dc-8fb9a6f3053f,35009846-2885-4ab5-9f0c-82b3e4fee881,2024-11-25T09:48:13.326384+00:00,"{'source': '35009846-2885-4ab5-9f0c-82b3e4fee881', 'selector': [{'startContainer': '/', 'endContainer': '/', 'startOffset': 297, 'endOffset': 303}]}"
0a9160d6-1c1a-4e2a-a060-774e00595793,default,0,"{'text': 'garage', 'context': '0. Notre garage peut contenir trois voitures.', 'proba': 1.0, 'process': 'reference word'}",fe4bab23-b07f-4e52-ac3f-7391d5aef4fb,35009846-2885-4ab5-9f0c-82b3e4fee881,2025-01-03T12:54:01.690549,"{'source': '35009846-2885-4ab5-9f0c-82b3e4fee881', 'selector': [{'startContainer': '/', 'endContainer': '/', 'startOffset': 91, 'endOffset': 98}]}"
9ffb6091-3fc6-4d9a-b2aa-0e14218c9a7f,d3ce7764-eb85-4999-b965-c028f539ee33,371a5d39-6e41-427f-8e1f-6bf64504e080,"{'text': 'garage', 'context': ""1. La voiture de Léa est encore en panne alors elle l'a laissée au garage."", 'proba': 0.6}",d34602e1-1664-42cb-b139-c5cb8bcfa2a0,35009846-2885-4ab5-9f0c-82b3e4fee881,2024-11-25T11:16:40.843523+00:00,"{'source': '35009846-2885-4ab5-9f0c-82b3e4fee881', 'selector': [{'startContainer': '/', 'endContainer': '/', 'startOffset': 297, 'endOffset': 303}]}"
27106e12-d3b2-42cf-9c1d-33e504db57c8,default,0,"{'text': 'doigt', 'context': ""0. Il s'est coupé le doigt en cuisinant."", 'proba': 1.0}",fe4bab23-b07f-4e52-ac3f-7391d5aef4fb,ce139a89-f72e-4f33-99a0-ab903b018e81,2025-01-03T12:54:01.690645,"{'source': 'ce139a89-f72e-4f33-99a0-ab903b018e81', 'selector': [{'startContainer': '/', 'endContainer': '/', 'startOffset': 102, 'endOffset': 108}]}"
b97358fe-27c5-4aff-b968-8f48f8602bd6,d3ce7764-eb85-4999-b965-c028f539ee33,1ecf29a6-9193-4a8b-9317-5dc319b94507,"{'text': 'doigt', 'context': ""1. Il s'est coupé le doigt en cuisinant."", 'proba': 1.0, 'process': 'reference word'}",d34602e1-1664-42cb-b139-c5cb8bcfa2a0,ce139a89-f72e-4f33-99a0-ab903b018e81,2024-11-25T11:26:16.599655+00:00,"{'source': 'ce139a89-f72e-4f33-99a0-ab903b018e81', 'selector': [{'startContainer': '/', 'endContainer': '/', 'startOffset': 244, 'endOffset': 250}]}"
0d3652f3-946f-4bd7-b1c1-cad020ac39d2,d3ce7764-eb85-4999-b965-c028f539ee33,1ecf29a6-9193-4a8b-9317-5dc319b94507,"{'text': 'doigt', 'context': ""1. Il s'est coupé le doigt en cuisinant.""}",e920598f-774d-4e1c-a2dc-8fb9a6f3053f,ce139a89-f72e-4f33-99a0-ab903b018e81,2024-11-25T10:16:57.431293+00:00,"{'source': 'ce139a89-f72e-4f33-99a0-ab903b018e81', 'selector': [{'startContainer': '/', 'endContainer': '/', 'startOffset': 244, 'endOffset': 249}]}"
266e4a94-23b0-4aef-9008-a84b0f101a8a,d3ce7764-eb85-4999-b965-c028f539ee33,1ecf29a6-9193-4a8b-9317-5dc319b94507,"{'text': 'doigt', 'context': ""0. Il s'est coupé le doigt en cuisinant."", 'proba': 1.0}",d34602e1-1664-42cb-b139-c5cb8bcfa2a0,ce139a89-f72e-4f33-99a0-ab903b018e81,2024-11-25T11:26:14.900831+00:00,"{'source': 'ce139a89-f72e-4f33-99a0-ab903b018e81', 'selector': [{'startContainer': '/', 'endContainer': '/', 'startOffset': 102, 'endOffset': 108}]}"
ad113c55-37c8-43b2-a627-8c172510519e,default,0,"{'text': 'doigt', 'context': ""0. Il s'est coupé le doigt en cuisinant."", 'proba': 1.0}",da26a09b-917d-4c13-953a-63d39bcac892,ce139a89-f72e-4f33-99a0-ab903b018e81,2025-01-03T12:54:01.690645,"{'source': 'ce139a89-f72e-4f33-99a0-ab903b018e81', 'selector': [{'startContainer': '/', 'endContainer': '/', 'startOffset': 102, 'endOffset': 108}]}"
09ea1f1d-60f8-45dd-92ec-8e517c83ae6a,default,1ecf29a6-9193-4a8b-9317-5dc319b94507,"{'text': 'doigt', 'context': ""1. Il s'est coupé le doigt en cuisinant."", 'proba': 1.0, 'process': 'reference word'}",84dcf943-f4b3-4886-a2d5-e0a3661cde64,ce139a89-f72e-4f33-99a0-ab903b018e81,2025-01-03T12:54:01.690614,"{'source': 'ce139a89-f72e-4f33-99a0-ab903b018e81', 'selector': [{'startContainer': '/', 'endContainer': '/', 'startOffset': 244, 'endOffset': 250}]}"
7fc84a77-c36a-4ddd-a05b-78c8cbaf2634,d3ce7764-eb85-4999-b965-c028f539ee33,1ecf29a6-9193-4a8b-9317-5dc319b94507,"{'text': 'doigt', 'context': ""0. Il s'est coupé le doigt en cuisinant.""}",eb9a2239-5a6c-4da5-8957-af8a90d3e880,ce139a89-f72e-4f33-99a0-ab903b018e81,2024-11-26T09:13:58.480876+00:00,"{'source': 'ce139a89-f72e-4f33-99a0-ab903b018e81', 'selector': [{'startContainer': '/', 'endContainer': '/', 'startOffset': 102, 'endOffset': 107}]}"
b901d95b-2788-4251-9138-e17f0cad980a,default,0,"{'text': 'doigt', 'context': ""1. Il s'est coupé le doigt en cuisinant."", 'proba': 1.0, 'process': 'reference word'}",fe4bab23-b07f-4e52-ac3f-7391d5aef4fb,ce139a89-f72e-4f33-99a0-ab903b018e81,2025-01-03T12:54:01.690614,"{'source': 'ce139a89-f72e-4f33-99a0-ab903b018e81', 'selector': [{'startContainer': '/', 'endContainer': '/', 'startOffset': 244, 'endOffset': 250}]}"
11b6f2ac-efb2-44e1-8593-ec4687ce3c17,d3ce7764-eb85-4999-b965-c028f539ee33,1ecf29a6-9193-4a8b-9317-5dc319b94507,"{'text': 'doigt', 'context': ""1. Il s'est coupé le doigt en cuisinant.""}",eb9a2239-5a6c-4da5-8957-af8a90d3e880,ce139a89-f72e-4f33-99a0-ab903b018e81,2024-11-26T09:14:01.391425+00:00,"{'source': 'ce139a89-f72e-4f33-99a0-ab903b018e81', 'selector': [{'startContainer': '/', 'endContainer': '/', 'startOffset': 244, 'endOffset': 249}]}"
72d9297a-45a5-4cd2-8670-5db51db9747f,default,1ecf29a6-9193-4a8b-9317-5dc319b94507,"{'text': 'doigt', 'context': ""0. Il s'est coupé le doigt en cuisinant."", 'proba': 1.0}",84dcf943-f4b3-4886-a2d5-e0a3661cde64,ce139a89-f72e-4f33-99a0-ab903b018e81,2025-01-03T12:54:01.690645,"{'source': 'ce139a89-f72e-4f33-99a0-ab903b018e81', 'selector': [{'startContainer': '/', 'endContainer': '/', 'startOffset': 102, 'endOffset': 108}]}"
102c82d0-5aad-4e19-af38-fb7ed3289c9f,default,0,"{'text': 'doigt', 'context': ""1. Il s'est coupé le doigt en cuisinant."", 'proba': 1.0, 'process': 'reference word'}",da26a09b-917d-4c13-953a-63d39bcac892,ce139a89-f72e-4f33-99a0-ab903b018e81,2025-01-03T12:54:01.690614,"{'source': 'ce139a89-f72e-4f33-99a0-ab903b018e81', 'selector': [{'startContainer': '/', 'endContainer': '/', 'startOffset': 244, 'endOffset': 250}]}"
5dc0067f-5ac6-4001-932b-bd9a58ee2262,d3ce7764-eb85-4999-b965-c028f539ee33,1ecf29a6-9193-4a8b-9317-5dc319b94507,"{'text': 'doigt', 'context': ""0. Il s'est coupé le doigt en cuisinant.""}",e920598f-774d-4e1c-a2dc-8fb9a6f3053f,ce139a89-f72e-4f33-99a0-ab903b018e81,2024-11-25T10:16:54.358851+00:00,"{'source': 'ce139a89-f72e-4f33-99a0-ab903b018e81', 'selector': [{'startContainer': '/', 'endContainer': '/', 'startOffset': 102, 'endOffset': 107}]}"
c200fa3a-d847-487c-a4c7-18cfe00efc41,default,1ecf29a6-9193-4a8b-9317-5dc319b94507,"{'text': 'créneau', 'context': '0. Le créneau occupé par le journal TV est 19h30-20h00. Après ça, il y a un film.', 'proba': 1.0, 'process': 'reference word'}",84dcf943-f4b3-4886-a2d5-e0a3661cde64,8f260f5b-fc7a-4b39-81e2-fb268428dee4,2025-01-03T12:54:01.690710,"{'source': '8f260f5b-fc7a-4b39-81e2-fb268428dee4', 'selector': [{'startContainer': '/', 'endContainer': '/', 'startOffset': 89, 'endOffset': 97}]}"
36211cd9-c374-4a8e-863b-0d35c4e511bf,d3ce7764-eb85-4999-b965-c028f539ee33,1ecf29a6-9193-4a8b-9317-5dc319b94507,"{'text': 'créneau', 'context': '0. Le créneau occupé par le journal TV est 19h30-20h00. Après ça, il y a un film.'}",e920598f-774d-4e1c-a2dc-8fb9a6f3053f,8f260f5b-fc7a-4b39-81e2-fb268428dee4,2024-11-25T09:51:44.095466+00:00,"{'source': '8f260f5b-fc7a-4b39-81e2-fb268428dee4', 'selector': [{'startContainer': '/', 'endContainer': '/', 'startOffset': 89, 'endOffset': 96}]}"
50fb2bcb-9d7b-4e92-87c1-c7928b455599,d3ce7764-eb85-4999-b965-c028f539ee33,1ecf29a6-9193-4a8b-9317-5dc319b94507,"{'text': 'créneau', 'context': '1. Est-ce que vous auriez un créneau cet après-midi pour discuter du projet ?'}",e920598f-774d-4e1c-a2dc-8fb9a6f3053f,8f260f5b-fc7a-4b39-81e2-fb268428dee4,2024-11-25T09:51:46.477323+00:00,"{'source': '8f260f5b-fc7a-4b39-81e2-fb268428dee4', 'selector': [{'startContainer': '/', 'endContainer': '/', 'startOffset': 297, 'endOffset': 304}]}"
bdfc7197-122f-44b5-836e-df67c1fb462d,d3ce7764-eb85-4999-b965-c028f539ee33,1ecf29a6-9193-4a8b-9317-5dc319b94507,"{'text': 'créneau', 'context': '0. Le créneau occupé par le journal TV est 19h30-20h00. Après ça, il y a un film.'}",eb9a2239-5a6c-4da5-8957-af8a90d3e880,8f260f5b-fc7a-4b39-81e2-fb268428dee4,2024-11-26T09:08:20.127338+00:00,"{'source': '8f260f5b-fc7a-4b39-81e2-fb268428dee4', 'selector': [{'startContainer': '/', 'endContainer': '/', 'startOffset': 89, 'endOffset': 96}]}"
61df4cb4-76dd-4711-83e4-af0c9e8efa37,d3ce7764-eb85-4999-b965-c028f539ee33,1ecf29a6-9193-4a8b-9317-5dc319b94507,"{'text': 'créneau', 'context': ""2. J'ai un créneau libre à 15h pour notre réunion.""}",e920598f-774d-4e1c-a2dc-8fb9a6f3053f,8f260f5b-fc7a-4b39-81e2-fb268428dee4,2024-11-25T09:51:48.173696+00:00,"{'source': '8f260f5b-fc7a-4b39-81e2-fb268428dee4', 'selector': [{'startContainer': '/', 'endContainer': '/', 'startOffset': 460, 'endOffset': 467}]}"
f8156ebf-af07-4f57-96a3-a61a23e4d646,d3ce7764-eb85-4999-b965-c028f539ee33,1ecf29a6-9193-4a8b-9317-5dc319b94507,"{'text': 'créneau', 'context': ""2. J'ai un créneau libre à 15h pour notre réunion."", 'proba': 0.8}",d34602e1-1664-42cb-b139-c5cb8bcfa2a0,8f260f5b-fc7a-4b39-81e2-fb268428dee4,2024-11-25T11:22:44.102437+00:00,"{'source': '8f260f5b-fc7a-4b39-81e2-fb268428dee4', 'selector': [{'startContainer': '/', 'endContainer': '/', 'startOffset': 460, 'endOffset': 468}]}"
c695febc-9390-4cb8-bb55-75f905d1b3ab,default,1ecf29a6-9193-4a8b-9317-5dc319b94507,"{'text': 'créneau', 'context': '1. Est-ce que vous auriez un créneau cet après-midi pour discuter du projet ?', 'proba': 0.6}",84dcf943-f4b3-4886-a2d5-e0a3661cde64,8f260f5b-fc7a-4b39-81e2-fb268428dee4,2025-01-03T12:54:01.690742,"{'source': '8f260f5b-fc7a-4b39-81e2-fb268428dee4', 'selector': [{'startContainer': '/', 'endContainer': '/', 'startOffset': 297, 'endOffset': 305}]}"
304f9019-6366-4e33-a8ed-97fc8937f574,default,0,"{'text': 'créneau', 'context': '0. Le créneau occupé par le journal TV est 19h30-20h00. Après ça, il y a un film.', 'proba': 1.0, 'process': 'reference word'}",da26a09b-917d-4c13-953a-63d39bcac892,8f260f5b-fc7a-4b39-81e2-fb268428dee4,2025-01-03T12:54:01.690710,"{'source': '8f260f5b-fc7a-4b39-81e2-fb268428dee4', 'selector': [{'startContainer': '/', 'endContainer': '/', 'startOffset': 89, 'endOffset': 97}]}"
ca964277-ed1f-4e6d-a152-f9fe426f189b,default,0,"{'text': 'créneau', 'context': '1. Est-ce que vous auriez un créneau cet après-midi pour discuter du projet ?', 'proba': 0.6}",da26a09b-917d-4c13-953a-63d39bcac892,8f260f5b-fc7a-4b39-81e2-fb268428dee4,2025-01-03T12:54:01.690742,"{'source': '8f260f5b-fc7a-4b39-81e2-fb268428dee4', 'selector': [{'startContainer': '/', 'endContainer': '/', 'startOffset': 297, 'endOffset': 305}]}"
8f464768-c32b-49cb-beaa-daa9602415e5,default,0,"{'text': 'créneau', 'context': ""2. J'ai un créneau libre à 15h pour notre réunion."", 'proba': 0.8}",da26a09b-917d-4c13-953a-63d39bcac892,8f260f5b-fc7a-4b39-81e2-fb268428dee4,2025-01-03T12:54:01.690679,"{'source': '8f260f5b-fc7a-4b39-81e2-fb268428dee4', 'selector': [{'startContainer': '/', 'endContainer': '/', 'startOffset': 460, 'endOffset': 468}]}"
230f4148-4434-4509-ac7b-98786b8f4146,d3ce7764-eb85-4999-b965-c028f539ee33,1ecf29a6-9193-4a8b-9317-5dc319b94507,"{'text': 'créneau', 'context': '1. Est-ce que vous auriez un créneau cet après-midi pour discuter du projet ?'}",eb9a2239-5a6c-4da5-8957-af8a90d3e880,8f260f5b-fc7a-4b39-81e2-fb268428dee4,2024-11-26T09:08:23.745175+00:00,"{'source': '8f260f5b-fc7a-4b39-81e2-fb268428dee4', 'selector': [{'startContainer': '/', 'endContainer': '/', 'startOffset': 297, 'endOffset': 304}]}"
04f9db9a-214e-45d3-a5ec-ae37e4345595,default,0,"{'text': 'créneau', 'context': ""2. J'ai un créneau libre à 15h pour notre réunion."", 'proba': 0.8}",fe4bab23-b07f-4e52-ac3f-7391d5aef4fb,8f260f5b-fc7a-4b39-81e2-fb268428dee4,2025-01-03T12:54:01.690679,"{'source': '8f260f5b-fc7a-4b39-81e2-fb268428dee4', 'selector': [{'startContainer': '/', 'endContainer': '/', 'startOffset': 460, 'endOffset': 468}]}"
6ccfaae3-fc74-45a8-8026-6b98b8404236,default,0,"{'text': 'créneau', 'context': '1. Est-ce que vous auriez un créneau cet après-midi pour discuter du projet ?', 'proba': 0.6}",fe4bab23-b07f-4e52-ac3f-7391d5aef4fb,8f260f5b-fc7a-4b39-81e2-fb268428dee4,2025-01-03T12:54:01.690742,"{'source': '8f260f5b-fc7a-4b39-81e2-fb268428dee4', 'selector': [{'startContainer': '/', 'endContainer': '/', 'startOffset': 297, 'endOffset': 305}]}"
b5d93a0f-861f-40c2-9a18-49b17489f091,default,0,"{'text': 'créneau', 'context': '0. Le créneau occupé par le journal TV est 19h30-20h00. Après ça, il y a un film.', 'proba': 1.0, 'process': 'reference word'}",fe4bab23-b07f-4e52-ac3f-7391d5aef4fb,8f260f5b-fc7a-4b39-81e2-fb268428dee4,2025-01-03T12:54:01.690710,"{'source': '8f260f5b-fc7a-4b39-81e2-fb268428dee4', 'selector': [{'startContainer': '/', 'endContainer': '/', 'startOffset': 89, 'endOffset': 97}]}"
84485a9c-9eaa-4dbf-8e44-c25b5edbde47,d3ce7764-eb85-4999-b965-c028f539ee33,1ecf29a6-9193-4a8b-9317-5dc319b94507,"{'text': 'créneau', 'context': '0. Le créneau occupé par le journal TV est 19h30-20h00. Après ça, il y a un film.', 'proba': 1.0, 'process': 'reference word'}",d34602e1-1664-42cb-b139-c5cb8bcfa2a0,8f260f5b-fc7a-4b39-81e2-fb268428dee4,2024-11-25T11:22:26.597195+00:00,"{'source': '8f260f5b-fc7a-4b39-81e2-fb268428dee4', 'selector': [{'startContainer': '/', 'endContainer': '/', 'startOffset': 89, 'endOffset': 97}]}"
77ea6318-b1a4-452e-b96c-7ad472924ffc,default,1ecf29a6-9193-4a8b-9317-5dc319b94507,"{'text': 'créneau', 'context': ""2. J'ai un créneau libre à 15h pour notre réunion."", 'proba': 0.8}",84dcf943-f4b3-4886-a2d5-e0a3661cde64,8f260f5b-fc7a-4b39-81e2-fb268428dee4,2025-01-03T12:54:01.690679,"{'source': '8f260f5b-fc7a-4b39-81e2-fb268428dee4', 'selector': [{'startContainer': '/', 'endContainer': '/', 'startOffset': 460, 'endOffset': 468}]}"
d1709dfb-8cf5-4c38-9414-0f47095eb1e3,d3ce7764-eb85-4999-b965-c028f539ee33,1ecf29a6-9193-4a8b-9317-5dc319b94507,"{'text': 'créneau', 'context': ""2. J'ai un créneau libre à 15h pour notre réunion.""}",eb9a2239-5a6c-4da5-8957-af8a90d3e880,8f260f5b-fc7a-4b39-81e2-fb268428dee4,2024-11-26T09:08:26.786713+00:00,"{'source': '8f260f5b-fc7a-4b39-81e2-fb268428dee4', 'selector': [{'startContainer': '/', 'endContainer': '/', 'startOffset': 460, 'endOffset': 467}]}"
6929308d-fda7-4ee4-bf2e-dad20193e0a6,d3ce7764-eb85-4999-b965-c028f539ee33,1ecf29a6-9193-4a8b-9317-5dc319b94507,"{'text': 'créneau', 'context': '1. Est-ce que vous auriez un créneau cet après-midi pour discuter du projet ?', 'proba': 0.6}",d34602e1-1664-42cb-b139-c5cb8bcfa2a0,8f260f5b-fc7a-4b39-81e2-fb268428dee4,2024-11-25T11:22:41.634217+00:00,"{'source': '8f260f5b-fc7a-4b39-81e2-fb268428dee4', 'selector': [{'startContainer': '/', 'endContainer': '/', 'startOffset': 297, 'endOffset': 305}]}"
11d51386-d703-4b4b-978a-59d48fd4ecf8,default,1,"{'text': 'coupe', 'context': ""1. L'équipe de foot française vient de gagner la coupe du monde, ils sont ravis."", 'proba': 0.1}",fe4bab23-b07f-4e52-ac3f-7391d5aef4fb,66ae9ba8-965d-4969-a73c-f83e09e7b564,2025-01-03T12:54:01.690808,"{'source': '66ae9ba8-965d-4969-a73c-f83e09e7b564', 'selector': [{'startContainer': '/', 'endContainer': '/', 'startOffset': 284, 'endOffset': 290}]}"
e7ee23fd-8530-4387-a6cc-532963c72611,d3ce7764-eb85-4999-b965-c028f539ee33,1ecf29a6-9193-4a8b-9317-5dc319b94507,"{'text': 'coupe', 'context': '0. En dessert elle a pris une grande coupe de glace.'}",e920598f-774d-4e1c-a2dc-8fb9a6f3053f,66ae9ba8-965d-4969-a73c-f83e09e7b564,2024-11-25T09:50:27.309527+00:00,"{'source': '66ae9ba8-965d-4969-a73c-f83e09e7b564', 'selector': [{'startContainer': '/', 'endContainer': '/', 'startOffset': 118, 'endOffset': 123}]}"
00cf548d-4b62-40a5-9939-815a22a24782,d3ce7764-eb85-4999-b965-c028f539ee33,371a5d39-6e41-427f-8e1f-6bf64504e080,"{'text': 'coupe', 'context': ""1. L'équipe de foot française vient de gagner la coupe du monde, ils sont ravis.""}",eb9a2239-5a6c-4da5-8957-af8a90d3e880,66ae9ba8-965d-4969-a73c-f83e09e7b564,2024-11-26T09:06:44.858449+00:00,"{'source': '66ae9ba8-965d-4969-a73c-f83e09e7b564', 'selector': [{'startContainer': '/', 'endContainer': '/', 'startOffset': 284, 'endOffset': 289}]}"
c6e069ca-82c9-4a45-9a3b-1037b7a6a206,d3ce7764-eb85-4999-b965-c028f539ee33,1ecf29a6-9193-4a8b-9317-5dc319b94507,"{'text': 'coupe', 'context': '0. En dessert elle a pris une grande coupe de glace.'}",eb9a2239-5a6c-4da5-8957-af8a90d3e880,66ae9ba8-965d-4969-a73c-f83e09e7b564,2024-11-26T09:06:39.426537+00:00,"{'source': '66ae9ba8-965d-4969-a73c-f83e09e7b564', 'selector': [{'startContainer': '/', 'endContainer': '/', 'startOffset': 118, 'endOffset': 123}]}"
4229d3c9-153f-4bd9-ae1f-67a086fdf6f8,default,0,"{'text': 'coupe', 'context': '0. En dessert elle a pris une grande coupe de glace.', 'proba': 1.0, 'process': 'reference word'}",fe4bab23-b07f-4e52-ac3f-7391d5aef4fb,66ae9ba8-965d-4969-a73c-f83e09e7b564,2025-01-03T12:54:01.690777,"{'source': '66ae9ba8-965d-4969-a73c-f83e09e7b564', 'selector': [{'startContainer': '/', 'endContainer': '/', 'startOffset': 118, 'endOffset': 124}]}"
79bf40b4-818e-4e22-b773-dbeb796748bb,d3ce7764-eb85-4999-b965-c028f539ee33,371a5d39-6e41-427f-8e1f-6bf64504e080,"{'text': 'coupe', 'context': ""1. L'équipe de foot française vient de gagner la coupe du monde, ils sont ravis.""}",e920598f-774d-4e1c-a2dc-8fb9a6f3053f,66ae9ba8-965d-4969-a73c-f83e09e7b564,2024-11-25T09:50:30.279982+00:00,"{'source': '66ae9ba8-965d-4969-a73c-f83e09e7b564', 'selector': [{'startContainer': '/', 'endContainer': '/', 'startOffset': 284, 'endOffset': 289}]}"
eb5f5ce4-3f70-420c-a249-a24c77d29da8,default,1ecf29a6-9193-4a8b-9317-5dc319b94507,"{'text': 'coupe', 'context': '0. En dessert elle a pris une grande coupe de glace.', 'proba': 1.0, 'process': 'reference word'}",84dcf943-f4b3-4886-a2d5-e0a3661cde64,66ae9ba8-965d-4969-a73c-f83e09e7b564,2025-01-03T12:54:01.690777,"{'source': '66ae9ba8-965d-4969-a73c-f83e09e7b564', 'selector': [{'startContainer': '/', 'endContainer': '/', 'startOffset': 118, 'endOffset': 124}]}"
24716922-be1a-4444-a9ac-6fac8ebd73e2,default,371a5d39-6e41-427f-8e1f-6bf64504e080,"{'text': 'coupe', 'context': ""1. L'équipe de foot française vient de gagner la coupe du monde, ils sont ravis."", 'proba': 0.1}",84dcf943-f4b3-4886-a2d5-e0a3661cde64,66ae9ba8-965d-4969-a73c-f83e09e7b564,2025-01-03T12:54:01.690808,"{'source': '66ae9ba8-965d-4969-a73c-f83e09e7b564', 'selector': [{'startContainer': '/', 'endContainer': '/', 'startOffset': 284, 'endOffset': 290}]}"
3020ee53-2808-47a4-bc22-f89e4fc9d0e4,default,1,"{'text': 'coupe', 'context': ""1. L'équipe de foot française vient de gagner la coupe du monde, ils sont ravis."", 'proba': 0.1}",da26a09b-917d-4c13-953a-63d39bcac892,66ae9ba8-965d-4969-a73c-f83e09e7b564,2025-01-03T12:54:01.690808,"{'source': '66ae9ba8-965d-4969-a73c-f83e09e7b564', 'selector': [{'startContainer': '/', 'endContainer': '/', 'startOffset': 284, 'endOffset': 290}]}"
028cefea-b4a4-47d8-98c3-6e1faf0bd98f,default,0,"{'text': 'coupe', 'context': '0. En dessert elle a pris une grande coupe de glace.', 'proba': 1.0, 'process': 'reference word'}",da26a09b-917d-4c13-953a-63d39bcac892,66ae9ba8-965d-4969-a73c-f83e09e7b564,2025-01-03T12:54:01.690777,"{'source': '66ae9ba8-965d-4969-a73c-f83e09e7b564', 'selector': [{'startContainer': '/', 'endContainer': '/', 'startOffset': 118, 'endOffset': 124}]}"
1e88dd3c-1c59-4959-bc3a-a93f3cc1122e,d3ce7764-eb85-4999-b965-c028f539ee33,1ecf29a6-9193-4a8b-9317-5dc319b94507,"{'text': 'coupe', 'context': '0. En dessert elle a pris une grande coupe de glace.', 'proba': 1.0, 'process': 'reference word'}",d34602e1-1664-42cb-b139-c5cb8bcfa2a0,66ae9ba8-965d-4969-a73c-f83e09e7b564,2024-11-25T11:20:45.600262+00:00,"{'source': '66ae9ba8-965d-4969-a73c-f83e09e7b564', 'selector': [{'startContainer': '/', 'endContainer': '/', 'startOffset': 118, 'endOffset': 124}]}"
b9d3340e-c707-4534-8bcf-34597f9b9397,d3ce7764-eb85-4999-b965-c028f539ee33,371a5d39-6e41-427f-8e1f-6bf64504e080,"{'text': 'coupe', 'context': ""1. L'équipe de foot française vient de gagner la coupe du monde, ils sont ravis."", 'proba': 0.1}",d34602e1-1664-42cb-b139-c5cb8bcfa2a0,66ae9ba8-965d-4969-a73c-f83e09e7b564,2024-11-25T11:20:49.079243+00:00,"{'source': '66ae9ba8-965d-4969-a73c-f83e09e7b564', 'selector': [{'startContainer': '/', 'endContainer': '/', 'startOffset': 284, 'endOffset': 290}]}"
58ff68e0-345c-4ba8-9d54-916fe84c07d5,d3ce7764-eb85-4999-b965-c028f539ee33,1ecf29a6-9193-4a8b-9317-5dc319b94507,"{'text': 'coup', 'context': '2. Sam et Dan se sont battus. Sam a donné un coup de poing à Dan.'}",eb9a2239-5a6c-4da5-8957-af8a90d3e880,3ff396a9-fa56-46e4-b372-4ab5ec0ad952,2024-11-26T09:05:01.490135+00:00,"{'source': '3ff396a9-fa56-46e4-b372-4ab5ec0ad952', 'selector': [{'startContainer': '/', 'endContainer': '/', 'startOffset': 393, 'endOffset': 397}]}"
e2ce8886-ff13-450c-99ac-713a53f5a2a3,default,0,"{'text': 'coup', 'context': '2. Sam et Dan se sont battus. Sam a donné un coup de poing à Dan.', 'proba': 0.8}",fe4bab23-b07f-4e52-ac3f-7391d5aef4fb,3ff396a9-fa56-46e4-b372-4ab5ec0ad952,2025-01-03T12:54:01.690843,"{'source': '3ff396a9-fa56-46e4-b372-4ab5ec0ad952', 'selector': [{'startContainer': '/', 'endContainer': '/', 'startOffset': 393, 'endOffset': 398}]}"
f238f955-de33-48d8-9245-221500165c39,d3ce7764-eb85-4999-b965-c028f539ee33,1ecf29a6-9193-4a8b-9317-5dc319b94507,"{'text': 'coup', 'context': '0. Il a reçu un coup sur la tête.'}",eb9a2239-5a6c-4da5-8957-af8a90d3e880,3ff396a9-fa56-46e4-b372-4ab5ec0ad952,2024-11-26T09:04:28.441760+00:00,"{'source': '3ff396a9-fa56-46e4-b372-4ab5ec0ad952', 'selector': [{'startContainer': '/', 'endContainer': '/', 'startOffset': 96, 'endOffset': 100}]}"
662f6f9f-b0c1-4a9f-aaa9-7c23c1e88d3f,d3ce7764-eb85-4999-b965-c028f539ee33,1ecf29a6-9193-4a8b-9317-5dc319b94507,"{'text': 'coup', 'context': '2. Sam et Dan se sont battus. Sam a donné un coup de poing à Dan.', 'proba': 0.8}",d34602e1-1664-42cb-b139-c5cb8bcfa2a0,3ff396a9-fa56-46e4-b372-4ab5ec0ad952,2024-11-25T11:18:35.387453+00:00,"{'source': '3ff396a9-fa56-46e4-b372-4ab5ec0ad952', 'selector': [{'startContainer': '/', 'endContainer': '/', 'startOffset': 393, 'endOffset': 398}]}"
7073ee40-f15e-4bfa-b681-538eed70115d,default,1ecf29a6-9193-4a8b-9317-5dc319b94507,"{'text': 'coup', 'context': '1. Il a reçu un coup sur la tête.', 'proba': 1.0, 'process': 'reference word'}",84dcf943-f4b3-4886-a2d5-e0a3661cde64,3ff396a9-fa56-46e4-b372-4ab5ec0ad952,2025-01-03T12:54:01.690936,"{'source': '3ff396a9-fa56-46e4-b372-4ab5ec0ad952', 'selector': [{'startContainer': '/', 'endContainer': '/', 'startOffset': 230, 'endOffset': 235}]}"
5ac6948c-473d-404e-9e99-d472e26f4307,default,0,"{'text': 'coup', 'context': '0. Il a reçu un coup sur la tête.', 'proba': 1.0}",da26a09b-917d-4c13-953a-63d39bcac892,3ff396a9-fa56-46e4-b372-4ab5ec0ad952,2025-01-03T12:54:01.690874,"{'source': '3ff396a9-fa56-46e4-b372-4ab5ec0ad952', 'selector': [{'startContainer': '/', 'endContainer': '/', 'startOffset': 96, 'endOffset': 101}]}"
dbaee1af-88d6-4bb7-ab83-9a3f5dc070c7,default,0,"{'text': 'coup', 'context': '1. Il a reçu un coup sur la tête.', 'proba': 1.0, 'process': 'reference word'}",fe4bab23-b07f-4e52-ac3f-7391d5aef4fb,3ff396a9-fa56-46e4-b372-4ab5ec0ad952,2025-01-03T12:54:01.690936,"{'source': '3ff396a9-fa56-46e4-b372-4ab5ec0ad952', 'selector': [{'startContainer': '/', 'endContainer': '/', 'startOffset': 230, 'endOffset': 235}]}"
ee2153cc-d89c-44c6-8af5-c8ece4f8d775,d3ce7764-eb85-4999-b965-c028f539ee33,1ecf29a6-9193-4a8b-9317-5dc319b94507,"{'text': 'coup', 'context': '0. Il a reçu un coup sur la tête.', 'proba': 1.0}",d34602e1-1664-42cb-b139-c5cb8bcfa2a0,3ff396a9-fa56-46e4-b372-4ab5ec0ad952,2024-11-25T11:18:28.728001+00:00,"{'source': '3ff396a9-fa56-46e4-b372-4ab5ec0ad952', 'selector': [{'startContainer': '/', 'endContainer': '/', 'startOffset': 96, 'endOffset': 101}]}"
0a2800fd-e735-4ecc-b0e8-18bc9696bac4,default,0,"{'text': 'coup', 'context': '1. Il a reçu un coup sur la tête.', 'proba': 1.0, 'process': 'reference word'}",da26a09b-917d-4c13-953a-63d39bcac892,3ff396a9-fa56-46e4-b372-4ab5ec0ad952,2025-01-03T12:54:01.690936,"{'source': '3ff396a9-fa56-46e4-b372-4ab5ec0ad952', 'selector': [{'startContainer': '/', 'endContainer': '/', 'startOffset': 230, 'endOffset': 235}]}"
4df49ddc-4209-4b4f-9a33-9380a2e48803,default,0,"{'text': 'coup', 'context': '2. Sam et Dan se sont battus. Sam a donné un coup de poing à Dan.', 'proba': 0.8}",da26a09b-917d-4c13-953a-63d39bcac892,3ff396a9-fa56-46e4-b372-4ab5ec0ad952,2025-01-03T12:54:01.690843,"{'source': '3ff396a9-fa56-46e4-b372-4ab5ec0ad952', 'selector': [{'startContainer': '/', 'endContainer': '/', 'startOffset': 393, 'endOffset': 398}]}"
2c84f0b1-2174-46be-9cde-150ce329681b,default,0,"{'text': 'coup', 'context': '0. Il a reçu un coup sur la tête.', 'proba': 1.0}",fe4bab23-b07f-4e52-ac3f-7391d5aef4fb,3ff396a9-fa56-46e4-b372-4ab5ec0ad952,2025-01-03T12:54:01.690874,"{'source': '3ff396a9-fa56-46e4-b372-4ab5ec0ad952', 'selector': [{'startContainer': '/', 'endContainer': '/', 'startOffset': 96, 'endOffset': 101}]}"
cf4e5754-79d8-47ec-a1de-a98b3f1d03bd,d3ce7764-eb85-4999-b965-c028f539ee33,1ecf29a6-9193-4a8b-9317-5dc319b94507,"{'text': 'coup', 'context': '2. Sam et Dan se sont battus. Sam a donné un coup de poing à Dan.'}",e920598f-774d-4e1c-a2dc-8fb9a6f3053f,3ff396a9-fa56-46e4-b372-4ab5ec0ad952,2024-11-25T09:49:09.457787+00:00,"{'source': '3ff396a9-fa56-46e4-b372-4ab5ec0ad952', 'selector': [{'startContainer': '/', 'endContainer': '/', 'startOffset': 393, 'endOffset': 397}]}"
40da7566-1ce6-47c4-baba-ad43cb30c4af,d3ce7764-eb85-4999-b965-c028f539ee33,1ecf29a6-9193-4a8b-9317-5dc319b94507,"{'text': 'coup', 'context': '0. Il a reçu un coup sur la tête.'}",e920598f-774d-4e1c-a2dc-8fb9a6f3053f,3ff396a9-fa56-46e4-b372-4ab5ec0ad952,2024-11-25T09:49:03.675892+00:00,"{'source': '3ff396a9-fa56-46e4-b372-4ab5ec0ad952', 'selector': [{'startContainer': '/', 'endContainer': '/', 'startOffset': 96, 'endOffset': 100}]}"
d573300c-3d02-48f7-a14a-9788af2561bf,d3ce7764-eb85-4999-b965-c028f539ee33,1ecf29a6-9193-4a8b-9317-5dc319b94507,"{'text': 'coup', 'context': '1. Il a reçu un coup sur la tête.', 'proba': 1.0, 'process': 'reference word'}",d34602e1-1664-42cb-b139-c5cb8bcfa2a0,3ff396a9-fa56-46e4-b372-4ab5ec0ad952,2024-11-25T11:18:30.362975+00:00,"{'source': '3ff396a9-fa56-46e4-b372-4ab5ec0ad952', 'selector': [{'startContainer': '/', 'endContainer': '/', 'startOffset': 230, 'endOffset': 235}]}"
22a948d6-caf0-45e3-8983-cd556d57f260,d3ce7764-eb85-4999-b965-c028f539ee33,1ecf29a6-9193-4a8b-9317-5dc319b94507,"{'text': 'coup', 'context': '1. Il a reçu un coup sur la tête.'}",e920598f-774d-4e1c-a2dc-8fb9a6f3053f,3ff396a9-fa56-46e4-b372-4ab5ec0ad952,2024-11-25T09:49:05.241383+00:00,"{'source': '3ff396a9-fa56-46e4-b372-4ab5ec0ad952', 'selector': [{'startContainer': '/', 'endContainer': '/', 'startOffset': 230, 'endOffset': 234}]}"
ea36b687-20b2-4a5d-bd4d-515097dca5d1,default,1ecf29a6-9193-4a8b-9317-5dc319b94507,"{'text': 'coup', 'context': '0. Il a reçu un coup sur la tête.', 'proba': 1.0}",84dcf943-f4b3-4886-a2d5-e0a3661cde64,3ff396a9-fa56-46e4-b372-4ab5ec0ad952,2025-01-03T12:54:01.690874,"{'source': '3ff396a9-fa56-46e4-b372-4ab5ec0ad952', 'selector': [{'startContainer': '/', 'endContainer': '/', 'startOffset': 96, 'endOffset': 101}]}"
4d4ee492-0f06-4767-a877-89c4dec4158c,default,1ecf29a6-9193-4a8b-9317-5dc319b94507,"{'text': 'coup', 'context': '2. Sam et Dan se sont battus. Sam a donné un coup de poing à Dan.', 'proba': 0.8}",84dcf943-f4b3-4886-a2d5-e0a3661cde64,3ff396a9-fa56-46e4-b372-4ab5ec0ad952,2025-01-03T12:54:01.690843,"{'source': '3ff396a9-fa56-46e4-b372-4ab5ec0ad952', 'selector': [{'startContainer': '/', 'endContainer': '/', 'startOffset': 393, 'endOffset': 398}]}"
112610e6-e274-4f8a-9552-fee96c707050,d3ce7764-eb85-4999-b965-c028f539ee33,1ecf29a6-9193-4a8b-9317-5dc319b94507,"{'text': 'coup', 'context': '1. Il a reçu un coup sur la tête.'}",eb9a2239-5a6c-4da5-8957-af8a90d3e880,3ff396a9-fa56-46e4-b372-4ab5ec0ad952,2024-11-26T09:04:30.983948+00:00,"{'source': '3ff396a9-fa56-46e4-b372-4ab5ec0ad952', 'selector': [{'startContainer': '/', 'endContainer': '/', 'startOffset': 230, 'endOffset': 234}]}"
b8ce77f2-6dcc-4ed8-8c71-7f15d38ff8be,default,0,"{'text': 'club', 'context': ""0. Je fais partie d'un club de lecture qui se réunit chaque mois."", 'proba': 0.95}",da26a09b-917d-4c13-953a-63d39bcac892,bd051235-7bb1-48d6-8ad6-b5ab27cf0fac,2025-01-03T12:54:01.691007,"{'source': 'bd051235-7bb1-48d6-8ad6-b5ab27cf0fac', 'selector': [{'startContainer': '/', 'endContainer': '/', 'startOffset': 103, 'endOffset': 108}]}"
7bd18db7-35f1-44a0-9765-2919ee30337e,default,0,"{'text': 'club', 'context': ""1. Je suis membre d'un club de lecture."", 'proba': 1.0, 'process': 'reference word'}",fe4bab23-b07f-4e52-ac3f-7391d5aef4fb,bd051235-7bb1-48d6-8ad6-b5ab27cf0fac,2025-01-03T12:54:01.690975,"{'source': 'bd051235-7bb1-48d6-8ad6-b5ab27cf0fac', 'selector': [{'startContainer': '/', 'endContainer': '/', 'startOffset': 269, 'endOffset': 274}]}"
6c96f0e9-e9ef-4b74-9a51-6054fa84656a,d3ce7764-eb85-4999-b965-c028f539ee33,1ecf29a6-9193-4a8b-9317-5dc319b94507,"{'text': 'club', 'context': ""1. Je suis membre d'un club de lecture.""}",e920598f-774d-4e1c-a2dc-8fb9a6f3053f,bd051235-7bb1-48d6-8ad6-b5ab27cf0fac,2024-11-25T10:15:39.741236+00:00,"{'source': 'bd051235-7bb1-48d6-8ad6-b5ab27cf0fac', 'selector': [{'startContainer': '/', 'endContainer': '/', 'startOffset': 269, 'endOffset': 273}]}"
fe5e52ac-a2ec-43dc-ab69-afa77b135ea3,default,1ecf29a6-9193-4a8b-9317-5dc319b94507,"{'text': 'club', 'context': ""1. Je suis membre d'un club de lecture."", 'proba': 1.0, 'process': 'reference word'}",84dcf943-f4b3-4886-a2d5-e0a3661cde64,bd051235-7bb1-48d6-8ad6-b5ab27cf0fac,2025-01-03T12:54:01.690975,"{'source': 'bd051235-7bb1-48d6-8ad6-b5ab27cf0fac', 'selector': [{'startContainer': '/', 'endContainer': '/', 'startOffset': 269, 'endOffset': 274}]}"
186b5622-53b4-4845-b959-13abcbec31fa,d3ce7764-eb85-4999-b965-c028f539ee33,1ecf29a6-9193-4a8b-9317-5dc319b94507,"{'text': 'club', 'context': ""0. Je fais partie d'un club de lecture qui se réunit chaque mois.""}",e920598f-774d-4e1c-a2dc-8fb9a6f3053f,bd051235-7bb1-48d6-8ad6-b5ab27cf0fac,2024-11-25T10:15:38.229521+00:00,"{'source': 'bd051235-7bb1-48d6-8ad6-b5ab27cf0fac', 'selector': [{'startContainer': '/', 'endContainer': '/', 'startOffset': 103, 'endOffset': 107}]}"
20189f92-24eb-426b-9605-f38038f39de9,d3ce7764-eb85-4999-b965-c028f539ee33,1ecf29a6-9193-4a8b-9317-5dc319b94507,"{'text': 'club', 'context': ""1. Je suis membre d'un club de lecture.""}",eb9a2239-5a6c-4da5-8957-af8a90d3e880,bd051235-7bb1-48d6-8ad6-b5ab27cf0fac,2024-11-26T09:12:22.942525+00:00,"{'source': 'bd051235-7bb1-48d6-8ad6-b5ab27cf0fac', 'selector': [{'startContainer': '/', 'endContainer': '/', 'startOffset': 269, 'endOffset': 273}]}"
34c55cc8-6579-4058-b359-93f1d454c07f,default,1ecf29a6-9193-4a8b-9317-5dc319b94507,"{'text': 'club', 'context': ""0. Je fais partie d'un club de lecture qui se réunit chaque mois."", 'proba': 0.95}",84dcf943-f4b3-4886-a2d5-e0a3661cde64,bd051235-7bb1-48d6-8ad6-b5ab27cf0fac,2025-01-03T12:54:01.691007,"{'source': 'bd051235-7bb1-48d6-8ad6-b5ab27cf0fac', 'selector': [{'startContainer': '/', 'endContainer': '/', 'startOffset': 103, 'endOffset': 108}]}"
b14c8b28-e2db-4771-95c1-5996c2c0b1ee,default,0,"{'text': 'club', 'context': ""0. Je fais partie d'un club de lecture qui se réunit chaque mois."", 'proba': 0.95}",fe4bab23-b07f-4e52-ac3f-7391d5aef4fb,bd051235-7bb1-48d6-8ad6-b5ab27cf0fac,2025-01-03T12:54:01.691007,"{'source': 'bd051235-7bb1-48d6-8ad6-b5ab27cf0fac', 'selector': [{'startContainer': '/', 'endContainer': '/', 'startOffset': 103, 'endOffset': 108}]}"
273472f0-ed66-4d14-8c9e-092cf570de7d,d3ce7764-eb85-4999-b965-c028f539ee33,1ecf29a6-9193-4a8b-9317-5dc319b94507,"{'text': 'club', 'context': ""1. Je suis membre d'un club de lecture."", 'proba': 1.0, 'process': 'reference word'}",d34602e1-1664-42cb-b139-c5cb8bcfa2a0,bd051235-7bb1-48d6-8ad6-b5ab27cf0fac,2024-11-25T11:24:57.064638+00:00,"{'source': 'bd051235-7bb1-48d6-8ad6-b5ab27cf0fac', 'selector': [{'startContainer': '/', 'endContainer': '/', 'startOffset': 269, 'endOffset': 274}]}"
1ba5843d-42a6-4fa8-a77e-2d5959964c75,d3ce7764-eb85-4999-b965-c028f539ee33,1ecf29a6-9193-4a8b-9317-5dc319b94507,"{'text': 'club', 'context': ""0. Je fais partie d'un club de lecture qui se réunit chaque mois.""}",eb9a2239-5a6c-4da5-8957-af8a90d3e880,bd051235-7bb1-48d6-8ad6-b5ab27cf0fac,2024-11-26T09:12:20.545142+00:00,"{'source': 'bd051235-7bb1-48d6-8ad6-b5ab27cf0fac', 'selector': [{'startContainer': '/', 'endContainer': '/', 'startOffset': 103, 'endOffset': 107}]}"
3b75877c-88e7-413e-ba55-cc43229151de,default,0,"{'text': 'club', 'context': ""1. Je suis membre d'un club de lecture."", 'proba': 1.0, 'process': 'reference word'}",da26a09b-917d-4c13-953a-63d39bcac892,bd051235-7bb1-48d6-8ad6-b5ab27cf0fac,2025-01-03T12:54:01.690975,"{'source': 'bd051235-7bb1-48d6-8ad6-b5ab27cf0fac', 'selector': [{'startContainer': '/', 'endContainer': '/', 'startOffset': 269, 'endOffset': 274}]}"
c2275ef2-0f1e-400e-8ebe-de057b50f3a1,d3ce7764-eb85-4999-b965-c028f539ee33,1ecf29a6-9193-4a8b-9317-5dc319b94507,"{'text': 'club', 'context': ""0. Je fais partie d'un club de lecture qui se réunit chaque mois."", 'proba': 0.95}",d34602e1-1664-42cb-b139-c5cb8bcfa2a0,bd051235-7bb1-48d6-8ad6-b5ab27cf0fac,2024-11-25T11:24:54.388061+00:00,"{'source': 'bd051235-7bb1-48d6-8ad6-b5ab27cf0fac', 'selector': [{'startContainer': '/', 'endContainer': '/', 'startOffset': 103, 'endOffset': 108}]}"
83e1d366-573b-4990-b88d-99d4126ee4ff,d3ce7764-eb85-4999-b965-c028f539ee33,1ecf29a6-9193-4a8b-9317-5dc319b94507,"{'text': 'chapeau', 'context': '0. Il porte un chapeau rouge.'}",e920598f-774d-4e1c-a2dc-8fb9a6f3053f,7bb5a1f1-6d7c-4c8c-8527-3d833d526a1c,2024-11-25T09:51:22.963324+00:00,"{'source': '7bb5a1f1-6d7c-4c8c-8527-3d833d526a1c', 'selector': [{'startContainer': '/', 'endContainer': '/', 'startOffset': 98, 'endOffset': 105}]}"
e2c3a03b-3f47-4aeb-b91f-896ae57a5afa,d3ce7764-eb85-4999-b965-c028f539ee33,1ecf29a6-9193-4a8b-9317-5dc319b94507,"{'text': 'chapeau', 'context': '1. Il porte un chapeau rouge.'}",eb9a2239-5a6c-4da5-8957-af8a90d3e880,7bb5a1f1-6d7c-4c8c-8527-3d833d526a1c,2024-11-26T09:07:54.047705+00:00,"{'source': '7bb5a1f1-6d7c-4c8c-8527-3d833d526a1c', 'selector': [{'startContainer': '/', 'endContainer': '/', 'startOffset': 231, 'endOffset': 238}]}"
81101d2b-5626-4031-b07c-37b8c3e50f99,d3ce7764-eb85-4999-b965-c028f539ee33,1ecf29a6-9193-4a8b-9317-5dc319b94507,"{'text': 'chapeau', 'context': '1. Il porte un chapeau rouge.'}",e920598f-774d-4e1c-a2dc-8fb9a6f3053f,7bb5a1f1-6d7c-4c8c-8527-3d833d526a1c,2024-11-25T09:51:24.728306+00:00,"{'source': '7bb5a1f1-6d7c-4c8c-8527-3d833d526a1c', 'selector': [{'startContainer': '/', 'endContainer': '/', 'startOffset': 231, 'endOffset': 238}]}"
d17ce942-b854-48f0-b23d-5ff505b1cb50,default,0,"{'text': 'chapeau', 'context': '1. Il porte un chapeau rouge.', 'proba': 1.0, 'process': 'reference word'}",fe4bab23-b07f-4e52-ac3f-7391d5aef4fb,7bb5a1f1-6d7c-4c8c-8527-3d833d526a1c,2025-01-03T12:54:01.691082,"{'source': '7bb5a1f1-6d7c-4c8c-8527-3d833d526a1c', 'selector': [{'startContainer': '/', 'endContainer': '/', 'startOffset': 231, 'endOffset': 239}]}"
93e98524-5b79-48ce-a6bd-a3832a9950ef,default,1ecf29a6-9193-4a8b-9317-5dc319b94507,"{'text': 'chapeau', 'context': '1. Il porte un chapeau rouge.', 'proba': 1.0, 'process': 'reference word'}",84dcf943-f4b3-4886-a2d5-e0a3661cde64,7bb5a1f1-6d7c-4c8c-8527-3d833d526a1c,2025-01-03T12:54:01.691082,"{'source': '7bb5a1f1-6d7c-4c8c-8527-3d833d526a1c', 'selector': [{'startContainer': '/', 'endContainer': '/', 'startOffset': 231, 'endOffset': 239}]}"
27bff258-ba1b-40ab-9a0b-706f73bce16d,default,0,"{'text': 'chapeau', 'context': '0. Il porte un chapeau rouge.', 'proba': 1.0}",fe4bab23-b07f-4e52-ac3f-7391d5aef4fb,7bb5a1f1-6d7c-4c8c-8527-3d833d526a1c,2025-01-03T12:54:01.691049,"{'source': '7bb5a1f1-6d7c-4c8c-8527-3d833d526a1c', 'selector': [{'startContainer': '/', 'endContainer': '/', 'startOffset': 98, 'endOffset': 106}]}"
609687c8-49bb-432d-82a8-de9f12b61d69,default,1ecf29a6-9193-4a8b-9317-5dc319b94507,"{'text': 'chapeau', 'context': '0. Il porte un chapeau rouge.', 'proba': 1.0}",84dcf943-f4b3-4886-a2d5-e0a3661cde64,7bb5a1f1-6d7c-4c8c-8527-3d833d526a1c,2025-01-03T12:54:01.691049,"{'source': '7bb5a1f1-6d7c-4c8c-8527-3d833d526a1c', 'selector': [{'startContainer': '/', 'endContainer': '/', 'startOffset': 98, 'endOffset': 106}]}"
51017f8c-e943-4303-99a9-bbde43ab4708,d3ce7764-eb85-4999-b965-c028f539ee33,1ecf29a6-9193-4a8b-9317-5dc319b94507,"{'text': 'chapeau', 'context': '0. Il porte un chapeau rouge.', 'proba': 1.0}",d34602e1-1664-42cb-b139-c5cb8bcfa2a0,7bb5a1f1-6d7c-4c8c-8527-3d833d526a1c,2024-11-25T11:22:04.843555+00:00,"{'source': '7bb5a1f1-6d7c-4c8c-8527-3d833d526a1c', 'selector': [{'startContainer': '/', 'endContainer': '/', 'startOffset': 98, 'endOffset': 106}]}"
64bdbbcb-b699-433c-8845-b0ecf2d3a472,default,0,"{'text': 'chapeau', 'context': '1. Il porte un chapeau rouge.', 'proba': 1.0, 'process': 'reference word'}",da26a09b-917d-4c13-953a-63d39bcac892,7bb5a1f1-6d7c-4c8c-8527-3d833d526a1c,2025-01-03T12:54:01.691082,"{'source': '7bb5a1f1-6d7c-4c8c-8527-3d833d526a1c', 'selector': [{'startContainer': '/', 'endContainer': '/', 'startOffset': 231, 'endOffset': 239}]}"
63215c19-5b41-4ecb-b354-060726b31ecb,d3ce7764-eb85-4999-b965-c028f539ee33,1ecf29a6-9193-4a8b-9317-5dc319b94507,"{'text': 'chapeau', 'context': '0. Il porte un chapeau rouge.'}",eb9a2239-5a6c-4da5-8957-af8a90d3e880,7bb5a1f1-6d7c-4c8c-8527-3d833d526a1c,2024-11-26T09:07:51.543195+00:00,"{'source': '7bb5a1f1-6d7c-4c8c-8527-3d833d526a1c', 'selector': [{'startContainer': '/', 'endContainer': '/', 'startOffset': 98, 'endOffset': 105}]}"
aa37c7c1-798f-4dc5-acab-78d910d31bca,d3ce7764-eb85-4999-b965-c028f539ee33,1ecf29a6-9193-4a8b-9317-5dc319b94507,"{'text': 'chapeau', 'context': '1. Il porte un chapeau rouge.', 'proba': 1.0, 'process': 'reference word'}",d34602e1-1664-42cb-b139-c5cb8bcfa2a0,7bb5a1f1-6d7c-4c8c-8527-3d833d526a1c,2024-11-25T11:22:06.328832+00:00,"{'source': '7bb5a1f1-6d7c-4c8c-8527-3d833d526a1c', 'selector': [{'startContainer': '/', 'endContainer': '/', 'startOffset': 231, 'endOffset': 239}]}"
5747e426-9294-408d-8d1a-9ba2cc7c1b82,default,0,"{'text': 'chapeau', 'context': '0. Il porte un chapeau rouge.', 'proba': 1.0}",da26a09b-917d-4c13-953a-63d39bcac892,7bb5a1f1-6d7c-4c8c-8527-3d833d526a1c,2025-01-03T12:54:01.691049,"{'source': '7bb5a1f1-6d7c-4c8c-8527-3d833d526a1c', 'selector': [{'startContainer': '/', 'endContainer': '/', 'startOffset': 98, 'endOffset': 106}]}"
208f94a1-db0b-4838-9333-639fa889b730,d3ce7764-eb85-4999-b965-c028f539ee33,1ecf29a6-9193-4a8b-9317-5dc319b94507,"{'text': 'cadre', 'context': '0. Un cadre est une personne qui a des fonctions de direction dans une entreprise.'}",e920598f-774d-4e1c-a2dc-8fb9a6f3053f,4a35fa31-9e12-4734-9109-438b14364358,2024-11-25T09:49:44.800907+00:00,"{'source': '4a35fa31-9e12-4734-9109-438b14364358', 'selector': [{'startContainer': '/', 'endContainer': '/', 'startOffset': 87, 'endOffset': 92}]}"
8c62fb25-253e-488a-a30c-1cc03c14d168,default,1ecf29a6-9193-4a8b-9317-5dc319b94507,"{'text': 'cadre', 'context': '0. Un cadre est une personne qui a des fonctions de direction dans une entreprise.', 'proba': 1.0, 'process': 'reference word'}",84dcf943-f4b3-4886-a2d5-e0a3661cde64,4a35fa31-9e12-4734-9109-438b14364358,2025-01-03T12:54:01.691118,"{'source': '4a35fa31-9e12-4734-9109-438b14364358', 'selector': [{'startContainer': '/', 'endContainer': '/', 'startOffset': 87, 'endOffset': 93}]}"
2bfcafcd-15b1-4d2d-a7a7-32513c7993ff,d3ce7764-eb85-4999-b965-c028f539ee33,371a5d39-6e41-427f-8e1f-6bf64504e080,"{'text': 'cadres', 'context': '1. Ma mère a accroché plusieurs cadres avec des photos dans son salon.'}",eb9a2239-5a6c-4da5-8957-af8a90d3e880,4a35fa31-9e12-4734-9109-438b14364358,2024-11-26T09:05:54.043014+00:00,"{'source': '4a35fa31-9e12-4734-9109-438b14364358', 'selector': [{'startContainer': '/', 'endContainer': '/', 'startOffset': 297, 'endOffset': 303}]}"
c5696c3c-60be-4513-9358-1a6efead0b71,default,371a5d39-6e41-427f-8e1f-6bf64504e080,"{'text': 'cadres', 'context': '1. Ma mère a accroché plusieurs cadres avec des photos dans son salon.', 'proba': 0.1}",84dcf943-f4b3-4886-a2d5-e0a3661cde64,4a35fa31-9e12-4734-9109-438b14364358,2025-01-03T12:54:01.691149,"{'source': '4a35fa31-9e12-4734-9109-438b14364358', 'selector': [{'startContainer': '/', 'endContainer': '/', 'startOffset': 297, 'endOffset': 304}]}"
0c0adaa6-2059-474e-8261-b391a7ff44cb,default,1,"{'text': 'cadres', 'context': '1. Ma mère a accroché plusieurs cadres avec des photos dans son salon.', 'proba': 0.1}",fe4bab23-b07f-4e52-ac3f-7391d5aef4fb,4a35fa31-9e12-4734-9109-438b14364358,2025-01-03T12:54:01.691149,"{'source': '4a35fa31-9e12-4734-9109-438b14364358', 'selector': [{'startContainer': '/', 'endContainer': '/', 'startOffset': 297, 'endOffset': 304}]}"
b409609c-554e-46e3-94d7-56d8a163c3da,default,0,"{'text': 'cadre', 'context': '0. Un cadre est une personne qui a des fonctions de direction dans une entreprise.', 'proba': 1.0, 'process': 'reference word'}",da26a09b-917d-4c13-953a-63d39bcac892,4a35fa31-9e12-4734-9109-438b14364358,2025-01-03T12:54:01.691118,"{'source': '4a35fa31-9e12-4734-9109-438b14364358', 'selector': [{'startContainer': '/', 'endContainer': '/', 'startOffset': 87, 'endOffset': 93}]}"
762f023e-c847-466b-aca2-a3d1175e0a85,d3ce7764-eb85-4999-b965-c028f539ee33,1ecf29a6-9193-4a8b-9317-5dc319b94507,"{'text': 'cadre', 'context': '0. Un cadre est une personne qui a des fonctions de direction dans une entreprise.', 'proba': 1.0, 'process': 'reference word'}",d34602e1-1664-42cb-b139-c5cb8bcfa2a0,4a35fa31-9e12-4734-9109-438b14364358,2024-11-25T11:19:35.712103+00:00,"{'source': '4a35fa31-9e12-4734-9109-438b14364358', 'selector': [{'startContainer': '/', 'endContainer': '/', 'startOffset': 87, 'endOffset': 93}]}"
e9812f85-9a8a-4841-a8c4-a10674553e5f,default,1,"{'text': 'cadres', 'context': '1. Ma mère a accroché plusieurs cadres avec des photos dans son salon.', 'proba': 0.1}",da26a09b-917d-4c13-953a-63d39bcac892,4a35fa31-9e12-4734-9109-438b14364358,2025-01-03T12:54:01.691149,"{'source': '4a35fa31-9e12-4734-9109-438b14364358', 'selector': [{'startContainer': '/', 'endContainer': '/', 'startOffset': 297, 'endOffset': 304}]}"
13abec02-7505-4791-ab2c-ad0a1ab6b98b,d3ce7764-eb85-4999-b965-c028f539ee33,371a5d39-6e41-427f-8e1f-6bf64504e080,"{'text': 'cadres', 'context': '1. Ma mère a accroché plusieurs cadres avec des photos dans son salon.'}",e920598f-774d-4e1c-a2dc-8fb9a6f3053f,4a35fa31-9e12-4734-9109-438b14364358,2024-11-25T09:49:47.284116+00:00,"{'source': '4a35fa31-9e12-4734-9109-438b14364358', 'selector': [{'startContainer': '/', 'endContainer': '/', 'startOffset': 297, 'endOffset': 303}]}"
8cfc5a57-b606-42f8-aed6-1767c903541b,default,0,"{'text': 'cadre', 'context': '0. Un cadre est une personne qui a des fonctions de direction dans une entreprise.', 'proba': 1.0, 'process': 'reference word'}",fe4bab23-b07f-4e52-ac3f-7391d5aef4fb,4a35fa31-9e12-4734-9109-438b14364358,2025-01-03T12:54:01.691118,"{'source': '4a35fa31-9e12-4734-9109-438b14364358', 'selector': [{'startContainer': '/', 'endContainer': '/', 'startOffset': 87, 'endOffset': 93}]}"
16679529-ac0a-483a-888e-eb166dca13e4,d3ce7764-eb85-4999-b965-c028f539ee33,371a5d39-6e41-427f-8e1f-6bf64504e080,"{'text': 'cadres', 'context': '1. Ma mère a accroché plusieurs cadres avec des photos dans son salon.', 'proba': 0.1}",d34602e1-1664-42cb-b139-c5cb8bcfa2a0,4a35fa31-9e12-4734-9109-438b14364358,2024-11-25T11:19:40.076900+00:00,"{'source': '4a35fa31-9e12-4734-9109-438b14364358', 'selector': [{'startContainer': '/', 'endContainer': '/', 'startOffset': 297, 'endOffset': 304}]}"
3fedc5fa-606d-428e-95f7-1cd5201e65e2,d3ce7764-eb85-4999-b965-c028f539ee33,1ecf29a6-9193-4a8b-9317-5dc319b94507,"{'text': 'cadre', 'context': '0. Un cadre est une personne qui a des fonctions de direction dans une entreprise.'}",eb9a2239-5a6c-4da5-8957-af8a90d3e880,4a35fa31-9e12-4734-9109-438b14364358,2024-11-26T09:05:50.920001+00:00,"{'source': '4a35fa31-9e12-4734-9109-438b14364358', 'selector': [{'startContainer': '/', 'endContainer': '/', 'startOffset': 87, 'endOffset': 92}]}"
70b6482e-1c84-463c-af40-e6e83b175b37,default,0,"{'text': 'cachet', 'context': '1. Après avoir travaillé dans un premier film, je vais recevoir un cachet de 2 500€.', 'proba': 1.0, 'process': 'reference word'}",da26a09b-917d-4c13-953a-63d39bcac892,b774c5bd-516c-406a-9f6d-f2d0cdfe5d2f,2025-01-03T12:54:01.691186,"{'source': 'b774c5bd-516c-406a-9f6d-f2d0cdfe5d2f', 'selector': [{'startContainer': '/', 'endContainer': '/', 'startOffset': 318, 'endOffset': 325}]}"
85664995-6535-4e25-aa16-1804d94afea1,d3ce7764-eb85-4999-b965-c028f539ee33,371a5d39-6e41-427f-8e1f-6bf64504e080,"{'text': 'cachet', 'context': '1. Après avoir travaillé dans un premier film, je vais recevoir un cachet de 2 500€.', 'proba': 1.0, 'process': 'reference word'}",d34602e1-1664-42cb-b139-c5cb8bcfa2a0,b774c5bd-516c-406a-9f6d-f2d0cdfe5d2f,2024-11-25T11:24:20.167788+00:00,"{'source': 'b774c5bd-516c-406a-9f6d-f2d0cdfe5d2f', 'selector': [{'startContainer': '/', 'endContainer': '/', 'startOffset': 318, 'endOffset': 325}]}"
9aecdcc3-1e71-45fc-b906-b64d0bb9b8d1,default,1,"{'text': 'cachet', 'context': '0. Un cachet est un genre de médicament qu’on avale avec de l’eau.', 'proba': 0.1}",fe4bab23-b07f-4e52-ac3f-7391d5aef4fb,b774c5bd-516c-406a-9f6d-f2d0cdfe5d2f,2025-01-03T12:54:01.691218,"{'source': 'b774c5bd-516c-406a-9f6d-f2d0cdfe5d2f', 'selector': [{'startContainer': '/', 'endContainer': '/', 'startOffset': 88, 'endOffset': 95}]}"
31b66da1-7fe8-4b89-a8b1-6fb105755299,default,371a5d39-6e41-427f-8e1f-6bf64504e080,"{'text': 'cachet', 'context': '1. Après avoir travaillé dans un premier film, je vais recevoir un cachet de 2 500€.', 'proba': 1.0, 'process': 'reference word'}",84dcf943-f4b3-4886-a2d5-e0a3661cde64,b774c5bd-516c-406a-9f6d-f2d0cdfe5d2f,2025-01-03T12:54:01.691186,"{'source': 'b774c5bd-516c-406a-9f6d-f2d0cdfe5d2f', 'selector': [{'startContainer': '/', 'endContainer': '/', 'startOffset': 318, 'endOffset': 325}]}"
962f4723-980c-43e1-9c7c-8230b3ceb97e,d3ce7764-eb85-4999-b965-c028f539ee33,1ecf29a6-9193-4a8b-9317-5dc319b94507,"{'text': 'cachet', 'context': '0. Un cachet est un genre de médicament qu’on avale avec de l’eau.'}",eb9a2239-5a6c-4da5-8957-af8a90d3e880,b774c5bd-516c-406a-9f6d-f2d0cdfe5d2f,2024-11-26T09:10:12.882780+00:00,"{'source': 'b774c5bd-516c-406a-9f6d-f2d0cdfe5d2f', 'selector': [{'startContainer': '/', 'endContainer': '/', 'startOffset': 88, 'endOffset': 94}]}"
f37a9bf7-db1c-47dc-a479-d4bb8c825003,d3ce7764-eb85-4999-b965-c028f539ee33,1ecf29a6-9193-4a8b-9317-5dc319b94507,"{'text': 'cachet', 'context': '0. Un cachet est un genre de médicament qu’on avale avec de l’eau.'}",e920598f-774d-4e1c-a2dc-8fb9a6f3053f,b774c5bd-516c-406a-9f6d-f2d0cdfe5d2f,2024-11-25T10:14:57.659948+00:00,"{'source': 'b774c5bd-516c-406a-9f6d-f2d0cdfe5d2f', 'selector': [{'startContainer': '/', 'endContainer': '/', 'startOffset': 88, 'endOffset': 94}]}"
cf169c7f-3062-494e-8d9a-14b7fe241b84,d3ce7764-eb85-4999-b965-c028f539ee33,371a5d39-6e41-427f-8e1f-6bf64504e080,"{'text': 'cachet', 'context': '1. Après avoir travaillé dans un premier film, je vais recevoir un cachet de 2 500€.'}",eb9a2239-5a6c-4da5-8957-af8a90d3e880,b774c5bd-516c-406a-9f6d-f2d0cdfe5d2f,2024-11-26T09:10:16.003870+00:00,"{'source': 'b774c5bd-516c-406a-9f6d-f2d0cdfe5d2f', 'selector': [{'startContainer': '/', 'endContainer': '/', 'startOffset': 318, 'endOffset': 324}]}"
745721a5-9076-4dde-a98b-abdc6e79b1df,default,1ecf29a6-9193-4a8b-9317-5dc319b94507,"{'text': 'cachet', 'context': '0. Un cachet est un genre de médicament qu’on avale avec de l’eau.', 'proba': 0.1}",84dcf943-f4b3-4886-a2d5-e0a3661cde64,b774c5bd-516c-406a-9f6d-f2d0cdfe5d2f,2025-01-03T12:54:01.691218,"{'source': 'b774c5bd-516c-406a-9f6d-f2d0cdfe5d2f', 'selector': [{'startContainer': '/', 'endContainer': '/', 'startOffset': 88, 'endOffset': 95}]}"
4880cdb6-52f0-4942-8bbc-b3934c9b3984,default,1,"{'text': 'cachet', 'context': '0. Un cachet est un genre de médicament qu’on avale avec de l’eau.', 'proba': 0.1}",da26a09b-917d-4c13-953a-63d39bcac892,b774c5bd-516c-406a-9f6d-f2d0cdfe5d2f,2025-01-03T12:54:01.691218,"{'source': 'b774c5bd-516c-406a-9f6d-f2d0cdfe5d2f', 'selector': [{'startContainer': '/', 'endContainer': '/', 'startOffset': 88, 'endOffset': 95}]}"
89a07888-5e67-4329-bb6e-75839664b732,d3ce7764-eb85-4999-b965-c028f539ee33,371a5d39-6e41-427f-8e1f-6bf64504e080,"{'text': 'cachet', 'context': '1. Après avoir travaillé dans un premier film, je vais recevoir un cachet de 2 500€.'}",e920598f-774d-4e1c-a2dc-8fb9a6f3053f,b774c5bd-516c-406a-9f6d-f2d0cdfe5d2f,2024-11-25T10:15:01.133288+00:00,"{'source': 'b774c5bd-516c-406a-9f6d-f2d0cdfe5d2f', 'selector': [{'startContainer': '/', 'endContainer': '/', 'startOffset': 318, 'endOffset': 324}]}"
f30a7c0f-2144-4de0-af33-b31b07d5f9e7,d3ce7764-eb85-4999-b965-c028f539ee33,1ecf29a6-9193-4a8b-9317-5dc319b94507,"{'text': 'cachet', 'context': '0. Un cachet est un genre de médicament qu’on avale avec de l’eau.', 'proba': 0.1}",d34602e1-1664-42cb-b139-c5cb8bcfa2a0,b774c5bd-516c-406a-9f6d-f2d0cdfe5d2f,2024-11-25T11:24:04.320963+00:00,"{'source': 'b774c5bd-516c-406a-9f6d-f2d0cdfe5d2f', 'selector': [{'startContainer': '/', 'endContainer': '/', 'startOffset': 88, 'endOffset': 95}]}"
506da1eb-1fc6-4884-9e1f-0f9268953343,default,0,"{'text': 'cachet', 'context': '1. Après avoir travaillé dans un premier film, je vais recevoir un cachet de 2 500€.', 'proba': 1.0, 'process': 'reference word'}",fe4bab23-b07f-4e52-ac3f-7391d5aef4fb,b774c5bd-516c-406a-9f6d-f2d0cdfe5d2f,2025-01-03T12:54:01.691186,"{'source': 'b774c5bd-516c-406a-9f6d-f2d0cdfe5d2f', 'selector': [{'startContainer': '/', 'endContainer': '/', 'startOffset': 318, 'endOffset': 325}]}"
75550798-41e0-46db-9f84-b84002686e7a,default,1ecf29a6-9193-4a8b-9317-5dc319b94507,"{'text': 'bureau', 'context': ""0. J'ai mis mon ordinateur est sur le nouveau bureau."", 'proba': 1.0, 'process': 'reference word'}",84dcf943-f4b3-4886-a2d5-e0a3661cde64,8f10296d-6a14-4d3f-876f-491080c63e35,2025-01-03T12:54:01.691288,"{'source': '8f10296d-6a14-4d3f-876f-491080c63e35', 'selector': [{'startContainer': '/', 'endContainer': '/', 'startOffset': 128, 'endOffset': 134}]}"
7ff9d6ee-af37-4eae-a9f7-377d5f119bb4,d3ce7764-eb85-4999-b965-c028f539ee33,371a5d39-6e41-427f-8e1f-6bf64504e080,"{'text': 'bureau', 'context': '2. Je travaille dans un bureau.', 'proba': 0.8}",d34602e1-1664-42cb-b139-c5cb8bcfa2a0,8f10296d-6a14-4d3f-876f-491080c63e35,2024-11-25T11:22:20.726802+00:00,"{'source': '8f10296d-6a14-4d3f-876f-491080c63e35', 'selector': [{'startContainer': '/', 'endContainer': '/', 'startOffset': 431, 'endOffset': 437}]}"
cbe43f39-2101-4d7d-8857-d86cded383cb,d3ce7764-eb85-4999-b965-c028f539ee33,1ecf29a6-9193-4a8b-9317-5dc319b94507,"{'text': 'bureau', 'context': '1. Je travaille dans mon bureau, personne n’a le droit d’y entrer.'}",e920598f-774d-4e1c-a2dc-8fb9a6f3053f,8f10296d-6a14-4d3f-876f-491080c63e35,2024-11-25T09:51:31.864129+00:00,"{'source': '8f10296d-6a14-4d3f-876f-491080c63e35', 'selector': [{'startContainer': '/', 'endContainer': '/', 'startOffset': 263, 'endOffset': 269}]}"
d2aff5a7-802d-44f5-a240-dc8781f43097,d3ce7764-eb85-4999-b965-c028f539ee33,1ecf29a6-9193-4a8b-9317-5dc319b94507,"{'text': 'bureau', 'context': ""0. J'ai mis mon ordinateur est sur le nouveau bureau."", 'proba': 1.0, 'process': 'reference word'}",d34602e1-1664-42cb-b139-c5cb8bcfa2a0,8f10296d-6a14-4d3f-876f-491080c63e35,2024-11-25T11:22:13.746881+00:00,"{'source': '8f10296d-6a14-4d3f-876f-491080c63e35', 'selector': [{'startContainer': '/', 'endContainer': '/', 'startOffset': 128, 'endOffset': 134}]}"
b27f1021-ebe1-45a1-8baa-997bcfc0d801,default,371a5d39-6e41-427f-8e1f-6bf64504e080,"{'text': 'bureau', 'context': '1. Je travaille dans mon bureau, personne n’a le droit d’y entrer.', 'proba': 0.3}",84dcf943-f4b3-4886-a2d5-e0a3661cde64,8f10296d-6a14-4d3f-876f-491080c63e35,2025-01-03T12:54:01.691319,"{'source': '8f10296d-6a14-4d3f-876f-491080c63e35', 'selector': [{'startContainer': '/', 'endContainer': '/', 'startOffset': 263, 'endOffset': 269}]}"
97e4b0ef-edb7-4e88-bfa1-5dd5537942c5,d3ce7764-eb85-4999-b965-c028f539ee33,371a5d39-6e41-427f-8e1f-6bf64504e080,"{'text': 'bureau', 'context': '1. Je travaille dans mon bureau, personne n’a le droit d’y entrer.'}",eb9a2239-5a6c-4da5-8957-af8a90d3e880,8f10296d-6a14-4d3f-876f-491080c63e35,2024-11-26T09:08:09.774391+00:00,"{'source': '8f10296d-6a14-4d3f-876f-491080c63e35', 'selector': [{'startContainer': '/', 'endContainer': '/', 'startOffset': 263, 'endOffset': 269}]}"
e1193108-74f3-436d-bf3e-6d1344698628,default,0,"{'text': 'bureau', 'context': ""0. J'ai mis mon ordinateur est sur le nouveau bureau."", 'proba': 1.0, 'process': 'reference word'}",fe4bab23-b07f-4e52-ac3f-7391d5aef4fb,8f10296d-6a14-4d3f-876f-491080c63e35,2025-01-03T12:54:01.691288,"{'source': '8f10296d-6a14-4d3f-876f-491080c63e35', 'selector': [{'startContainer': '/', 'endContainer': '/', 'startOffset': 128, 'endOffset': 134}]}"
b8dad22b-6354-45c9-9786-4b2371b12740,d3ce7764-eb85-4999-b965-c028f539ee33,371a5d39-6e41-427f-8e1f-6bf64504e080,"{'text': 'bureau', 'context': ""0. J'ai mis mon ordinateur est sur le nouveau bureau.""}",e920598f-774d-4e1c-a2dc-8fb9a6f3053f,8f10296d-6a14-4d3f-876f-491080c63e35,2024-11-25T09:51:38.671339+00:00,"{'source': '8f10296d-6a14-4d3f-876f-491080c63e35', 'selector': [{'startContainer': '/', 'endContainer': '/', 'startOffset': 128, 'endOffset': 134}]}"
8f34336c-52e1-43a1-9aaf-7081edb50517,default,0,"{'text': 'bureau', 'context': ""0. J'ai mis mon ordinateur est sur le nouveau bureau."", 'proba': 1.0, 'process': 'reference word'}",da26a09b-917d-4c13-953a-63d39bcac892,8f10296d-6a14-4d3f-876f-491080c63e35,2025-01-03T12:54:01.691288,"{'source': '8f10296d-6a14-4d3f-876f-491080c63e35', 'selector': [{'startContainer': '/', 'endContainer': '/', 'startOffset': 128, 'endOffset': 134}]}"
c682f39e-6632-4a76-8132-f122b2772122,default,0,"{'text': 'bureau', 'context': '1. Je travaille dans mon bureau, personne n’a le droit d’y entrer.', 'proba': 0.3}",da26a09b-917d-4c13-953a-63d39bcac892,8f10296d-6a14-4d3f-876f-491080c63e35,2025-01-03T12:54:01.691319,"{'source': '8f10296d-6a14-4d3f-876f-491080c63e35', 'selector': [{'startContainer': '/', 'endContainer': '/', 'startOffset': 263, 'endOffset': 269}]}"
6772d0d0-ee77-426c-bf13-373024440e1a,default,1,"{'text': 'bureau', 'context': '1. Je travaille dans mon bureau, personne n’a le droit d’y entrer.', 'proba': 0.3}",fe4bab23-b07f-4e52-ac3f-7391d5aef4fb,8f10296d-6a14-4d3f-876f-491080c63e35,2025-01-03T12:54:01.691319,"{'source': '8f10296d-6a14-4d3f-876f-491080c63e35', 'selector': [{'startContainer': '/', 'endContainer': '/', 'startOffset': 263, 'endOffset': 269}]}"
4c023fcd-146f-42bc-b1e8-278950e761a8,default,1,"{'text': 'bureau', 'context': '2. Je travaille dans un bureau.', 'proba': 0.8}",fe4bab23-b07f-4e52-ac3f-7391d5aef4fb,8f10296d-6a14-4d3f-876f-491080c63e35,2025-01-03T12:54:01.691253,"{'source': '8f10296d-6a14-4d3f-876f-491080c63e35', 'selector': [{'startContainer': '/', 'endContainer': '/', 'startOffset': 431, 'endOffset': 437}]}"
023cbc44-aac0-4261-9871-ecb31d28234c,d3ce7764-eb85-4999-b965-c028f539ee33,371a5d39-6e41-427f-8e1f-6bf64504e080,"{'text': 'bureau', 'context': '2. Je travaille dans un bureau.'}",eb9a2239-5a6c-4da5-8957-af8a90d3e880,8f10296d-6a14-4d3f-876f-491080c63e35,2024-11-26T09:08:13.205189+00:00,"{'source': '8f10296d-6a14-4d3f-876f-491080c63e35', 'selector': [{'startContainer': '/', 'endContainer': '/', 'startOffset': 431, 'endOffset': 437}]}"
f8276a50-db43-49a5-a800-582ffd2da1b6,default,0,"{'text': 'bureau', 'context': '2. Je travaille dans un bureau.', 'proba': 0.8}",da26a09b-917d-4c13-953a-63d39bcac892,8f10296d-6a14-4d3f-876f-491080c63e35,2025-01-03T12:54:01.691253,"{'source': '8f10296d-6a14-4d3f-876f-491080c63e35', 'selector': [{'startContainer': '/', 'endContainer': '/', 'startOffset': 431, 'endOffset': 437}]}"
cadae3db-81ef-454b-bc65-ff473b1fe7f6,d3ce7764-eb85-4999-b965-c028f539ee33,1ecf29a6-9193-4a8b-9317-5dc319b94507,"{'text': 'bureau', 'context': '2. Je travaille dans un bureau.'}",e920598f-774d-4e1c-a2dc-8fb9a6f3053f,8f10296d-6a14-4d3f-876f-491080c63e35,2024-11-25T09:51:33.483534+00:00,"{'source': '8f10296d-6a14-4d3f-876f-491080c63e35', 'selector': [{'startContainer': '/', 'endContainer': '/', 'startOffset': 431, 'endOffset': 437}]}"
03b6e28a-de0f-4b86-8f52-5487c39bb349,d3ce7764-eb85-4999-b965-c028f539ee33,371a5d39-6e41-427f-8e1f-6bf64504e080,"{'text': 'bureau', 'context': '1. Je travaille dans mon bureau, personne n’a le droit d’y entrer.', 'proba': 0.3}",d34602e1-1664-42cb-b139-c5cb8bcfa2a0,8f10296d-6a14-4d3f-876f-491080c63e35,2024-11-25T11:22:16.320410+00:00,"{'source': '8f10296d-6a14-4d3f-876f-491080c63e35', 'selector': [{'startContainer': '/', 'endContainer': '/', 'startOffset': 263, 'endOffset': 269}]}"
7888c2b2-888f-4889-9150-3622432c6718,d3ce7764-eb85-4999-b965-c028f539ee33,1ecf29a6-9193-4a8b-9317-5dc319b94507,"{'text': 'bureau', 'context': ""0. J'ai mis mon ordinateur est sur le nouveau bureau.""}",eb9a2239-5a6c-4da5-8957-af8a90d3e880,8f10296d-6a14-4d3f-876f-491080c63e35,2024-11-26T09:08:06.048348+00:00,"{'source': '8f10296d-6a14-4d3f-876f-491080c63e35', 'selector': [{'startContainer': '/', 'endContainer': '/', 'startOffset': 128, 'endOffset': 134}]}"
b070cce9-3f0b-4ab2-bafc-8811eb22645c,default,371a5d39-6e41-427f-8e1f-6bf64504e080,"{'text': 'bureau', 'context': '2. Je travaille dans un bureau.', 'proba': 0.8}",84dcf943-f4b3-4886-a2d5-e0a3661cde64,8f10296d-6a14-4d3f-876f-491080c63e35,2025-01-03T12:54:01.691253,"{'source': '8f10296d-6a14-4d3f-876f-491080c63e35', 'selector': [{'startContainer': '/', 'endContainer': '/', 'startOffset': 431, 'endOffset': 437}]}"
21b68c7f-c607-4470-bcb8-1dc3682fe692,default,0,"{'text': 'balle', 'context': '0. Le golfeur a perdu sa balle dans les buissons.', 'proba': 1.0, 'process': 'reference word'}",fe4bab23-b07f-4e52-ac3f-7391d5aef4fb,c4ff29a4-722a-4396-8bc2-b6ae2958621a,2025-01-03T12:54:01.691354,"{'source': 'c4ff29a4-722a-4396-8bc2-b6ae2958621a', 'selector': [{'startContainer': '/', 'endContainer': '/', 'startOffset': 106, 'endOffset': 112}]}"
fd213101-e2f1-4582-a39e-78b4b59564f8,default,0,"{'text': 'balle', 'context': '0. Le golfeur a perdu sa balle dans les buissons.', 'proba': 1.0, 'process': 'reference word'}",da26a09b-917d-4c13-953a-63d39bcac892,c4ff29a4-722a-4396-8bc2-b6ae2958621a,2025-01-03T12:54:01.691354,"{'source': 'c4ff29a4-722a-4396-8bc2-b6ae2958621a', 'selector': [{'startContainer': '/', 'endContainer': '/', 'startOffset': 106, 'endOffset': 112}]}"
74163ff6-671f-4a2c-8f8b-bf704c8b89ac,default,1,"{'text': 'balle', 'context': ""1. La balle est partie et l'homme s'est retrouvé blessé."", 'proba': 0.2}",fe4bab23-b07f-4e52-ac3f-7391d5aef4fb,c4ff29a4-722a-4396-8bc2-b6ae2958621a,2025-01-03T12:54:01.691386,"{'source': 'c4ff29a4-722a-4396-8bc2-b6ae2958621a', 'selector': [{'startContainer': '/', 'endContainer': '/', 'startOffset': 238, 'endOffset': 244}]}"
38cf47e6-7d88-4999-ac9b-1743f70538c8,d3ce7764-eb85-4999-b965-c028f539ee33,1ecf29a6-9193-4a8b-9317-5dc319b94507,"{'text': 'balle', 'context': '0. Le golfeur a perdu sa balle dans les buissons.'}",e920598f-774d-4e1c-a2dc-8fb9a6f3053f,c4ff29a4-722a-4396-8bc2-b6ae2958621a,2024-11-25T10:15:53.839987+00:00,"{'source': 'c4ff29a4-722a-4396-8bc2-b6ae2958621a', 'selector': [{'startContainer': '/', 'endContainer': '/', 'startOffset': 106, 'endOffset': 111}]}"
17879679-c70e-4d83-aa5f-3a007e786a96,d3ce7764-eb85-4999-b965-c028f539ee33,1ecf29a6-9193-4a8b-9317-5dc319b94507,"{'text': 'balle', 'context': ""1. La balle est partie et l'homme s'est retrouvé blessé.""}",eb9a2239-5a6c-4da5-8957-af8a90d3e880,c4ff29a4-722a-4396-8bc2-b6ae2958621a,2024-11-26T09:12:51.109113+00:00,"{'source': 'c4ff29a4-722a-4396-8bc2-b6ae2958621a', 'selector': [{'startContainer': '/', 'endContainer': '/', 'startOffset': 238, 'endOffset': 243}]}"
a89d3e17-135c-4b13-9750-857a6d9e17cd,default,0,"{'text': 'balle', 'context': ""1. La balle est partie et l'homme s'est retrouvé blessé."", 'proba': 0.2}",da26a09b-917d-4c13-953a-63d39bcac892,c4ff29a4-722a-4396-8bc2-b6ae2958621a,2025-01-03T12:54:01.691386,"{'source': 'c4ff29a4-722a-4396-8bc2-b6ae2958621a', 'selector': [{'startContainer': '/', 'endContainer': '/', 'startOffset': 238, 'endOffset': 244}]}"
6e9a7d63-43bd-4154-85ba-372594d8add5,default,1ecf29a6-9193-4a8b-9317-5dc319b94507,"{'text': 'balle', 'context': '0. Le golfeur a perdu sa balle dans les buissons.', 'proba': 1.0, 'process': 'reference word'}",84dcf943-f4b3-4886-a2d5-e0a3661cde64,c4ff29a4-722a-4396-8bc2-b6ae2958621a,2025-01-03T12:54:01.691354,"{'source': 'c4ff29a4-722a-4396-8bc2-b6ae2958621a', 'selector': [{'startContainer': '/', 'endContainer': '/', 'startOffset': 106, 'endOffset': 112}]}"
228d0722-9862-4467-8b7d-63e003464a05,default,371a5d39-6e41-427f-8e1f-6bf64504e080,"{'text': 'balle', 'context': ""1. La balle est partie et l'homme s'est retrouvé blessé."", 'proba': 0.2}",84dcf943-f4b3-4886-a2d5-e0a3661cde64,c4ff29a4-722a-4396-8bc2-b6ae2958621a,2025-01-03T12:54:01.691386,"{'source': 'c4ff29a4-722a-4396-8bc2-b6ae2958621a', 'selector': [{'startContainer': '/', 'endContainer': '/', 'startOffset': 238, 'endOffset': 244}]}"
9770c748-9f82-484f-8f5d-112c6f273753,d3ce7764-eb85-4999-b965-c028f539ee33,1ecf29a6-9193-4a8b-9317-5dc319b94507,"{'text': 'balle', 'context': '0. Le golfeur a perdu sa balle dans les buissons.', 'proba': 1.0, 'process': 'reference word'}",d34602e1-1664-42cb-b139-c5cb8bcfa2a0,c4ff29a4-722a-4396-8bc2-b6ae2958621a,2024-11-25T11:25:08.020971+00:00,"{'source': 'c4ff29a4-722a-4396-8bc2-b6ae2958621a', 'selector': [{'startContainer': '/', 'endContainer': '/', 'startOffset': 106, 'endOffset': 112}]}"
4d183856-5d7d-4873-85ba-2e2f9445679b,d3ce7764-eb85-4999-b965-c028f539ee33,1ecf29a6-9193-4a8b-9317-5dc319b94507,"{'text': 'balle', 'context': '0. Le golfeur a perdu sa balle dans les buissons.'}",eb9a2239-5a6c-4da5-8957-af8a90d3e880,c4ff29a4-722a-4396-8bc2-b6ae2958621a,2024-11-26T09:12:46.054615+00:00,"{'source': 'c4ff29a4-722a-4396-8bc2-b6ae2958621a', 'selector': [{'startContainer': '/', 'endContainer': '/', 'startOffset': 106, 'endOffset': 111}]}"
82294955-1d81-4083-acf3-e5550fe5fba7,d3ce7764-eb85-4999-b965-c028f539ee33,371a5d39-6e41-427f-8e1f-6bf64504e080,"{'text': 'balle', 'context': ""1. La balle est partie et l'homme s'est retrouvé blessé."", 'proba': 0.2}",d34602e1-1664-42cb-b139-c5cb8bcfa2a0,c4ff29a4-722a-4396-8bc2-b6ae2958621a,2024-11-25T11:25:16.551387+00:00,"{'source': 'c4ff29a4-722a-4396-8bc2-b6ae2958621a', 'selector': [{'startContainer': '/', 'endContainer': '/', 'startOffset': 238, 'endOffset': 244}]}"
14e227ee-ed20-432c-bdf3-c97b8cbcc8e5,d3ce7764-eb85-4999-b965-c028f539ee33,371a5d39-6e41-427f-8e1f-6bf64504e080,"{'text': 'balle', 'context': ""1. La balle est partie et l'homme s'est retrouvé blessé.""}",e920598f-774d-4e1c-a2dc-8fb9a6f3053f,c4ff29a4-722a-4396-8bc2-b6ae2958621a,2024-11-25T10:15:56.993987+00:00,"{'source': 'c4ff29a4-722a-4396-8bc2-b6ae2958621a', 'selector': [{'startContainer': '/', 'endContainer': '/', 'startOffset': 238, 'endOffset': 243}]}"
1a8527e8-5c1f-4959-9dfb-0f28f849b239,d3ce7764-eb85-4999-b965-c028f539ee33,371a5d39-6e41-427f-8e1f-6bf64504e080,"{'text': 'avocat', 'context': '1. Ma femme et moi, on divorce. On a chacun fait appel à un avocat.', 'proba': 1.0, 'process': 'reference word'}",d34602e1-1664-42cb-b139-c5cb8bcfa2a0,567afa2e-ebb4-44a0-b799-a4471ace371b,2024-11-25T11:20:26.182995+00:00,"{'source': '567afa2e-ebb4-44a0-b799-a4471ace371b', 'selector': [{'startContainer': '/', 'endContainer': '/', 'startOffset': 324, 'endOffset': 330}]}"
f6501c98-15fd-42c7-848d-bff354129372,default,0,"{'text': 'avocat', 'context': '1. Ma femme et moi, on divorce. On a chacun fait appel à un avocat.', 'proba': 1.0, 'process': 'reference word'}",da26a09b-917d-4c13-953a-63d39bcac892,567afa2e-ebb4-44a0-b799-a4471ace371b,2025-01-03T12:54:01.691420,"{'source': '567afa2e-ebb4-44a0-b799-a4471ace371b', 'selector': [{'startContainer': '/', 'endContainer': '/', 'startOffset': 324, 'endOffset': 330}]}"
cc8a1290-fa13-4444-9eff-a5707b35756d,d3ce7764-eb85-4999-b965-c028f539ee33,371a5d39-6e41-427f-8e1f-6bf64504e080,"{'text': 'avocat', 'context': '1. Ma femme et moi, on divorce. On a chacun fait appel à un avocat.'}",eb9a2239-5a6c-4da5-8957-af8a90d3e880,567afa2e-ebb4-44a0-b799-a4471ace371b,2024-11-26T09:06:32.082919+00:00,"{'source': '567afa2e-ebb4-44a0-b799-a4471ace371b', 'selector': [{'startContainer': '/', 'endContainer': '/', 'startOffset': 324, 'endOffset': 330}]}"
5a49f9e7-d41d-402e-b7fe-2485b755a467,default,1,"{'text': 'avocat', 'context': '0. L’avocat est un fruit vert, ni sucré ni salé, qui se mange dans les salades.', 'proba': 0.0}",da26a09b-917d-4c13-953a-63d39bcac892,567afa2e-ebb4-44a0-b799-a4471ace371b,2025-01-03T12:54:01.691451,"{'source': '567afa2e-ebb4-44a0-b799-a4471ace371b', 'selector': [{'startContainer': '/', 'endContainer': '/', 'startOffset': 87, 'endOffset': 94}]}"
46730bcf-6338-45c2-aaf2-f03254f4faa3,d3ce7764-eb85-4999-b965-c028f539ee33,1ecf29a6-9193-4a8b-9317-5dc319b94507,"{'text': 'avocat', 'context': '0. L’avocat est un fruit vert, ni sucré ni salé, qui se mange dans les salades.'}",eb9a2239-5a6c-4da5-8957-af8a90d3e880,567afa2e-ebb4-44a0-b799-a4471ace371b,2024-11-26T09:06:28.107123+00:00,"{'source': '567afa2e-ebb4-44a0-b799-a4471ace371b', 'selector': [{'startContainer': '/', 'endContainer': '/', 'startOffset': 87, 'endOffset': 93}]}"
aa4ef9ee-b104-4abc-91ab-aeac016d2456,default,0,"{'text': 'avocat', 'context': '1. Ma femme et moi, on divorce. On a chacun fait appel à un avocat.', 'proba': 1.0, 'process': 'reference word'}",fe4bab23-b07f-4e52-ac3f-7391d5aef4fb,567afa2e-ebb4-44a0-b799-a4471ace371b,2025-01-03T12:54:01.691420,"{'source': '567afa2e-ebb4-44a0-b799-a4471ace371b', 'selector': [{'startContainer': '/', 'endContainer': '/', 'startOffset': 324, 'endOffset': 330}]}"
76babd97-a502-4708-9435-a38294eb4775,default,371a5d39-6e41-427f-8e1f-6bf64504e080,"{'text': 'avocat', 'context': '1. Ma femme et moi, on divorce. On a chacun fait appel à un avocat.', 'proba': 1.0, 'process': 'reference word'}",84dcf943-f4b3-4886-a2d5-e0a3661cde64,567afa2e-ebb4-44a0-b799-a4471ace371b,2025-01-03T12:54:01.691420,"{'source': '567afa2e-ebb4-44a0-b799-a4471ace371b', 'selector': [{'startContainer': '/', 'endContainer': '/', 'startOffset': 324, 'endOffset': 330}]}"
6d92806c-5c47-49b6-9252-85643820f428,d3ce7764-eb85-4999-b965-c028f539ee33,371a5d39-6e41-427f-8e1f-6bf64504e080,"{'text': 'avocat', 'context': '1. Ma femme et moi, on divorce. On a chacun fait appel à un avocat.'}",e920598f-774d-4e1c-a2dc-8fb9a6f3053f,567afa2e-ebb4-44a0-b799-a4471ace371b,2024-11-25T09:50:20.965484+00:00,"{'source': '567afa2e-ebb4-44a0-b799-a4471ace371b', 'selector': [{'startContainer': '/', 'endContainer': '/', 'startOffset': 324, 'endOffset': 330}]}"
9f4756d3-9102-4190-b4a3-3b400428278b,d3ce7764-eb85-4999-b965-c028f539ee33,1ecf29a6-9193-4a8b-9317-5dc319b94507,"{'text': 'avocat', 'context': '0. L’avocat est un fruit vert, ni sucré ni salé, qui se mange dans les salades.', 'proba': 0.0}",d34602e1-1664-42cb-b139-c5cb8bcfa2a0,567afa2e-ebb4-44a0-b799-a4471ace371b,2024-11-25T11:20:23.399699+00:00,"{'source': '567afa2e-ebb4-44a0-b799-a4471ace371b', 'selector': [{'startContainer': '/', 'endContainer': '/', 'startOffset': 87, 'endOffset': 94}]}"
4d69dec2-af08-499f-8327-ac72317dd93a,default,1,"{'text': 'avocat', 'context': '0. L’avocat est un fruit vert, ni sucré ni salé, qui se mange dans les salades.', 'proba': 0.0}",fe4bab23-b07f-4e52-ac3f-7391d5aef4fb,567afa2e-ebb4-44a0-b799-a4471ace371b,2025-01-03T12:54:01.691451,"{'source': '567afa2e-ebb4-44a0-b799-a4471ace371b', 'selector': [{'startContainer': '/', 'endContainer': '/', 'startOffset': 87, 'endOffset': 94}]}"
bdee9b4c-3b84-4918-a892-b7341106d653,default,1ecf29a6-9193-4a8b-9317-5dc319b94507,"{'text': 'avocat', 'context': '0. L’avocat est un fruit vert, ni sucré ni salé, qui se mange dans les salades.', 'proba': 0.0}",84dcf943-f4b3-4886-a2d5-e0a3661cde64,567afa2e-ebb4-44a0-b799-a4471ace371b,2025-01-03T12:54:01.691451,"{'source': '567afa2e-ebb4-44a0-b799-a4471ace371b', 'selector': [{'startContainer': '/', 'endContainer': '/', 'startOffset': 87, 'endOffset': 94}]}"
1962d804-d805-4664-9e72-8c00b3b3072e,d3ce7764-eb85-4999-b965-c028f539ee33,1ecf29a6-9193-4a8b-9317-5dc319b94507,"{'text': 'avocat', 'context': '0. L’avocat est un fruit vert, ni sucré ni salé, qui se mange dans les salades.'}",e920598f-774d-4e1c-a2dc-8fb9a6f3053f,567afa2e-ebb4-44a0-b799-a4471ace371b,2024-11-25T09:50:17.617893+00:00,"{'source': '567afa2e-ebb4-44a0-b799-a4471ace371b', 'selector': [{'startContainer': '/', 'endContainer': '/', 'startOffset': 87, 'endOffset': 93}]}"
5975751b-7dd3-4ed7-babb-f04cfae3b8e1,default,1ecf29a6-9193-4a8b-9317-5dc319b94507,"{'text': 'ans', 'context': '1. Il a vingt ans.', 'proba': 1.0, 'process': 'reference word'}",84dcf943-f4b3-4886-a2d5-e0a3661cde64,35d7fe6b-3f88-46dc-ad76-8e5423e8362c,2025-01-03T12:54:01.691486,"{'source': '35d7fe6b-3f88-46dc-ad76-8e5423e8362c', 'selector': [{'startContainer': '/', 'endContainer': '/', 'startOffset': 242, 'endOffset': 245}]}"
ebd9107e-19ac-4034-bc72-3bcb641c5751,default,1ecf29a6-9193-4a8b-9317-5dc319b94507,"{'text': 'an', 'context': '0. Le jour de mon anniversaire, j’ai un an de plus.', 'proba': 0.9}",84dcf943-f4b3-4886-a2d5-e0a3661cde64,35d7fe6b-3f88-46dc-ad76-8e5423e8362c,2025-01-03T12:54:01.691517,"{'source': '35d7fe6b-3f88-46dc-ad76-8e5423e8362c', 'selector': [{'startContainer': '/', 'endContainer': '/', 'startOffset': 118, 'endOffset': 121}]}"
62baf0e3-ad5a-42c7-b1f0-8c59ab13fc75,d3ce7764-eb85-4999-b965-c028f539ee33,1ecf29a6-9193-4a8b-9317-5dc319b94507,"{'text': 'ans', 'context': '1. Il a vingt ans.'}",eb9a2239-5a6c-4da5-8957-af8a90d3e880,35d7fe6b-3f88-46dc-ad76-8e5423e8362c,2024-11-26T09:03:44.192952+00:00,"{'source': '35d7fe6b-3f88-46dc-ad76-8e5423e8362c', 'selector': [{'startContainer': '/', 'endContainer': '/', 'startOffset': 242, 'endOffset': 245}]}"
cccbb886-d9a9-4899-8df3-37d94b59b69e,default,1,"{'text': 'an', 'context': '0. Le jour de mon anniversaire, j’ai un an de plus.', 'proba': 0.9}",da26a09b-917d-4c13-953a-63d39bcac892,35d7fe6b-3f88-46dc-ad76-8e5423e8362c,2025-01-03T12:54:01.691517,"{'source': '35d7fe6b-3f88-46dc-ad76-8e5423e8362c', 'selector': [{'startContainer': '/', 'endContainer': '/', 'startOffset': 118, 'endOffset': 121}]}"
455c9774-2e4e-4ed2-9b25-7544bc459cc0,default,0,"{'text': 'ans', 'context': '1. Il a vingt ans.', 'proba': 1.0, 'process': 'reference word'}",da26a09b-917d-4c13-953a-63d39bcac892,35d7fe6b-3f88-46dc-ad76-8e5423e8362c,2025-01-03T12:54:01.691486,"{'source': '35d7fe6b-3f88-46dc-ad76-8e5423e8362c', 'selector': [{'startContainer': '/', 'endContainer': '/', 'startOffset': 242, 'endOffset': 245}]}"
1a0889a8-259f-4370-8dca-8a8ceaac4464,d3ce7764-eb85-4999-b965-c028f539ee33,1ecf29a6-9193-4a8b-9317-5dc319b94507,"{'text': 'ans', 'context': '1. Il a vingt ans.', 'proba': 1.0, 'process': 'reference word'}",d34602e1-1664-42cb-b139-c5cb8bcfa2a0,35d7fe6b-3f88-46dc-ad76-8e5423e8362c,2024-11-25T11:16:57.257891+00:00,"{'source': '35d7fe6b-3f88-46dc-ad76-8e5423e8362c', 'selector': [{'startContainer': '/', 'endContainer': '/', 'startOffset': 242, 'endOffset': 245}]}"
913a8a3f-8e6a-489c-a639-d67320a4d84f,d3ce7764-eb85-4999-b965-c028f539ee33,1ecf29a6-9193-4a8b-9317-5dc319b94507,"{'text': 'an', 'context': '0. Le jour de mon anniversaire, j’ai un an de plus.'}",e920598f-774d-4e1c-a2dc-8fb9a6f3053f,35d7fe6b-3f88-46dc-ad76-8e5423e8362c,2024-11-25T09:48:21.200310+00:00,"{'source': '35d7fe6b-3f88-46dc-ad76-8e5423e8362c', 'selector': [{'startContainer': '/', 'endContainer': '/', 'startOffset': 118, 'endOffset': 120}]}"
6b6bcd91-c227-4eb8-bc16-cdd0bd8848e7,d3ce7764-eb85-4999-b965-c028f539ee33,1ecf29a6-9193-4a8b-9317-5dc319b94507,"{'text': 'an', 'context': '0. Le jour de mon anniversaire, j’ai un an de plus.'}",eb9a2239-5a6c-4da5-8957-af8a90d3e880,35d7fe6b-3f88-46dc-ad76-8e5423e8362c,2024-11-26T09:03:41.600059+00:00,"{'source': '35d7fe6b-3f88-46dc-ad76-8e5423e8362c', 'selector': [{'startContainer': '/', 'endContainer': '/', 'startOffset': 118, 'endOffset': 120}]}"
b86ba768-717e-4f10-b1d4-7ab2105b27db,default,0,"{'text': 'an', 'context': '0. Le jour de mon anniversaire, j’ai un an de plus.', 'proba': 0.9}",fe4bab23-b07f-4e52-ac3f-7391d5aef4fb,35d7fe6b-3f88-46dc-ad76-8e5423e8362c,2025-01-03T12:54:01.691517,"{'source': '35d7fe6b-3f88-46dc-ad76-8e5423e8362c', 'selector': [{'startContainer': '/', 'endContainer': '/', 'startOffset': 118, 'endOffset': 121}]}"
92f43c55-91d8-447b-bcb6-2ae30d2d91a6,d3ce7764-eb85-4999-b965-c028f539ee33,1ecf29a6-9193-4a8b-9317-5dc319b94507,"{'text': 'an', 'context': '0. Le jour de mon anniversaire, j’ai un an de plus.', 'proba': 0.9}",d34602e1-1664-42cb-b139-c5cb8bcfa2a0,35d7fe6b-3f88-46dc-ad76-8e5423e8362c,2024-11-25T11:16:54.360901+00:00,"{'source': '35d7fe6b-3f88-46dc-ad76-8e5423e8362c', 'selector': [{'startContainer': '/', 'endContainer': '/', 'startOffset': 118, 'endOffset': 121}]}"
723c3197-45b4-421b-a768-7b513f156d59,default,0,"{'text': 'ans', 'context': '1. Il a vingt ans.', 'proba': 1.0, 'process': 'reference word'}",fe4bab23-b07f-4e52-ac3f-7391d5aef4fb,35d7fe6b-3f88-46dc-ad76-8e5423e8362c,2025-01-03T12:54:01.691486,"{'source': '35d7fe6b-3f88-46dc-ad76-8e5423e8362c', 'selector': [{'startContainer': '/', 'endContainer': '/', 'startOffset': 242, 'endOffset': 245}]}"
52cb671b-2a80-432d-8a52-2bdafd3798f9,d3ce7764-eb85-4999-b965-c028f539ee33,1ecf29a6-9193-4a8b-9317-5dc319b94507,"{'text': 'ans', 'context': '1. Il a vingt ans.'}",e920598f-774d-4e1c-a2dc-8fb9a6f3053f,35d7fe6b-3f88-46dc-ad76-8e5423e8362c,2024-11-25T09:48:24.499893+00:00,"{'source': '35d7fe6b-3f88-46dc-ad76-8e5423e8362c', 'selector': [{'startContainer': '/', 'endContainer': '/', 'startOffset': 242, 'endOffset': 245}]}"
6df3e0a6-1b5e-4c71-96f2-90116f1acead,default,0,"{'text': 'alliances', 'context': '1. En temps de guerre, les Etats font des alliances pour s’aider et se soutenir entre eux.', 'proba': 1.0, 'process': 'reference word'}",fe4bab23-b07f-4e52-ac3f-7391d5aef4fb,3b3a7103-d6d5-41fd-999c-4a82a5932e1a,2025-01-03T12:54:01.691551,"{'source': '3b3a7103-d6d5-41fd-999c-4a82a5932e1a', 'selector': [{'startContainer': '/', 'endContainer': '/', 'startOffset': 272, 'endOffset': 282}]}"
1296f619-79a4-4bea-9a87-69f38b68b5de,d3ce7764-eb85-4999-b965-c028f539ee33,371a5d39-6e41-427f-8e1f-6bf64504e080,"{'text': 'alliances', 'context': '1. En temps de guerre, les Etats font des alliances pour s’aider et se soutenir entre eux.', 'proba': 1.0, 'process': 'reference word'}",d34602e1-1664-42cb-b139-c5cb8bcfa2a0,3b3a7103-d6d5-41fd-999c-4a82a5932e1a,2024-11-25T11:17:06.839529+00:00,"{'source': '3b3a7103-d6d5-41fd-999c-4a82a5932e1a', 'selector': [{'startContainer': '/', 'endContainer': '/', 'startOffset': 272, 'endOffset': 282}]}"
530c0a34-a93b-4797-bb64-7f0b723c954c,default,1,"{'text': 'alliance', 'context': '0. Une alliance est une bague de mariage.', 'proba': 0.1}",fe4bab23-b07f-4e52-ac3f-7391d5aef4fb,3b3a7103-d6d5-41fd-999c-4a82a5932e1a,2025-01-03T12:54:01.691582,"{'source': '3b3a7103-d6d5-41fd-999c-4a82a5932e1a', 'selector': [{'startContainer': '/', 'endContainer': '/', 'startOffset': 91, 'endOffset': 100}]}"
00279744-d66c-4309-9e84-92b2bbb20dc3,d3ce7764-eb85-4999-b965-c028f539ee33,371a5d39-6e41-427f-8e1f-6bf64504e080,"{'text': 'alliances', 'context': '1. En temps de guerre, les Etats font des alliances pour s’aider et se soutenir entre eux.'}",e920598f-774d-4e1c-a2dc-8fb9a6f3053f,3b3a7103-d6d5-41fd-999c-4a82a5932e1a,2024-11-25T09:48:31.138929+00:00,"{'source': '3b3a7103-d6d5-41fd-999c-4a82a5932e1a', 'selector': [{'startContainer': '/', 'endContainer': '/', 'startOffset': 272, 'endOffset': 281}]}"
05348d28-6862-4c47-b203-0e7f585aae36,default,0,"{'text': 'alliances', 'context': '1. En temps de guerre, les Etats font des alliances pour s’aider et se soutenir entre eux.', 'proba': 1.0, 'process': 'reference word'}",da26a09b-917d-4c13-953a-63d39bcac892,3b3a7103-d6d5-41fd-999c-4a82a5932e1a,2025-01-03T12:54:01.691551,"{'source': '3b3a7103-d6d5-41fd-999c-4a82a5932e1a', 'selector': [{'startContainer': '/', 'endContainer': '/', 'startOffset': 272, 'endOffset': 282}]}"
62a1c84d-b6ea-426e-a763-fcb766c49e3a,default,371a5d39-6e41-427f-8e1f-6bf64504e080,"{'text': 'alliances', 'context': '1. En temps de guerre, les Etats font des alliances pour s’aider et se soutenir entre eux.', 'proba': 1.0, 'process': 'reference word'}",84dcf943-f4b3-4886-a2d5-e0a3661cde64,3b3a7103-d6d5-41fd-999c-4a82a5932e1a,2025-01-03T12:54:01.691551,"{'source': '3b3a7103-d6d5-41fd-999c-4a82a5932e1a', 'selector': [{'startContainer': '/', 'endContainer': '/', 'startOffset': 272, 'endOffset': 282}]}"
73b77d19-3b2d-45d9-b33d-115ae366417d,default,1,"{'text': 'alliance', 'context': '0. Une alliance est une bague de mariage.', 'proba': 0.1}",da26a09b-917d-4c13-953a-63d39bcac892,3b3a7103-d6d5-41fd-999c-4a82a5932e1a,2025-01-03T12:54:01.691582,"{'source': '3b3a7103-d6d5-41fd-999c-4a82a5932e1a', 'selector': [{'startContainer': '/', 'endContainer': '/', 'startOffset': 91, 'endOffset': 100}]}"
38196a3e-41ea-4d3c-9768-493c7e9a9887,d3ce7764-eb85-4999-b965-c028f539ee33,1ecf29a6-9193-4a8b-9317-5dc319b94507,"{'text': 'alliance', 'context': '0. Une alliance est une bague de mariage.', 'proba': 0.1}",d34602e1-1664-42cb-b139-c5cb8bcfa2a0,3b3a7103-d6d5-41fd-999c-4a82a5932e1a,2024-11-25T11:17:04.392202+00:00,"{'source': '3b3a7103-d6d5-41fd-999c-4a82a5932e1a', 'selector': [{'startContainer': '/', 'endContainer': '/', 'startOffset': 91, 'endOffset': 100}]}"
8e88c932-8a4b-4b84-ab1f-96b3d2448534,d3ce7764-eb85-4999-b965-c028f539ee33,1ecf29a6-9193-4a8b-9317-5dc319b94507,"{'text': 'alliance', 'context': '0. Une alliance est une bague de mariage.'}",eb9a2239-5a6c-4da5-8957-af8a90d3e880,3b3a7103-d6d5-41fd-999c-4a82a5932e1a,2024-11-26T09:03:51.241416+00:00,"{'source': '3b3a7103-d6d5-41fd-999c-4a82a5932e1a', 'selector': [{'startContainer': '/', 'endContainer': '/', 'startOffset': 91, 'endOffset': 99}]}"
3419cceb-86a1-4c42-a400-c2cff74eb72c,default,1ecf29a6-9193-4a8b-9317-5dc319b94507,"{'text': 'alliance', 'context': '0. Une alliance est une bague de mariage.', 'proba': 0.1}",84dcf943-f4b3-4886-a2d5-e0a3661cde64,3b3a7103-d6d5-41fd-999c-4a82a5932e1a,2025-01-03T12:54:01.691582,"{'source': '3b3a7103-d6d5-41fd-999c-4a82a5932e1a', 'selector': [{'startContainer': '/', 'endContainer': '/', 'startOffset': 91, 'endOffset': 100}]}"
260fc0fb-8993-487c-905c-7b995469bff4,d3ce7764-eb85-4999-b965-c028f539ee33,371a5d39-6e41-427f-8e1f-6bf64504e080,"{'text': 'alliances', 'context': '1. En temps de guerre, les Etats font des alliances pour s’aider et se soutenir entre eux.'}",eb9a2239-5a6c-4da5-8957-af8a90d3e880,3b3a7103-d6d5-41fd-999c-4a82a5932e1a,2024-11-26T09:03:54.055708+00:00,"{'source': '3b3a7103-d6d5-41fd-999c-4a82a5932e1a', 'selector': [{'startContainer': '/', 'endContainer': '/', 'startOffset': 272, 'endOffset': 281}]}"
2b01e2e1-d76e-45ff-a93a-b31d0296602a,d3ce7764-eb85-4999-b965-c028f539ee33,1ecf29a6-9193-4a8b-9317-5dc319b94507,"{'text': 'alliance', 'context': '0. Une alliance est une bague de mariage.'}",e920598f-774d-4e1c-a2dc-8fb9a6f3053f,3b3a7103-d6d5-41fd-999c-4a82a5932e1a,2024-11-25T09:48:28.928774+00:00,"{'source': '3b3a7103-d6d5-41fd-999c-4a82a5932e1a', 'selector': [{'startContainer': '/', 'endContainer': '/', 'startOffset': 91, 'endOffset': 99}]}"
1a9b1b6a-7faf-4c6e-8d92-d51297523b6d,default,1ecf29a6-9193-4a8b-9317-5dc319b94507,"{'text': 'posé', 'context': ""1. Serge n'est pas venu au rendez-vous, il m'a posé un lapin."", 'proba': 1.0, 'process': 'reference word'}",84dcf943-f4b3-4886-a2d5-e0a3661cde64,6e5f71db-980f-4300-b462-ba98d91dfe06,2025-01-03T12:54:01.691649,"{'source': '6e5f71db-980f-4300-b462-ba98d91dfe06', 'selector': [{'startContainer': '/', 'endContainer': '/', 'startOffset': 332, 'endOffset': 337}]}"
7768bd14-2f0e-4fc2-9b3c-789b9a8f4556,d3ce7764-eb85-4999-b965-c028f539ee33,1ecf29a6-9193-4a8b-9317-5dc319b94507,"{'text': 'pose un lapin', 'context': ""0. C'est la dernière fois qu'il me pose un lapin, j'en ai marre de sortir pour rien.""}",eb9a2239-5a6c-4da5-8957-af8a90d3e880,6e5f71db-980f-4300-b462-ba98d91dfe06,2024-11-26T09:07:07.997056+00:00,"{'source': '6e5f71db-980f-4300-b462-ba98d91dfe06', 'selector': [{'startContainer': '/', 'endContainer': '/', 'startOffset': 125, 'endOffset': 138}]}"
2e80ddb9-ec14-4612-8248-707fc4663a93,default,0,"{'text': 'pose', 'context': ""0. C'est la dernière fois qu'il me pose un lapin, j'en ai marre de sortir pour rien."", 'proba': 0.95}",da26a09b-917d-4c13-953a-63d39bcac892,6e5f71db-980f-4300-b462-ba98d91dfe06,2025-01-03T12:54:01.691618,"{'source': '6e5f71db-980f-4300-b462-ba98d91dfe06', 'selector': [{'startContainer': '/', 'endContainer': '/', 'startOffset': 125, 'endOffset': 130}]}"
0f5753fd-9005-412e-82a7-ef262a238a81,default,0,"{'text': 'posé', 'context': ""1. Serge n'est pas venu au rendez-vous, il m'a posé un lapin."", 'proba': 1.0, 'process': 'reference word'}",fe4bab23-b07f-4e52-ac3f-7391d5aef4fb,6e5f71db-980f-4300-b462-ba98d91dfe06,2025-01-03T12:54:01.691649,"{'source': '6e5f71db-980f-4300-b462-ba98d91dfe06', 'selector': [{'startContainer': '/', 'endContainer': '/', 'startOffset': 332, 'endOffset': 337}]}"
528fbe83-9e69-4fc6-8cb2-16cb3dffdceb,default,0,"{'text': 'pose', 'context': ""0. C'est la dernière fois qu'il me pose un lapin, j'en ai marre de sortir pour rien."", 'proba': 0.95}",fe4bab23-b07f-4e52-ac3f-7391d5aef4fb,6e5f71db-980f-4300-b462-ba98d91dfe06,2025-01-03T12:54:01.691618,"{'source': '6e5f71db-980f-4300-b462-ba98d91dfe06', 'selector': [{'startContainer': '/', 'endContainer': '/', 'startOffset': 125, 'endOffset': 130}]}"
5ff33551-d01e-4fd7-b712-3e3ddf6d8bfd,d3ce7764-eb85-4999-b965-c028f539ee33,1ecf29a6-9193-4a8b-9317-5dc319b94507,"{'text': 'pose', 'context': ""0. C'est la dernière fois qu'il me pose un lapin, j'en ai marre de sortir pour rien."", 'proba': 0.95}",d34602e1-1664-42cb-b139-c5cb8bcfa2a0,6e5f71db-980f-4300-b462-ba98d91dfe06,2024-11-25T11:21:25.847754+00:00,"{'source': '6e5f71db-980f-4300-b462-ba98d91dfe06', 'selector': [{'startContainer': '/', 'endContainer': '/', 'startOffset': 125, 'endOffset': 130}]}"
c5c96b7c-f587-4f29-83b9-478e4c777deb,d3ce7764-eb85-4999-b965-c028f539ee33,1ecf29a6-9193-4a8b-9317-5dc319b94507,"{'text': 'pose un lapin', 'context': ""0. C'est la dernière fois qu'il me pose un lapin, j'en ai marre de sortir pour rien.""}",e920598f-774d-4e1c-a2dc-8fb9a6f3053f,6e5f71db-980f-4300-b462-ba98d91dfe06,2024-11-25T09:50:50.347769+00:00,"{'source': '6e5f71db-980f-4300-b462-ba98d91dfe06', 'selector': [{'startContainer': '/', 'endContainer': '/', 'startOffset': 125, 'endOffset': 138}]}"
4052a6fb-76f0-4693-9178-a84737f9bcea,d3ce7764-eb85-4999-b965-c028f539ee33,1ecf29a6-9193-4a8b-9317-5dc319b94507,"{'text': 'posé un lapin', 'context': ""1. Serge n'est pas venu au rendez-vous, il m'a posé un lapin.""}",e920598f-774d-4e1c-a2dc-8fb9a6f3053f,6e5f71db-980f-4300-b462-ba98d91dfe06,2024-11-25T09:50:54.262530+00:00,"{'source': '6e5f71db-980f-4300-b462-ba98d91dfe06', 'selector': [{'startContainer': '/', 'endContainer': '/', 'startOffset': 332, 'endOffset': 345}]}"
c655f586-9a30-4ccd-b822-a7bbbe226c8b,default,0,"{'text': 'posé', 'context': ""1. Serge n'est pas venu au rendez-vous, il m'a posé un lapin."", 'proba': 1.0, 'process': 'reference word'}",da26a09b-917d-4c13-953a-63d39bcac892,6e5f71db-980f-4300-b462-ba98d91dfe06,2025-01-03T12:54:01.691649,"{'source': '6e5f71db-980f-4300-b462-ba98d91dfe06', 'selector': [{'startContainer': '/', 'endContainer': '/', 'startOffset': 332, 'endOffset': 337}]}"
e4edc9aa-428b-4b10-8f67-e1599f4a6449,d3ce7764-eb85-4999-b965-c028f539ee33,1ecf29a6-9193-4a8b-9317-5dc319b94507,"{'text': 'posé un lapin', 'context': ""1. Serge n'est pas venu au rendez-vous, il m'a posé un lapin.""}",eb9a2239-5a6c-4da5-8957-af8a90d3e880,6e5f71db-980f-4300-b462-ba98d91dfe06,2024-11-26T09:07:11.480955+00:00,"{'source': '6e5f71db-980f-4300-b462-ba98d91dfe06', 'selector': [{'startContainer': '/', 'endContainer': '/', 'startOffset': 332, 'endOffset': 345}]}"
f450cdfe-42b5-43ab-910f-2b348e04ad34,default,1ecf29a6-9193-4a8b-9317-5dc319b94507,"{'text': 'pose', 'context': ""0. C'est la dernière fois qu'il me pose un lapin, j'en ai marre de sortir pour rien."", 'proba': 0.95}",84dcf943-f4b3-4886-a2d5-e0a3661cde64,6e5f71db-980f-4300-b462-ba98d91dfe06,2025-01-03T12:54:01.691618,"{'source': '6e5f71db-980f-4300-b462-ba98d91dfe06', 'selector': [{'startContainer': '/', 'endContainer': '/', 'startOffset': 125, 'endOffset': 130}]}"
53fddfbe-0cbb-43e8-8f04-21376a546e64,d3ce7764-eb85-4999-b965-c028f539ee33,1ecf29a6-9193-4a8b-9317-5dc319b94507,"{'text': 'posé', 'context': ""1. Serge n'est pas venu au rendez-vous, il m'a posé un lapin."", 'proba': 1.0, 'process': 'reference word'}",d34602e1-1664-42cb-b139-c5cb8bcfa2a0,6e5f71db-980f-4300-b462-ba98d91dfe06,2024-11-25T11:21:34.770963+00:00,"{'source': '6e5f71db-980f-4300-b462-ba98d91dfe06', 'selector': [{'startContainer': '/', 'endContainer': '/', 'startOffset': 332, 'endOffset': 337}]}"
2b5e5fc0-2aac-4b5f-a227-e77591e7ba75,default,1,"{'text': 'Alors que', 'context': '1. Alors que je me dirigeais vers la plage, mon téléphone a sonné.', 'proba': 0.3}",fe4bab23-b07f-4e52-ac3f-7391d5aef4fb,d4f4211e-e795-4efd-9ae9-d50f669a5044,2025-01-03T12:54:01.691715,"{'source': 'd4f4211e-e795-4efd-9ae9-d50f669a5044', 'selector': [{'startContainer': '/', 'endContainer': '/', 'startOffset': 259, 'endOffset': 268}]}"
a934ff67-10eb-4d4f-9788-e7a349a33461,d3ce7764-eb85-4999-b965-c028f539ee33,1ecf29a6-9193-4a8b-9317-5dc319b94507,"{'text': 'alors qu', 'context': ""0. Il veut absolument continuer la course alors qu'il est épuisé."", 'proba': 1.0, 'process': 'reference word'}",d34602e1-1664-42cb-b139-c5cb8bcfa2a0,d4f4211e-e795-4efd-9ae9-d50f669a5044,2024-11-25T11:27:13.193284+00:00,"{'source': 'd4f4211e-e795-4efd-9ae9-d50f669a5044', 'selector': [{'startContainer': '/', 'endContainer': '/', 'startOffset': 126, 'endOffset': 135}]}"
30a6dd1c-ce1f-4d1f-971a-821dbff8d84c,default,1ecf29a6-9193-4a8b-9317-5dc319b94507,"{'text': 'alors qu', 'context': ""0. Il veut absolument continuer la course alors qu'il est épuisé."", 'proba': 1.0, 'process': 'reference word'}",84dcf943-f4b3-4886-a2d5-e0a3661cde64,d4f4211e-e795-4efd-9ae9-d50f669a5044,2025-01-03T12:54:01.691684,"{'source': 'd4f4211e-e795-4efd-9ae9-d50f669a5044', 'selector': [{'startContainer': '/', 'endContainer': '/', 'startOffset': 126, 'endOffset': 135}]}"
37baddeb-cceb-40fa-9fce-282cbc981e24,default,0,"{'text': 'Alors que', 'context': '1. Alors que je me dirigeais vers la plage, mon téléphone a sonné.', 'proba': 0.3}",da26a09b-917d-4c13-953a-63d39bcac892,d4f4211e-e795-4efd-9ae9-d50f669a5044,2025-01-03T12:54:01.691715,"{'source': 'd4f4211e-e795-4efd-9ae9-d50f669a5044', 'selector': [{'startContainer': '/', 'endContainer': '/', 'startOffset': 259, 'endOffset': 268}]}"
01f2ecef-6e56-4b40-a8f7-4022c5c0b953,d3ce7764-eb85-4999-b965-c028f539ee33,1ecf29a6-9193-4a8b-9317-5dc319b94507,"{'text': 'alors qu', 'context': ""0. Il veut absolument continuer la course alors qu'il est épuisé.""}",eb9a2239-5a6c-4da5-8957-af8a90d3e880,d4f4211e-e795-4efd-9ae9-d50f669a5044,2024-11-26T09:15:08.993149+00:00,"{'source': 'd4f4211e-e795-4efd-9ae9-d50f669a5044', 'selector': [{'startContainer': '/', 'endContainer': '/', 'startOffset': 127, 'endOffset': 135}]}"
53eee4ed-3420-423c-8441-a107b9b3c21b,default,371a5d39-6e41-427f-8e1f-6bf64504e080,"{'text': 'Alors que', 'context': '1. Alors que je me dirigeais vers la plage, mon téléphone a sonné.', 'proba': 0.3}",84dcf943-f4b3-4886-a2d5-e0a3661cde64,d4f4211e-e795-4efd-9ae9-d50f669a5044,2025-01-03T12:54:01.691715,"{'source': 'd4f4211e-e795-4efd-9ae9-d50f669a5044', 'selector': [{'startContainer': '/', 'endContainer': '/', 'startOffset': 259, 'endOffset': 268}]}"
aaaedceb-2f60-454f-a3db-d5d9f44451be,d3ce7764-eb85-4999-b965-c028f539ee33,371a5d39-6e41-427f-8e1f-6bf64504e080,"{'text': 'Alors que', 'context': '1. Alors que je me dirigeais vers la plage, mon téléphone a sonné.', 'proba': 0.3}",d34602e1-1664-42cb-b139-c5cb8bcfa2a0,d4f4211e-e795-4efd-9ae9-d50f669a5044,2024-11-25T11:27:23.546235+00:00,"{'source': 'd4f4211e-e795-4efd-9ae9-d50f669a5044', 'selector': [{'startContainer': '/', 'endContainer': '/', 'startOffset': 259, 'endOffset': 268}]}"
bdf2c8ac-fc89-4372-8b28-502f5de9c08b,d3ce7764-eb85-4999-b965-c028f539ee33,371a5d39-6e41-427f-8e1f-6bf64504e080,"{'text': 'Alors que', 'context': '1. Alors que je me dirigeais vers la plage, mon téléphone a sonné.'}",eb9a2239-5a6c-4da5-8957-af8a90d3e880,d4f4211e-e795-4efd-9ae9-d50f669a5044,2024-11-26T09:15:15.060007+00:00,"{'source': 'd4f4211e-e795-4efd-9ae9-d50f669a5044', 'selector': [{'startContainer': '/', 'endContainer': '/', 'startOffset': 259, 'endOffset': 268}]}"
46a3fdcc-a02d-4dbd-8823-7efae962b262,default,0,"{'text': 'alors qu', 'context': ""0. Il veut absolument continuer la course alors qu'il est épuisé."", 'proba': 1.0, 'process': 'reference word'}",da26a09b-917d-4c13-953a-63d39bcac892,d4f4211e-e795-4efd-9ae9-d50f669a5044,2025-01-03T12:54:01.691684,"{'source': 'd4f4211e-e795-4efd-9ae9-d50f669a5044', 'selector': [{'startContainer': '/', 'endContainer': '/', 'startOffset': 126, 'endOffset': 135}]}"
2543d3c6-211f-42ad-9d2c-d8f5a51db080,d3ce7764-eb85-4999-b965-c028f539ee33,371a5d39-6e41-427f-8e1f-6bf64504e080,"{'text': 'Alors que', 'context': '1. Alors que je me dirigeais vers la plage, mon téléphone a sonné.'}",e920598f-774d-4e1c-a2dc-8fb9a6f3053f,d4f4211e-e795-4efd-9ae9-d50f669a5044,2024-11-25T10:17:40.252125+00:00,"{'source': 'd4f4211e-e795-4efd-9ae9-d50f669a5044', 'selector': [{'startContainer': '/', 'endContainer': '/', 'startOffset': 259, 'endOffset': 268}]}"
147bc539-6ec9-4824-9604-633d7591df68,default,0,"{'text': 'alors qu', 'context': ""0. Il veut absolument continuer la course alors qu'il est épuisé."", 'proba': 1.0, 'process': 'reference word'}",fe4bab23-b07f-4e52-ac3f-7391d5aef4fb,d4f4211e-e795-4efd-9ae9-d50f669a5044,2025-01-03T12:54:01.691684,"{'source': 'd4f4211e-e795-4efd-9ae9-d50f669a5044', 'selector': [{'startContainer': '/', 'endContainer': '/', 'startOffset': 126, 'endOffset': 135}]}"
d21f960f-9b8a-4d29-8cb3-9e2064b0c254,d3ce7764-eb85-4999-b965-c028f539ee33,371a5d39-6e41-427f-8e1f-6bf64504e080,"{'text': 'alors qu', 'context': ""0. Il veut absolument continuer la course alors qu'il est épuisé.""}",e920598f-774d-4e1c-a2dc-8fb9a6f3053f,d4f4211e-e795-4efd-9ae9-d50f669a5044,2024-11-25T10:17:54.548988+00:00,"{'source': 'd4f4211e-e795-4efd-9ae9-d50f669a5044', 'selector': [{'startContainer': '/', 'endContainer': '/', 'startOffset': 127, 'endOffset': 135}]}"
6ac19f2b-a037-4c94-a9d8-2439926e7e3a,default,1ecf29a6-9193-4a8b-9317-5dc319b94507,"{'text': 'Ce', 'context': '0. Ce matin, il faisait très beau, je suis partie au travail à pied.', 'proba': 1.0, 'process': 'reference word'}",84dcf943-f4b3-4886-a2d5-e0a3661cde64,d98ab2b0-b1ab-4a54-9057-42b63598244d,2025-01-03T12:54:01.691814,"{'source': 'd98ab2b0-b1ab-4a54-9057-42b63598244d', 'selector': [{'startContainer': '/', 'endContainer': '/', 'startOffset': 81, 'endOffset': 84}]}"
72430d6e-26d2-41ab-8054-e784455f9301,default,0,"{'text': 'Ce', 'context': '0. Ce matin, il faisait très beau, je suis partie au travail à pied.', 'proba': 1.0, 'process': 'reference word'}",fe4bab23-b07f-4e52-ac3f-7391d5aef4fb,d98ab2b0-b1ab-4a54-9057-42b63598244d,2025-01-03T12:54:01.691814,"{'source': 'd98ab2b0-b1ab-4a54-9057-42b63598244d', 'selector': [{'startContainer': '/', 'endContainer': '/', 'startOffset': 81, 'endOffset': 84}]}"
25296e7f-6a9f-4f12-bd14-ffdb263329c7,d3ce7764-eb85-4999-b965-c028f539ee33,1ecf29a6-9193-4a8b-9317-5dc319b94507,"{'text': 'Ce', 'context': '0. Ce matin, il faisait très beau, je suis partie au travail à pied.'}",e920598f-774d-4e1c-a2dc-8fb9a6f3053f,d98ab2b0-b1ab-4a54-9057-42b63598244d,2024-11-25T10:18:03.041134+00:00,"{'source': 'd98ab2b0-b1ab-4a54-9057-42b63598244d', 'selector': [{'startContainer': '/', 'endContainer': '/', 'startOffset': 81, 'endOffset': 83}]}"
543d34e8-c350-4af8-9aa5-d3044c169bf9,default,0,"{'text': 'Ce', 'context': '2. Ce livre est intéressant.', 'proba': 0.8}",fe4bab23-b07f-4e52-ac3f-7391d5aef4fb,d98ab2b0-b1ab-4a54-9057-42b63598244d,2025-01-03T12:54:01.691783,"{'source': 'd98ab2b0-b1ab-4a54-9057-42b63598244d', 'selector': [{'startContainer': '/', 'endContainer': '/', 'startOffset': 373, 'endOffset': 376}]}"
ec32d327-b3a0-41c3-9a70-383a1449e6e2,d3ce7764-eb85-4999-b965-c028f539ee33,1ecf29a6-9193-4a8b-9317-5dc319b94507,"{'text': 'Ce', 'context': '0. Ce matin, il faisait très beau, je suis partie au travail à pied.'}",eb9a2239-5a6c-4da5-8957-af8a90d3e880,d98ab2b0-b1ab-4a54-9057-42b63598244d,2024-11-26T09:15:25.029810+00:00,"{'source': 'd98ab2b0-b1ab-4a54-9057-42b63598244d', 'selector': [{'startContainer': '/', 'endContainer': '/', 'startOffset': 81, 'endOffset': 83}]}"
81ee896d-3332-43cf-8388-815e98e0ca4b,d3ce7764-eb85-4999-b965-c028f539ee33,1ecf29a6-9193-4a8b-9317-5dc319b94507,"{'text': 'Cette', 'context': '1. Cette maison est belle.', 'proba': 0.1}",d34602e1-1664-42cb-b139-c5cb8bcfa2a0,d98ab2b0-b1ab-4a54-9057-42b63598244d,2024-11-25T11:27:33.267080+00:00,"{'source': 'd98ab2b0-b1ab-4a54-9057-42b63598244d', 'selector': [{'startContainer': '/', 'endContainer': '/', 'startOffset': 248, 'endOffset': 254}]}"
016d55e3-b978-42ce-a8b3-52542d1d435e,d3ce7764-eb85-4999-b965-c028f539ee33,1ecf29a6-9193-4a8b-9317-5dc319b94507,"{'text': 'Ce', 'context': '2. Ce livre est intéressant.'}",e920598f-774d-4e1c-a2dc-8fb9a6f3053f,d98ab2b0-b1ab-4a54-9057-42b63598244d,2024-11-25T10:18:06.784291+00:00,"{'source': 'd98ab2b0-b1ab-4a54-9057-42b63598244d', 'selector': [{'startContainer': '/', 'endContainer': '/', 'startOffset': 373, 'endOffset': 375}]}"
a2689d88-7169-4bfb-9f89-9b5050855c89,d3ce7764-eb85-4999-b965-c028f539ee33,1ecf29a6-9193-4a8b-9317-5dc319b94507,"{'text': 'Ce', 'context': '2. Ce livre est intéressant.'}",eb9a2239-5a6c-4da5-8957-af8a90d3e880,d98ab2b0-b1ab-4a54-9057-42b63598244d,2024-11-26T09:15:30.498046+00:00,"{'source': 'd98ab2b0-b1ab-4a54-9057-42b63598244d', 'selector': [{'startContainer': '/', 'endContainer': '/', 'startOffset': 373, 'endOffset': 375}]}"
2460d655-14d7-4c9a-8c03-39807b92c7d2,default,1,"{'text': 'Cette', 'context': '1. Cette maison est belle.', 'proba': 0.1}",da26a09b-917d-4c13-953a-63d39bcac892,d98ab2b0-b1ab-4a54-9057-42b63598244d,2025-01-03T12:54:01.691751,"{'source': 'd98ab2b0-b1ab-4a54-9057-42b63598244d', 'selector': [{'startContainer': '/', 'endContainer': '/', 'startOffset': 248, 'endOffset': 254}]}"
75abf122-3788-4bd1-b04c-918db1b51bba,default,2,"{'text': 'Ce', 'context': '2. Ce livre est intéressant.', 'proba': 0.8}",da26a09b-917d-4c13-953a-63d39bcac892,d98ab2b0-b1ab-4a54-9057-42b63598244d,2025-01-03T12:54:01.691783,"{'source': 'd98ab2b0-b1ab-4a54-9057-42b63598244d', 'selector': [{'startContainer': '/', 'endContainer': '/', 'startOffset': 373, 'endOffset': 376}]}"
bac99458-7ddf-4780-9a2d-cf64402b16b5,d3ce7764-eb85-4999-b965-c028f539ee33,1ecf29a6-9193-4a8b-9317-5dc319b94507,"{'text': 'Ce', 'context': '2. Ce livre est intéressant.', 'proba': 0.8}",d34602e1-1664-42cb-b139-c5cb8bcfa2a0,d98ab2b0-b1ab-4a54-9057-42b63598244d,2024-11-25T11:27:36.180760+00:00,"{'source': 'd98ab2b0-b1ab-4a54-9057-42b63598244d', 'selector': [{'startContainer': '/', 'endContainer': '/', 'startOffset': 373, 'endOffset': 376}]}"
32eafe48-700a-4565-876f-e907de9dee8f,d3ce7764-eb85-4999-b965-c028f539ee33,1ecf29a6-9193-4a8b-9317-5dc319b94507,"{'text': 'Cette', 'context': '1. Cette maison est belle.'}",eb9a2239-5a6c-4da5-8957-af8a90d3e880,d98ab2b0-b1ab-4a54-9057-42b63598244d,2024-11-26T09:15:28.360617+00:00,"{'source': 'd98ab2b0-b1ab-4a54-9057-42b63598244d', 'selector': [{'startContainer': '/', 'endContainer': '/', 'startOffset': 248, 'endOffset': 253}]}"
5161f8f9-9098-4e4f-b335-d6f3f3d3963b,default,1ecf29a6-9193-4a8b-9317-5dc319b94507,"{'text': 'Cette', 'context': '1. Cette maison est belle.', 'proba': 0.1}",84dcf943-f4b3-4886-a2d5-e0a3661cde64,d98ab2b0-b1ab-4a54-9057-42b63598244d,2025-01-03T12:54:01.691751,"{'source': 'd98ab2b0-b1ab-4a54-9057-42b63598244d', 'selector': [{'startContainer': '/', 'endContainer': '/', 'startOffset': 248, 'endOffset': 254}]}"
68a4e3d5-e7b1-4070-922b-79e7774078a1,default,1,"{'text': 'Cette', 'context': '1. Cette maison est belle.', 'proba': 0.1}",fe4bab23-b07f-4e52-ac3f-7391d5aef4fb,d98ab2b0-b1ab-4a54-9057-42b63598244d,2025-01-03T12:54:01.691751,"{'source': 'd98ab2b0-b1ab-4a54-9057-42b63598244d', 'selector': [{'startContainer': '/', 'endContainer': '/', 'startOffset': 248, 'endOffset': 254}]}"
e182bcfe-beb0-49dc-960c-1f0ce94e1464,default,0,"{'text': 'Ce', 'context': '0. Ce matin, il faisait très beau, je suis partie au travail à pied.', 'proba': 1.0, 'process': 'reference word'}",da26a09b-917d-4c13-953a-63d39bcac892,d98ab2b0-b1ab-4a54-9057-42b63598244d,2025-01-03T12:54:01.691814,"{'source': 'd98ab2b0-b1ab-4a54-9057-42b63598244d', 'selector': [{'startContainer': '/', 'endContainer': '/', 'startOffset': 81, 'endOffset': 84}]}"
853858b4-c430-4868-833a-775219a89c6f,d3ce7764-eb85-4999-b965-c028f539ee33,1ecf29a6-9193-4a8b-9317-5dc319b94507,"{'text': 'Ce', 'context': '0. Ce matin, il faisait très beau, je suis partie au travail à pied.', 'proba': 1.0, 'process': 'reference word'}",d34602e1-1664-42cb-b139-c5cb8bcfa2a0,d98ab2b0-b1ab-4a54-9057-42b63598244d,2024-11-25T11:27:31.465565+00:00,"{'source': 'd98ab2b0-b1ab-4a54-9057-42b63598244d', 'selector': [{'startContainer': '/', 'endContainer': '/', 'startOffset': 81, 'endOffset': 84}]}"
6e4cae72-5716-4890-b130-e776492df53d,default,1ecf29a6-9193-4a8b-9317-5dc319b94507,"{'text': 'Ce', 'context': '2. Ce livre est intéressant.', 'proba': 0.8}",84dcf943-f4b3-4886-a2d5-e0a3661cde64,d98ab2b0-b1ab-4a54-9057-42b63598244d,2025-01-03T12:54:01.691783,"{'source': 'd98ab2b0-b1ab-4a54-9057-42b63598244d', 'selector': [{'startContainer': '/', 'endContainer': '/', 'startOffset': 373, 'endOffset': 376}]}"
b687d6cd-f9f8-4eb8-831c-02e6907f0763,d3ce7764-eb85-4999-b965-c028f539ee33,1ecf29a6-9193-4a8b-9317-5dc319b94507,"{'text': 'Cette', 'context': '1. Cette maison est belle.'}",e920598f-774d-4e1c-a2dc-8fb9a6f3053f,d98ab2b0-b1ab-4a54-9057-42b63598244d,2024-11-25T10:18:06.764061+00:00,"{'source': 'd98ab2b0-b1ab-4a54-9057-42b63598244d', 'selector': [{'startContainer': '/', 'endContainer': '/', 'startOffset': 248, 'endOffset': 253}]}"
3dc18dfd-30dc-4406-91e8-d25777eace01,d3ce7764-eb85-4999-b965-c028f539ee33,1ecf29a6-9193-4a8b-9317-5dc319b94507,"{'text': 'plein', 'context': ""1. Le verre est plein d'eau.""}",eb9a2239-5a6c-4da5-8957-af8a90d3e880,f4d044ea-e313-4d5e-b9b9-4914b359fdad,2024-11-26T09:16:53.971890+00:00,"{'source': 'f4d044ea-e313-4d5e-b9b9-4914b359fdad', 'selector': [{'startContainer': '/', 'endContainer': '/', 'startOffset': 227, 'endOffset': 232}]}"
c7ecc277-9d7c-47a9-8fc8-287879b03e54,default,1ecf29a6-9193-4a8b-9317-5dc319b94507,"{'text': 'plein', 'context': ""0. Le verre est plein d'eau."", 'proba': 1.0, 'process': 'reference word'}",84dcf943-f4b3-4886-a2d5-e0a3661cde64,f4d044ea-e313-4d5e-b9b9-4914b359fdad,2025-01-03T12:54:01.691848,"{'source': 'f4d044ea-e313-4d5e-b9b9-4914b359fdad', 'selector': [{'startContainer': '/', 'endContainer': '/', 'startOffset': 97, 'endOffset': 103}]}"
1b2461a8-5ad8-49ce-812c-dac96ddbc0fb,default,1ecf29a6-9193-4a8b-9317-5dc319b94507,"{'text': 'plein', 'context': ""1. Le verre est plein d'eau."", 'proba': 1.0}",84dcf943-f4b3-4886-a2d5-e0a3661cde64,f4d044ea-e313-4d5e-b9b9-4914b359fdad,2025-01-03T12:54:01.691898,"{'source': 'f4d044ea-e313-4d5e-b9b9-4914b359fdad', 'selector': [{'startContainer': '/', 'endContainer': '/', 'startOffset': 227, 'endOffset': 233}]}"
68834f32-d7cd-4c2e-bba1-a2dec5bdf07b,d3ce7764-eb85-4999-b965-c028f539ee33,1ecf29a6-9193-4a8b-9317-5dc319b94507,"{'text': 'plein', 'context': ""0. Le verre est plein d'eau."", 'proba': 1.0, 'process': 'reference word'}",d34602e1-1664-42cb-b139-c5cb8bcfa2a0,f4d044ea-e313-4d5e-b9b9-4914b359fdad,2024-11-25T11:29:31.058829+00:00,"{'source': 'f4d044ea-e313-4d5e-b9b9-4914b359fdad', 'selector': [{'startContainer': '/', 'endContainer': '/', 'startOffset': 97, 'endOffset': 103}]}"
64a3e2f3-449b-4884-8eb3-392918fb1b5f,default,0,"{'text': 'plein', 'context': ""1. Le verre est plein d'eau."", 'proba': 1.0}",fe4bab23-b07f-4e52-ac3f-7391d5aef4fb,f4d044ea-e313-4d5e-b9b9-4914b359fdad,2025-01-03T12:54:01.691898,"{'source': 'f4d044ea-e313-4d5e-b9b9-4914b359fdad', 'selector': [{'startContainer': '/', 'endContainer': '/', 'startOffset': 227, 'endOffset': 233}]}"
a497f570-e6ee-4fa4-be4d-0bebaa017324,default,0,"{'text': 'plein', 'context': ""1. Le verre est plein d'eau."", 'proba': 1.0}",da26a09b-917d-4c13-953a-63d39bcac892,f4d044ea-e313-4d5e-b9b9-4914b359fdad,2025-01-03T12:54:01.691898,"{'source': 'f4d044ea-e313-4d5e-b9b9-4914b359fdad', 'selector': [{'startContainer': '/', 'endContainer': '/', 'startOffset': 227, 'endOffset': 233}]}"
32e386a7-e951-4d27-bcf5-be84a9b3ae02,default,0,"{'text': 'plein', 'context': ""0. Le verre est plein d'eau."", 'proba': 1.0, 'process': 'reference word'}",da26a09b-917d-4c13-953a-63d39bcac892,f4d044ea-e313-4d5e-b9b9-4914b359fdad,2025-01-03T12:54:01.691848,"{'source': 'f4d044ea-e313-4d5e-b9b9-4914b359fdad', 'selector': [{'startContainer': '/', 'endContainer': '/', 'startOffset': 97, 'endOffset': 103}]}"
b7bbd68e-dc9c-4998-81eb-4a3aa6dcb3df,d3ce7764-eb85-4999-b965-c028f539ee33,1ecf29a6-9193-4a8b-9317-5dc319b94507,"{'text': 'plein', 'context': ""0. Le verre est plein d'eau.""}",e920598f-774d-4e1c-a2dc-8fb9a6f3053f,f4d044ea-e313-4d5e-b9b9-4914b359fdad,2024-11-25T10:19:26.410247+00:00,"{'source': 'f4d044ea-e313-4d5e-b9b9-4914b359fdad', 'selector': [{'startContainer': '/', 'endContainer': '/', 'startOffset': 97, 'endOffset': 102}]}"
b1b0a578-5860-4320-b19b-046a293f414f,d3ce7764-eb85-4999-b965-c028f539ee33,1ecf29a6-9193-4a8b-9317-5dc319b94507,"{'text': 'plein', 'context': ""1. Le verre est plein d'eau.""}",e920598f-774d-4e1c-a2dc-8fb9a6f3053f,f4d044ea-e313-4d5e-b9b9-4914b359fdad,2024-11-25T10:19:27.851450+00:00,"{'source': 'f4d044ea-e313-4d5e-b9b9-4914b359fdad', 'selector': [{'startContainer': '/', 'endContainer': '/', 'startOffset': 227, 'endOffset': 232}]}"
79a6abaf-be30-40a2-93a0-b626cfd9a92f,d3ce7764-eb85-4999-b965-c028f539ee33,1ecf29a6-9193-4a8b-9317-5dc319b94507,"{'text': 'plein', 'context': ""1. Le verre est plein d'eau."", 'proba': 1.0}",d34602e1-1664-42cb-b139-c5cb8bcfa2a0,f4d044ea-e313-4d5e-b9b9-4914b359fdad,2024-11-25T11:29:32.536143+00:00,"{'source': 'f4d044ea-e313-4d5e-b9b9-4914b359fdad', 'selector': [{'startContainer': '/', 'endContainer': '/', 'startOffset': 227, 'endOffset': 233}]}"
f11d4122-662a-4f2f-8793-aee914908968,d3ce7764-eb85-4999-b965-c028f539ee33,1ecf29a6-9193-4a8b-9317-5dc319b94507,"{'text': 'plein', 'context': ""0. Le verre est plein d'eau.""}",eb9a2239-5a6c-4da5-8957-af8a90d3e880,f4d044ea-e313-4d5e-b9b9-4914b359fdad,2024-11-26T09:16:51.712411+00:00,"{'source': 'f4d044ea-e313-4d5e-b9b9-4914b359fdad', 'selector': [{'startContainer': '/', 'endContainer': '/', 'startOffset': 97, 'endOffset': 102}]}"
794a2f18-b440-4b77-9bf9-ce7935df1478,default,0,"{'text': 'plein', 'context': ""0. Le verre est plein d'eau."", 'proba': 1.0, 'process': 'reference word'}",fe4bab23-b07f-4e52-ac3f-7391d5aef4fb,f4d044ea-e313-4d5e-b9b9-4914b359fdad,2025-01-03T12:54:01.691848,"{'source': 'f4d044ea-e313-4d5e-b9b9-4914b359fdad', 'selector': [{'startContainer': '/', 'endContainer': '/', 'startOffset': 97, 'endOffset': 103}]}"
44d84a71-ace8-4f7d-8de7-7a0505b5bd9b,d3ce7764-eb85-4999-b965-c028f539ee33,1ecf29a6-9193-4a8b-9317-5dc319b94507,"{'text': 'mûres', 'context': '0. Quand les pommes sont mûres, elles tombent de l’arbre.', 'proba': 1.0, 'process': 'reference word'}",d34602e1-1664-42cb-b139-c5cb8bcfa2a0,6de54b07-0ef3-46ae-9019-1410a3de167d,2024-11-25T11:20:56.416794+00:00,"{'source': '6de54b07-0ef3-46ae-9019-1410a3de167d', 'selector': [{'startContainer': '/', 'endContainer': '/', 'startOffset': 104, 'endOffset': 109}]}"
6ce01fbe-f08b-46b2-9595-c97ee80ce8ea,default,0,"{'text': 'mûres', 'context': '0. Quand les pommes sont mûres, elles tombent de l’arbre.', 'proba': 1.0, 'process': 'reference word'}",da26a09b-917d-4c13-953a-63d39bcac892,6de54b07-0ef3-46ae-9019-1410a3de167d,2025-01-03T12:54:01.691947,"{'source': '6de54b07-0ef3-46ae-9019-1410a3de167d', 'selector': [{'startContainer': '/', 'endContainer': '/', 'startOffset': 104, 'endOffset': 109}]}"
b9908f13-71cd-4243-a7e6-b7ed1505deee,d3ce7764-eb85-4999-b965-c028f539ee33,1ecf29a6-9193-4a8b-9317-5dc319b94507,"{'text': 'mûres', 'context': '0. Quand les pommes sont mûres, elles tombent de l’arbre.'}",eb9a2239-5a6c-4da5-8957-af8a90d3e880,6de54b07-0ef3-46ae-9019-1410a3de167d,2024-11-26T09:06:51.957291+00:00,"{'source': '6de54b07-0ef3-46ae-9019-1410a3de167d', 'selector': [{'startContainer': '/', 'endContainer': '/', 'startOffset': 104, 'endOffset': 109}]}"
491685f6-e9ee-4481-950c-dbaedc78f806,default,0,"{'text': 'mûres', 'context': '0. Quand les pommes sont mûres, elles tombent de l’arbre.', 'proba': 1.0, 'process': 'reference word'}",fe4bab23-b07f-4e52-ac3f-7391d5aef4fb,6de54b07-0ef3-46ae-9019-1410a3de167d,2025-01-03T12:54:01.691947,"{'source': '6de54b07-0ef3-46ae-9019-1410a3de167d', 'selector': [{'startContainer': '/', 'endContainer': '/', 'startOffset': 104, 'endOffset': 109}]}"
fd027c1a-3d37-49ea-aa2f-ef35dbbcf423,d3ce7764-eb85-4999-b965-c028f539ee33,1ecf29a6-9193-4a8b-9317-5dc319b94507,"{'text': 'mûr', 'context': '1. Après deux heures de négociation, le directeur est mûr pour signer le contrat.'}",e920598f-774d-4e1c-a2dc-8fb9a6f3053f,6de54b07-0ef3-46ae-9019-1410a3de167d,2024-11-25T09:50:40.997232+00:00,"{'source': '6de54b07-0ef3-46ae-9019-1410a3de167d', 'selector': [{'startContainer': '/', 'endContainer': '/', 'startOffset': 290, 'endOffset': 293}]}"
efd18de1-2d27-483f-b07a-403debd1a9a9,default,1ecf29a6-9193-4a8b-9317-5dc319b94507,"{'text': 'mûres', 'context': '0. Quand les pommes sont mûres, elles tombent de l’arbre.', 'proba': 1.0, 'process': 'reference word'}",84dcf943-f4b3-4886-a2d5-e0a3661cde64,6de54b07-0ef3-46ae-9019-1410a3de167d,2025-01-03T12:54:01.691947,"{'source': '6de54b07-0ef3-46ae-9019-1410a3de167d', 'selector': [{'startContainer': '/', 'endContainer': '/', 'startOffset': 104, 'endOffset': 109}]}"
dce1e0dd-a52e-4520-bbd6-af3f39c10f98,default,1,"{'text': 'mûr', 'context': '1. Après deux heures de négociation, le directeur est mûr pour signer le contrat.', 'proba': 0.2}",fe4bab23-b07f-4e52-ac3f-7391d5aef4fb,6de54b07-0ef3-46ae-9019-1410a3de167d,2025-01-03T12:54:01.692019,"{'source': '6de54b07-0ef3-46ae-9019-1410a3de167d', 'selector': [{'startContainer': '/', 'endContainer': '/', 'startOffset': 290, 'endOffset': 293}]}"
9f726279-8810-4a28-bda9-be23b9e046e3,default,1,"{'text': 'mûr', 'context': '1. Après deux heures de négociation, le directeur est mûr pour signer le contrat.', 'proba': 0.2}",da26a09b-917d-4c13-953a-63d39bcac892,6de54b07-0ef3-46ae-9019-1410a3de167d,2025-01-03T12:54:01.692019,"{'source': '6de54b07-0ef3-46ae-9019-1410a3de167d', 'selector': [{'startContainer': '/', 'endContainer': '/', 'startOffset': 290, 'endOffset': 293}]}"
91fb73fa-3c8b-42b8-97e7-2b6d0c5cb312,d3ce7764-eb85-4999-b965-c028f539ee33,1ecf29a6-9193-4a8b-9317-5dc319b94507,"{'text': 'mûres', 'context': '0. Quand les pommes sont mûres, elles tombent de l’arbre.'}",e920598f-774d-4e1c-a2dc-8fb9a6f3053f,6de54b07-0ef3-46ae-9019-1410a3de167d,2024-11-25T09:50:38.938661+00:00,"{'source': '6de54b07-0ef3-46ae-9019-1410a3de167d', 'selector': [{'startContainer': '/', 'endContainer': '/', 'startOffset': 104, 'endOffset': 109}]}"
1403a068-6247-4540-9d76-00c2068cb01d,default,371a5d39-6e41-427f-8e1f-6bf64504e080,"{'text': 'mûr', 'context': '1. Après deux heures de négociation, le directeur est mûr pour signer le contrat.', 'proba': 0.2}",84dcf943-f4b3-4886-a2d5-e0a3661cde64,6de54b07-0ef3-46ae-9019-1410a3de167d,2025-01-03T12:54:01.692019,"{'source': '6de54b07-0ef3-46ae-9019-1410a3de167d', 'selector': [{'startContainer': '/', 'endContainer': '/', 'startOffset': 290, 'endOffset': 293}]}"
4512c2bc-a37b-4333-9575-7abd8f0d6fa8,d3ce7764-eb85-4999-b965-c028f539ee33,371a5d39-6e41-427f-8e1f-6bf64504e080,"{'text': 'mûr', 'context': '1. Après deux heures de négociation, le directeur est mûr pour signer le contrat.'}",eb9a2239-5a6c-4da5-8957-af8a90d3e880,6de54b07-0ef3-46ae-9019-1410a3de167d,2024-11-26T09:06:55.054386+00:00,"{'source': '6de54b07-0ef3-46ae-9019-1410a3de167d', 'selector': [{'startContainer': '/', 'endContainer': '/', 'startOffset': 290, 'endOffset': 293}]}"
f36c6233-4805-4bdd-95b1-a46a52772169,d3ce7764-eb85-4999-b965-c028f539ee33,371a5d39-6e41-427f-8e1f-6bf64504e080,"{'text': 'mûr', 'context': '1. Après deux heures de négociation, le directeur est mûr pour signer le contrat.', 'proba': 0.2}",d34602e1-1664-42cb-b139-c5cb8bcfa2a0,6de54b07-0ef3-46ae-9019-1410a3de167d,2024-12-27T08:26:07.864855+00:00,"{'source': '6de54b07-0ef3-46ae-9019-1410a3de167d', 'selector': [{'startContainer': '/', 'endContainer': '/', 'startOffset': 290, 'endOffset': 293}]}"
36a71205-ef5b-4df0-a1f9-bf6d3654cbe7,default,0,"{'text': 'grand', 'context': '0. Mon fils est très grand, il mesure un mètre quatre-vingt dix.', 'proba': 0.8}",fe4bab23-b07f-4e52-ac3f-7391d5aef4fb,cc80a5a9-7d77-4847-b77b-b1bb885ad055,2025-01-03T12:54:01.692103,"{'source': 'cc80a5a9-7d77-4847-b77b-b1bb885ad055', 'selector': [{'startContainer': '/', 'endContainer': '/', 'startOffset': 102, 'endOffset': 107}]}"
4f7eb58e-5afd-446b-99e8-ae7c8a5cfb02,default,0,"{'text': 'grande', 'context': '1. La maison est très grande.', 'proba': 1.0, 'process': 'reference word'}",da26a09b-917d-4c13-953a-63d39bcac892,cc80a5a9-7d77-4847-b77b-b1bb885ad055,2025-01-03T12:54:01.692171,"{'source': 'cc80a5a9-7d77-4847-b77b-b1bb885ad055', 'selector': [{'startContainer': '/', 'endContainer': '/', 'startOffset': 269, 'endOffset': 275}]}"
8716ec19-787e-48fe-bf18-c82d10962f96,default,1ecf29a6-9193-4a8b-9317-5dc319b94507,"{'text': 'grande', 'context': '1. La maison est très grande.', 'proba': 1.0, 'process': 'reference word'}",84dcf943-f4b3-4886-a2d5-e0a3661cde64,cc80a5a9-7d77-4847-b77b-b1bb885ad055,2025-01-03T12:54:01.692171,"{'source': 'cc80a5a9-7d77-4847-b77b-b1bb885ad055', 'selector': [{'startContainer': '/', 'endContainer': '/', 'startOffset': 269, 'endOffset': 275}]}"
cf331f1e-4217-43b0-b725-5d8f2f8ebd82,d3ce7764-eb85-4999-b965-c028f539ee33,1ecf29a6-9193-4a8b-9317-5dc319b94507,"{'text': 'grande', 'context': '1. La maison est très grande.'}",eb9a2239-5a6c-4da5-8957-af8a90d3e880,cc80a5a9-7d77-4847-b77b-b1bb885ad055,2024-11-26T09:13:30.834817+00:00,"{'source': 'cc80a5a9-7d77-4847-b77b-b1bb885ad055', 'selector': [{'startContainer': '/', 'endContainer': '/', 'startOffset': 269, 'endOffset': 275}]}"
73617dea-8732-4d3b-ba5f-6f829a5fb50d,default,0,"{'text': 'grande', 'context': '1. La maison est très grande.', 'proba': 1.0, 'process': 'reference word'}",fe4bab23-b07f-4e52-ac3f-7391d5aef4fb,cc80a5a9-7d77-4847-b77b-b1bb885ad055,2025-01-03T12:54:01.692171,"{'source': 'cc80a5a9-7d77-4847-b77b-b1bb885ad055', 'selector': [{'startContainer': '/', 'endContainer': '/', 'startOffset': 269, 'endOffset': 275}]}"
eb32f5e8-1597-43f1-a14f-79a74cbc0c81,d3ce7764-eb85-4999-b965-c028f539ee33,1ecf29a6-9193-4a8b-9317-5dc319b94507,"{'text': 'grand', 'context': '0. Mon fils est très grand, il mesure un mètre quatre-vingt dix.'}",eb9a2239-5a6c-4da5-8957-af8a90d3e880,cc80a5a9-7d77-4847-b77b-b1bb885ad055,2024-11-26T09:13:28.248374+00:00,"{'source': 'cc80a5a9-7d77-4847-b77b-b1bb885ad055', 'selector': [{'startContainer': '/', 'endContainer': '/', 'startOffset': 102, 'endOffset': 107}]}"
a9535e48-1dfb-4558-ac0f-c3ec9042042c,d3ce7764-eb85-4999-b965-c028f539ee33,1ecf29a6-9193-4a8b-9317-5dc319b94507,"{'text': 'grand', 'context': '0. Mon fils est très grand, il mesure un mètre quatre-vingt dix.', 'proba': 0.8}",d34602e1-1664-42cb-b139-c5cb8bcfa2a0,cc80a5a9-7d77-4847-b77b-b1bb885ad055,2024-11-25T11:25:45.790629+00:00,"{'source': 'cc80a5a9-7d77-4847-b77b-b1bb885ad055', 'selector': [{'startContainer': '/', 'endContainer': '/', 'startOffset': 102, 'endOffset': 107}]}"
62233d0b-a218-4a31-992b-a1a9a4050761,d3ce7764-eb85-4999-b965-c028f539ee33,1ecf29a6-9193-4a8b-9317-5dc319b94507,"{'text': 'grande', 'context': '1. La maison est très grande.'}",e920598f-774d-4e1c-a2dc-8fb9a6f3053f,cc80a5a9-7d77-4847-b77b-b1bb885ad055,2024-11-25T10:16:34.317261+00:00,"{'source': 'cc80a5a9-7d77-4847-b77b-b1bb885ad055', 'selector': [{'startContainer': '/', 'endContainer': '/', 'startOffset': 269, 'endOffset': 275}]}"
68515181-9a4f-4b40-9fcf-5eca1f35fa00,d3ce7764-eb85-4999-b965-c028f539ee33,1ecf29a6-9193-4a8b-9317-5dc319b94507,"{'text': 'grande', 'context': '1. La maison est très grande.', 'proba': 1.0, 'process': 'reference word'}",d34602e1-1664-42cb-b139-c5cb8bcfa2a0,cc80a5a9-7d77-4847-b77b-b1bb885ad055,2024-11-25T11:25:49.261285+00:00,"{'source': 'cc80a5a9-7d77-4847-b77b-b1bb885ad055', 'selector': [{'startContainer': '/', 'endContainer': '/', 'startOffset': 269, 'endOffset': 275}]}"
b7a4ccc6-5fa8-4a92-824f-a5c0166f8eed,default,0,"{'text': 'grand', 'context': '0. Mon fils est très grand, il mesure un mètre quatre-vingt dix.', 'proba': 0.8}",da26a09b-917d-4c13-953a-63d39bcac892,cc80a5a9-7d77-4847-b77b-b1bb885ad055,2025-01-03T12:54:01.692103,"{'source': 'cc80a5a9-7d77-4847-b77b-b1bb885ad055', 'selector': [{'startContainer': '/', 'endContainer': '/', 'startOffset': 102, 'endOffset': 107}]}"
d16950db-3070-4417-a551-2cc8ab60738b,default,1ecf29a6-9193-4a8b-9317-5dc319b94507,"{'text': 'grand', 'context': '0. Mon fils est très grand, il mesure un mètre quatre-vingt dix.', 'proba': 0.8}",84dcf943-f4b3-4886-a2d5-e0a3661cde64,cc80a5a9-7d77-4847-b77b-b1bb885ad055,2025-01-03T12:54:01.692103,"{'source': 'cc80a5a9-7d77-4847-b77b-b1bb885ad055', 'selector': [{'startContainer': '/', 'endContainer': '/', 'startOffset': 102, 'endOffset': 107}]}"
719fa86c-9b04-47f7-b749-099b1862dbf9,d3ce7764-eb85-4999-b965-c028f539ee33,1ecf29a6-9193-4a8b-9317-5dc319b94507,"{'text': 'grand', 'context': '0. Mon fils est très grand, il mesure un mètre quatre-vingt dix.'}",e920598f-774d-4e1c-a2dc-8fb9a6f3053f,cc80a5a9-7d77-4847-b77b-b1bb885ad055,2024-11-25T10:16:32.769744+00:00,"{'source': 'cc80a5a9-7d77-4847-b77b-b1bb885ad055', 'selector': [{'startContainer': '/', 'endContainer': '/', 'startOffset': 102, 'endOffset': 107}]}"
ccd48f2b-bdb3-491c-ba1f-22dca9fca3e8,default,0,"{'text': 'frais', 'context': '0. Il fait frais ce matin, je vais prendre un gilet.', 'proba': 1.0, 'process': 'reference word'}",fe4bab23-b07f-4e52-ac3f-7391d5aef4fb,e7aeac9e-9620-408c-a446-3fd706280bdf,2025-01-03T12:54:01.692243,"{'source': 'e7aeac9e-9620-408c-a446-3fd706280bdf', 'selector': [{'startContainer': '/', 'endContainer': '/', 'startOffset': 92, 'endOffset': 98}]}"
0ccef131-71a9-4f27-b843-a0e407ef9b6a,d3ce7764-eb85-4999-b965-c028f539ee33,1ecf29a6-9193-4a8b-9317-5dc319b94507,"{'text': 'frais', 'context': '0. Il fait frais ce matin, je vais prendre un gilet.', 'proba': 1.0, 'process': 'reference word'}",d34602e1-1664-42cb-b139-c5cb8bcfa2a0,e7aeac9e-9620-408c-a446-3fd706280bdf,2024-11-25T11:28:35.835386+00:00,"{'source': 'e7aeac9e-9620-408c-a446-3fd706280bdf', 'selector': [{'startContainer': '/', 'endContainer': '/', 'startOffset': 92, 'endOffset': 98}]}"
4f4f4b4f-b990-4ac1-9a3e-7260f7a5e468,default,0,"{'text': 'frais', 'context': '0. Il fait frais ce matin, je vais prendre un gilet.', 'proba': 1.0, 'process': 'reference word'}",da26a09b-917d-4c13-953a-63d39bcac892,e7aeac9e-9620-408c-a446-3fd706280bdf,2025-01-03T12:54:01.692243,"{'source': 'e7aeac9e-9620-408c-a446-3fd706280bdf', 'selector': [{'startContainer': '/', 'endContainer': '/', 'startOffset': 92, 'endOffset': 98}]}"
227eeb5d-7215-4458-b8d5-2b6f03df5e7d,d3ce7764-eb85-4999-b965-c028f539ee33,371a5d39-6e41-427f-8e1f-6bf64504e080,"{'text': 'frais', 'context': '1. Les produits frais doivent être conservés au frigo.'}",e920598f-774d-4e1c-a2dc-8fb9a6f3053f,e7aeac9e-9620-408c-a446-3fd706280bdf,2024-11-25T10:18:55.413509+00:00,"{'source': 'e7aeac9e-9620-408c-a446-3fd706280bdf', 'selector': [{'startContainer': '/', 'endContainer': '/', 'startOffset': 251, 'endOffset': 256}]}"
dd02014d-f331-487e-88a9-b33b110dbea5,default,1ecf29a6-9193-4a8b-9317-5dc319b94507,"{'text': 'frais', 'context': '0. Il fait frais ce matin, je vais prendre un gilet.', 'proba': 1.0, 'process': 'reference word'}",84dcf943-f4b3-4886-a2d5-e0a3661cde64,e7aeac9e-9620-408c-a446-3fd706280bdf,2025-01-03T12:54:01.692243,"{'source': 'e7aeac9e-9620-408c-a446-3fd706280bdf', 'selector': [{'startContainer': '/', 'endContainer': '/', 'startOffset': 92, 'endOffset': 98}]}"
35ac8b7e-14ab-470a-8fc7-c1e679ac7950,d3ce7764-eb85-4999-b965-c028f539ee33,371a5d39-6e41-427f-8e1f-6bf64504e080,"{'text': 'frais', 'context': '1. Les produits frais doivent être conservés au frigo.'}",eb9a2239-5a6c-4da5-8957-af8a90d3e880,e7aeac9e-9620-408c-a446-3fd706280bdf,2024-11-26T09:16:17.775347+00:00,"{'source': 'e7aeac9e-9620-408c-a446-3fd706280bdf', 'selector': [{'startContainer': '/', 'endContainer': '/', 'startOffset': 251, 'endOffset': 256}]}"
66be28ff-fe2e-4dd4-a478-5405e96b531e,default,371a5d39-6e41-427f-8e1f-6bf64504e080,"{'text': 'frais', 'context': '1. Les produits frais doivent être conservés au frigo.', 'proba': 0.1}",84dcf943-f4b3-4886-a2d5-e0a3661cde64,e7aeac9e-9620-408c-a446-3fd706280bdf,2025-01-03T12:54:01.692311,"{'source': 'e7aeac9e-9620-408c-a446-3fd706280bdf', 'selector': [{'startContainer': '/', 'endContainer': '/', 'startOffset': 251, 'endOffset': 257}]}"
1f948391-87b2-4225-89c7-f23eefea71bb,d3ce7764-eb85-4999-b965-c028f539ee33,371a5d39-6e41-427f-8e1f-6bf64504e080,"{'text': 'frais', 'context': '1. Les produits frais doivent être conservés au frigo.', 'proba': 0.1}",d34602e1-1664-42cb-b139-c5cb8bcfa2a0,e7aeac9e-9620-408c-a446-3fd706280bdf,2024-12-27T08:40:29.430476+00:00,"{'source': 'e7aeac9e-9620-408c-a446-3fd706280bdf', 'selector': [{'startContainer': '/', 'endContainer': '/', 'startOffset': 251, 'endOffset': 257}]}"
c96e7575-bb0b-4c94-a9cb-b4ddf9232236,default,1,"{'text': 'frais', 'context': '1. Les produits frais doivent être conservés au frigo.', 'proba': 0.1}",fe4bab23-b07f-4e52-ac3f-7391d5aef4fb,e7aeac9e-9620-408c-a446-3fd706280bdf,2025-01-03T12:54:01.692311,"{'source': 'e7aeac9e-9620-408c-a446-3fd706280bdf', 'selector': [{'startContainer': '/', 'endContainer': '/', 'startOffset': 251, 'endOffset': 257}]}"
2c031670-40da-4cbe-8061-8ec62fa82235,d3ce7764-eb85-4999-b965-c028f539ee33,1ecf29a6-9193-4a8b-9317-5dc319b94507,"{'text': 'frais', 'context': '0. Il fait frais ce matin, je vais prendre un gilet.'}",e920598f-774d-4e1c-a2dc-8fb9a6f3053f,e7aeac9e-9620-408c-a446-3fd706280bdf,2024-11-25T10:18:53.593227+00:00,"{'source': 'e7aeac9e-9620-408c-a446-3fd706280bdf', 'selector': [{'startContainer': '/', 'endContainer': '/', 'startOffset': 92, 'endOffset': 97}]}"
c2015817-5f67-4212-a43b-f8000f97d812,default,1,"{'text': 'frais', 'context': '1. Les produits frais doivent être conservés au frigo.', 'proba': 0.1}",da26a09b-917d-4c13-953a-63d39bcac892,e7aeac9e-9620-408c-a446-3fd706280bdf,2025-01-03T12:54:01.692311,"{'source': 'e7aeac9e-9620-408c-a446-3fd706280bdf', 'selector': [{'startContainer': '/', 'endContainer': '/', 'startOffset': 251, 'endOffset': 257}]}"
bf401196-85d8-4882-8625-786b81e1b0d3,d3ce7764-eb85-4999-b965-c028f539ee33,1ecf29a6-9193-4a8b-9317-5dc319b94507,"{'text': 'frais', 'context': '0. Il fait frais ce matin, je vais prendre un gilet.'}",eb9a2239-5a6c-4da5-8957-af8a90d3e880,e7aeac9e-9620-408c-a446-3fd706280bdf,2024-11-26T09:16:14.953777+00:00,"{'source': 'e7aeac9e-9620-408c-a446-3fd706280bdf', 'selector': [{'startContainer': '/', 'endContainer': '/', 'startOffset': 92, 'endOffset': 97}]}"
979935cb-7b22-445b-8f6b-a2d6ac4e7b7a,default,1ecf29a6-9193-4a8b-9317-5dc319b94507,"{'text': 'fort', 'context': '0. Il est très fort, il n’a peur de rien ni de personne.', 'proba': 1.0, 'process': 'reference word'}",84dcf943-f4b3-4886-a2d5-e0a3661cde64,cf5c3d67-8f0d-4ffe-b194-97e26abbbeb4,2025-01-03T12:54:01.692520,"{'source': 'cf5c3d67-8f0d-4ffe-b194-97e26abbbeb4', 'selector': [{'startContainer': '/', 'endContainer': '/', 'startOffset': 95, 'endOffset': 99}]}"
2b390b84-8b45-4b03-9654-436f47809ed7,d3ce7764-eb85-4999-b965-c028f539ee33,371a5d39-6e41-427f-8e1f-6bf64504e080,"{'text': 'fort', 'context': '2. Il est très fort en mathématiques.', 'proba': 0.5}",d34602e1-1664-42cb-b139-c5cb8bcfa2a0,cf5c3d67-8f0d-4ffe-b194-97e26abbbeb4,2024-11-25T11:26:46.362044+00:00,"{'source': 'cf5c3d67-8f0d-4ffe-b194-97e26abbbeb4', 'selector': [{'startContainer': '/', 'endContainer': '/', 'startOffset': 390, 'endOffset': 395}]}"
02ee7073-f853-4ede-88e4-2188cd4026da,default,0,"{'text': 'fort', 'context': '0. Il est très fort, il n’a peur de rien ni de personne.', 'proba': 1.0, 'process': 'reference word'}",fe4bab23-b07f-4e52-ac3f-7391d5aef4fb,cf5c3d67-8f0d-4ffe-b194-97e26abbbeb4,2025-01-03T12:54:01.692520,"{'source': 'cf5c3d67-8f0d-4ffe-b194-97e26abbbeb4', 'selector': [{'startContainer': '/', 'endContainer': '/', 'startOffset': 95, 'endOffset': 99}]}"
7c7a6be7-1f78-4c5f-8c3f-423bbe7b3256,default,0,"{'text': 'fort', 'context': '1. Il est très fort en mathématiques.', 'proba': 1.0}",da26a09b-917d-4c13-953a-63d39bcac892,cf5c3d67-8f0d-4ffe-b194-97e26abbbeb4,2025-01-03T12:54:01.692452,"{'source': 'cf5c3d67-8f0d-4ffe-b194-97e26abbbeb4', 'selector': [{'startContainer': '/', 'endContainer': '/', 'startOffset': 252, 'endOffset': 257}]}"
59cbaeb4-485c-4b5d-93eb-2c720a185278,default,0,"{'text': 'fort', 'context': '0. Il est très fort, il n’a peur de rien ni de personne.', 'proba': 1.0, 'process': 'reference word'}",da26a09b-917d-4c13-953a-63d39bcac892,cf5c3d67-8f0d-4ffe-b194-97e26abbbeb4,2025-01-03T12:54:01.692520,"{'source': 'cf5c3d67-8f0d-4ffe-b194-97e26abbbeb4', 'selector': [{'startContainer': '/', 'endContainer': '/', 'startOffset': 95, 'endOffset': 99}]}"
b52e48a9-b10a-42a1-bee7-1d32ddbc1fc8,d3ce7764-eb85-4999-b965-c028f539ee33,1ecf29a6-9193-4a8b-9317-5dc319b94507,"{'text': 'fort', 'context': '0. Il est très fort, il n’a peur de rien ni de personne.'}",e920598f-774d-4e1c-a2dc-8fb9a6f3053f,cf5c3d67-8f0d-4ffe-b194-97e26abbbeb4,2024-11-25T10:17:12.493818+00:00,"{'source': 'cf5c3d67-8f0d-4ffe-b194-97e26abbbeb4', 'selector': [{'startContainer': '/', 'endContainer': '/', 'startOffset': 95, 'endOffset': 99}]}"
bc7b94e7-d368-4012-9c7d-3d48399da534,d3ce7764-eb85-4999-b965-c028f539ee33,371a5d39-6e41-427f-8e1f-6bf64504e080,"{'text': 'fort', 'context': '1. Il est très fort en mathématiques.'}",eb9a2239-5a6c-4da5-8957-af8a90d3e880,cf5c3d67-8f0d-4ffe-b194-97e26abbbeb4,2024-11-26T09:14:21.615773+00:00,"{'source': 'cf5c3d67-8f0d-4ffe-b194-97e26abbbeb4', 'selector': [{'startContainer': '/', 'endContainer': '/', 'startOffset': 252, 'endOffset': 256}]}"
823db19e-1456-4a81-87c9-36328889e85e,d3ce7764-eb85-4999-b965-c028f539ee33,371a5d39-6e41-427f-8e1f-6bf64504e080,"{'text': 'fort', 'context': '1. Il est très fort en mathématiques.', 'proba': 1.0}",d34602e1-1664-42cb-b139-c5cb8bcfa2a0,cf5c3d67-8f0d-4ffe-b194-97e26abbbeb4,2024-11-25T11:26:44.318002+00:00,"{'source': 'cf5c3d67-8f0d-4ffe-b194-97e26abbbeb4', 'selector': [{'startContainer': '/', 'endContainer': '/', 'startOffset': 252, 'endOffset': 257}]}"
e948383f-7ce1-4ebb-bdeb-8db3a221a1c1,d3ce7764-eb85-4999-b965-c028f539ee33,1ecf29a6-9193-4a8b-9317-5dc319b94507,"{'text': 'fort', 'context': '1. Il est très fort en mathématiques.'}",e920598f-774d-4e1c-a2dc-8fb9a6f3053f,cf5c3d67-8f0d-4ffe-b194-97e26abbbeb4,2024-11-25T10:17:14.094105+00:00,"{'source': 'cf5c3d67-8f0d-4ffe-b194-97e26abbbeb4', 'selector': [{'startContainer': '/', 'endContainer': '/', 'startOffset': 252, 'endOffset': 256}]}"
ae72b4dc-261a-4b78-b524-62915aa2b1c6,default,1,"{'text': 'fort', 'context': '2. Il est très fort en mathématiques.', 'proba': 0.5}",fe4bab23-b07f-4e52-ac3f-7391d5aef4fb,cf5c3d67-8f0d-4ffe-b194-97e26abbbeb4,2025-01-03T12:54:01.692384,"{'source': 'cf5c3d67-8f0d-4ffe-b194-97e26abbbeb4', 'selector': [{'startContainer': '/', 'endContainer': '/', 'startOffset': 390, 'endOffset': 395}]}"
e0c0cec0-4965-429c-9210-fa647c9b9367,d3ce7764-eb85-4999-b965-c028f539ee33,1ecf29a6-9193-4a8b-9317-5dc319b94507,"{'text': 'fort', 'context': '0. Il est très fort, il n’a peur de rien ni de personne.', 'proba': 1.0, 'process': 'reference word'}",d34602e1-1664-42cb-b139-c5cb8bcfa2a0,cf5c3d67-8f0d-4ffe-b194-97e26abbbeb4,2024-11-25T11:26:39.624030+00:00,"{'source': 'cf5c3d67-8f0d-4ffe-b194-97e26abbbeb4', 'selector': [{'startContainer': '/', 'endContainer': '/', 'startOffset': 95, 'endOffset': 99}]}"
70e4ecc2-394a-41c3-b5a1-ef0fc74908d4,d3ce7764-eb85-4999-b965-c028f539ee33,371a5d39-6e41-427f-8e1f-6bf64504e080,"{'text': 'fort', 'context': '2. Il est très fort en mathématiques.'}",eb9a2239-5a6c-4da5-8957-af8a90d3e880,cf5c3d67-8f0d-4ffe-b194-97e26abbbeb4,2024-11-26T09:14:25.908380+00:00,"{'source': 'cf5c3d67-8f0d-4ffe-b194-97e26abbbeb4', 'selector': [{'startContainer': '/', 'endContainer': '/', 'startOffset': 390, 'endOffset': 394}]}"
87bac5b8-0ac8-49e1-a69e-d1518a6a494b,d3ce7764-eb85-4999-b965-c028f539ee33,1ecf29a6-9193-4a8b-9317-5dc319b94507,"{'text': 'fort', 'context': '0. Il est très fort, il n’a peur de rien ni de personne.'}",eb9a2239-5a6c-4da5-8957-af8a90d3e880,cf5c3d67-8f0d-4ffe-b194-97e26abbbeb4,2024-11-26T09:14:18.791323+00:00,"{'source': 'cf5c3d67-8f0d-4ffe-b194-97e26abbbeb4', 'selector': [{'startContainer': '/', 'endContainer': '/', 'startOffset': 95, 'endOffset': 99}]}"
438864eb-a061-468e-b854-f3bdc8dddcd4,d3ce7764-eb85-4999-b965-c028f539ee33,1ecf29a6-9193-4a8b-9317-5dc319b94507,"{'text': 'fort', 'context': '2. Il est très fort en mathématiques.'}",e920598f-774d-4e1c-a2dc-8fb9a6f3053f,cf5c3d67-8f0d-4ffe-b194-97e26abbbeb4,2024-11-25T10:17:15.713655+00:00,"{'source': 'cf5c3d67-8f0d-4ffe-b194-97e26abbbeb4', 'selector': [{'startContainer': '/', 'endContainer': '/', 'startOffset': 390, 'endOffset': 394}]}"
0b5ac22a-6de6-4c70-9d40-91df3905eae6,default,371a5d39-6e41-427f-8e1f-6bf64504e080,"{'text': 'fort', 'context': '2. Il est très fort en mathématiques.', 'proba': 0.5}",84dcf943-f4b3-4886-a2d5-e0a3661cde64,cf5c3d67-8f0d-4ffe-b194-97e26abbbeb4,2025-01-03T12:54:01.692384,"{'source': 'cf5c3d67-8f0d-4ffe-b194-97e26abbbeb4', 'selector': [{'startContainer': '/', 'endContainer': '/', 'startOffset': 390, 'endOffset': 395}]}"
ea82b09c-e49e-42fc-832f-7e825f9da93a,default,0,"{'text': 'fort', 'context': '2. Il est très fort en mathématiques.', 'proba': 0.5}",da26a09b-917d-4c13-953a-63d39bcac892,cf5c3d67-8f0d-4ffe-b194-97e26abbbeb4,2025-01-03T12:54:01.692384,"{'source': 'cf5c3d67-8f0d-4ffe-b194-97e26abbbeb4', 'selector': [{'startContainer': '/', 'endContainer': '/', 'startOffset': 390, 'endOffset': 395}]}"
11b78dfc-5519-43fb-bbd6-eb94ed6bdd8c,default,371a5d39-6e41-427f-8e1f-6bf64504e080,"{'text': 'fort', 'context': '1. Il est très fort en mathématiques.', 'proba': 1.0}",84dcf943-f4b3-4886-a2d5-e0a3661cde64,cf5c3d67-8f0d-4ffe-b194-97e26abbbeb4,2025-01-03T12:54:01.692452,"{'source': 'cf5c3d67-8f0d-4ffe-b194-97e26abbbeb4', 'selector': [{'startContainer': '/', 'endContainer': '/', 'startOffset': 252, 'endOffset': 257}]}"
4a21f5af-5e9d-4e38-87b0-90ac7ac050da,default,1,"{'text': 'fort', 'context': '1. Il est très fort en mathématiques.', 'proba': 1.0}",fe4bab23-b07f-4e52-ac3f-7391d5aef4fb,cf5c3d67-8f0d-4ffe-b194-97e26abbbeb4,2025-01-03T12:54:01.692452,"{'source': 'cf5c3d67-8f0d-4ffe-b194-97e26abbbeb4', 'selector': [{'startContainer': '/', 'endContainer': '/', 'startOffset': 252, 'endOffset': 257}]}"
7ac05286-23c1-4576-a7c4-61c73cd07374,d3ce7764-eb85-4999-b965-c028f539ee33,1ecf29a6-9193-4a8b-9317-5dc319b94507,"{'text': 'dernière', 'context': ""0. C'est la dernière fois que je te le dis.""}",e920598f-774d-4e1c-a2dc-8fb9a6f3053f,29bc9f52-6689-496b-a467-b512331c5b26,2024-11-25T09:22:27.147231+00:00,"{'source': '29bc9f52-6689-496b-a467-b512331c5b26', 'selector': [{'startContainer': '/', 'endContainer': '/', 'startOffset': 95, 'endOffset': 103}]}"
f201fdef-c952-4fd9-bc71-4fea7b9bfe2e,d3ce7764-eb85-4999-b965-c028f539ee33,1ecf29a6-9193-4a8b-9317-5dc319b94507,"{'text': 'dernière', 'context': ""0. C'est la dernière fois que je te le dis."", 'proba': 1.0, 'process': 'reference word'}",d34602e1-1664-42cb-b139-c5cb8bcfa2a0,29bc9f52-6689-496b-a467-b512331c5b26,2024-11-25T09:07:08.749585+00:00,"{'source': '29bc9f52-6689-496b-a467-b512331c5b26', 'selector': [{'startContainer': '/', 'endContainer': '/', 'startOffset': 95, 'endOffset': 104}]}"
4089dca2-d277-4aab-9c3a-2a7c748ceb8a,d3ce7764-eb85-4999-b965-c028f539ee33,1ecf29a6-9193-4a8b-9317-5dc319b94507,"{'text': 'dernières', 'context': '1. Les dernières nouvelles sont inquiétantes.'}",e920598f-774d-4e1c-a2dc-8fb9a6f3053f,29bc9f52-6689-496b-a467-b512331c5b26,2024-11-25T09:22:29.321044+00:00,"{'source': '29bc9f52-6689-496b-a467-b512331c5b26', 'selector': [{'startContainer': '/', 'endContainer': '/', 'startOffset': 237, 'endOffset': 246}]}"
97ba0f0d-1feb-454f-9e38-1e4431fbd32d,default,1ecf29a6-9193-4a8b-9317-5dc319b94507,"{'text': 'dernière', 'context': ""0. C'est la dernière fois que je te le dis."", 'proba': 1.0, 'process': 'reference word'}",84dcf943-f4b3-4886-a2d5-e0a3661cde64,29bc9f52-6689-496b-a467-b512331c5b26,2025-01-03T12:54:01.692591,"{'source': '29bc9f52-6689-496b-a467-b512331c5b26', 'selector': [{'startContainer': '/', 'endContainer': '/', 'startOffset': 95, 'endOffset': 104}]}"
8f779000-d6d8-4247-af28-e0fb7e214663,d3ce7764-eb85-4999-b965-c028f539ee33,371a5d39-6e41-427f-8e1f-6bf64504e080,"{'text': 'dernières', 'context': '1. Les dernières nouvelles sont inquiétantes.'}",eb9a2239-5a6c-4da5-8957-af8a90d3e880,29bc9f52-6689-496b-a467-b512331c5b26,2024-11-26T09:02:37.314963+00:00,"{'source': '29bc9f52-6689-496b-a467-b512331c5b26', 'selector': [{'startContainer': '/', 'endContainer': '/', 'startOffset': 237, 'endOffset': 246}]}"
67b2362f-eca8-4ac8-bdcf-6d91157ccfca,default,1,"{'text': 'dernières', 'context': '1. Les dernières nouvelles sont inquiétantes.', 'proba': 0.2}",fe4bab23-b07f-4e52-ac3f-7391d5aef4fb,29bc9f52-6689-496b-a467-b512331c5b26,2025-01-03T12:54:01.692659,"{'source': '29bc9f52-6689-496b-a467-b512331c5b26', 'selector': [{'startContainer': '/', 'endContainer': '/', 'startOffset': 237, 'endOffset': 247}]}"
bea1ef8e-f2e9-4216-bf1a-a04864ffe597,default,371a5d39-6e41-427f-8e1f-6bf64504e080,"{'text': 'dernières', 'context': '1. Les dernières nouvelles sont inquiétantes.', 'proba': 0.2}",84dcf943-f4b3-4886-a2d5-e0a3661cde64,29bc9f52-6689-496b-a467-b512331c5b26,2025-01-03T12:54:01.692659,"{'source': '29bc9f52-6689-496b-a467-b512331c5b26', 'selector': [{'startContainer': '/', 'endContainer': '/', 'startOffset': 237, 'endOffset': 247}]}"
45d18942-47c9-4f9e-8b38-154fa0061c03,d3ce7764-eb85-4999-b965-c028f539ee33,371a5d39-6e41-427f-8e1f-6bf64504e080,"{'text': 'dernières', 'context': '1. Les dernières nouvelles sont inquiétantes.', 'proba': 0.2}",d34602e1-1664-42cb-b139-c5cb8bcfa2a0,29bc9f52-6689-496b-a467-b512331c5b26,2024-11-25T09:07:58.105044+00:00,"{'source': '29bc9f52-6689-496b-a467-b512331c5b26', 'selector': [{'startContainer': '/', 'endContainer': '/', 'startOffset': 237, 'endOffset': 247}]}"
ae2cc596-cb71-431e-8391-21e7caadab75,default,0,"{'text': 'dernières', 'context': '1. Les dernières nouvelles sont inquiétantes.', 'proba': 0.2}",da26a09b-917d-4c13-953a-63d39bcac892,29bc9f52-6689-496b-a467-b512331c5b26,2025-01-03T12:54:01.692659,"{'source': '29bc9f52-6689-496b-a467-b512331c5b26', 'selector': [{'startContainer': '/', 'endContainer': '/', 'startOffset': 237, 'endOffset': 247}]}"
437db52f-d917-4f09-bac4-33a897ec8be1,d3ce7764-eb85-4999-b965-c028f539ee33,1ecf29a6-9193-4a8b-9317-5dc319b94507,"{'text': 'dernière', 'context': ""0. C'est la dernière fois que je te le dis.""}",eb9a2239-5a6c-4da5-8957-af8a90d3e880,29bc9f52-6689-496b-a467-b512331c5b26,2024-11-26T09:02:09.962326+00:00,"{'source': '29bc9f52-6689-496b-a467-b512331c5b26', 'selector': [{'startContainer': '/', 'endContainer': '/', 'startOffset': 95, 'endOffset': 103}]}"
eaa633f9-eb00-40d0-b7eb-8c4a87f35a17,default,0,"{'text': 'dernière', 'context': ""0. C'est la dernière fois que je te le dis."", 'proba': 1.0, 'process': 'reference word'}",fe4bab23-b07f-4e52-ac3f-7391d5aef4fb,29bc9f52-6689-496b-a467-b512331c5b26,2025-01-03T12:54:01.692591,"{'source': '29bc9f52-6689-496b-a467-b512331c5b26', 'selector': [{'startContainer': '/', 'endContainer': '/', 'startOffset': 95, 'endOffset': 104}]}"
6054448a-cb79-4f2e-ba86-161675db94d3,default,0,"{'text': 'dernière', 'context': ""0. C'est la dernière fois que je te le dis."", 'proba': 1.0, 'process': 'reference word'}",da26a09b-917d-4c13-953a-63d39bcac892,29bc9f52-6689-496b-a467-b512331c5b26,2025-01-03T12:54:01.692591,"{'source': '29bc9f52-6689-496b-a467-b512331c5b26', 'selector': [{'startContainer': '/', 'endContainer': '/', 'startOffset': 95, 'endOffset': 104}]}"
45c6bc9c-5dc7-4bb0-bf96-8a43e78e5196,default,1ecf29a6-9193-4a8b-9317-5dc319b94507,"{'text': 'bon', 'context': ""2. C'est un bon livre."", 'proba': 1.0, 'process': 'reference word'}",84dcf943-f4b3-4886-a2d5-e0a3661cde64,fdaabc4b-b13f-4935-bcdd-c0e3626d6901,2025-01-03T12:54:01.692865,"{'source': 'fdaabc4b-b13f-4935-bcdd-c0e3626d6901', 'selector': [{'startContainer': '/', 'endContainer': '/', 'startOffset': 366, 'endOffset': 370}]}"
710fc8b5-9504-40ca-b2b0-b8f94d047709,d3ce7764-eb85-4999-b965-c028f539ee33,1ecf29a6-9193-4a8b-9317-5dc319b94507,"{'text': 'bons', 'context': '0. Les fruits et les légumes sont bons pour la santé.', 'proba': 0.2}",d34602e1-1664-42cb-b139-c5cb8bcfa2a0,fdaabc4b-b13f-4935-bcdd-c0e3626d6901,2024-11-25T11:29:41.471049+00:00,"{'source': 'fdaabc4b-b13f-4935-bcdd-c0e3626d6901', 'selector': [{'startContainer': '/', 'endContainer': '/', 'startOffset': 113, 'endOffset': 118}]}"
163cf7ca-385a-414e-a370-3bd09d5873d5,d3ce7764-eb85-4999-b965-c028f539ee33,1ecf29a6-9193-4a8b-9317-5dc319b94507,"{'text': 'bons', 'context': '0. Les fruits et les légumes sont bons pour la santé.'}",eb9a2239-5a6c-4da5-8957-af8a90d3e880,fdaabc4b-b13f-4935-bcdd-c0e3626d6901,2024-11-26T09:17:00.687471+00:00,"{'source': 'fdaabc4b-b13f-4935-bcdd-c0e3626d6901', 'selector': [{'startContainer': '/', 'endContainer': '/', 'startOffset': 113, 'endOffset': 117}]}"
883eda0e-539a-41d3-831b-407c65b18ca8,default,0,"{'text': 'bon', 'context': ""1. C'est un bon livre."", 'proba': 1.0}",fe4bab23-b07f-4e52-ac3f-7391d5aef4fb,fdaabc4b-b13f-4935-bcdd-c0e3626d6901,2025-01-03T12:54:01.692797,"{'source': 'fdaabc4b-b13f-4935-bcdd-c0e3626d6901', 'selector': [{'startContainer': '/', 'endContainer': '/', 'startOffset': 244, 'endOffset': 248}]}"
e5113a75-b8d6-45dc-b583-1e3cad7e8076,d3ce7764-eb85-4999-b965-c028f539ee33,1ecf29a6-9193-4a8b-9317-5dc319b94507,"{'text': 'bons', 'context': '0. Les fruits et les légumes sont bons pour la santé.'}",e920598f-774d-4e1c-a2dc-8fb9a6f3053f,fdaabc4b-b13f-4935-bcdd-c0e3626d6901,2024-11-25T10:19:32.611247+00:00,"{'source': 'fdaabc4b-b13f-4935-bcdd-c0e3626d6901', 'selector': [{'startContainer': '/', 'endContainer': '/', 'startOffset': 113, 'endOffset': 117}]}"
57da0c76-3211-4dd5-b56f-772906819840,default,1,"{'text': 'bons', 'context': '0. Les fruits et les légumes sont bons pour la santé.', 'proba': 0.2}",fe4bab23-b07f-4e52-ac3f-7391d5aef4fb,fdaabc4b-b13f-4935-bcdd-c0e3626d6901,2025-01-03T12:54:01.692729,"{'source': 'fdaabc4b-b13f-4935-bcdd-c0e3626d6901', 'selector': [{'startContainer': '/', 'endContainer': '/', 'startOffset': 113, 'endOffset': 118}]}"
9ff0e4e1-0a95-4e8e-b954-749fb9b2d0db,d3ce7764-eb85-4999-b965-c028f539ee33,1ecf29a6-9193-4a8b-9317-5dc319b94507,"{'text': 'bon', 'context': ""1. C'est un bon livre.""}",e920598f-774d-4e1c-a2dc-8fb9a6f3053f,fdaabc4b-b13f-4935-bcdd-c0e3626d6901,2024-11-25T10:19:35.389585+00:00,"{'source': 'fdaabc4b-b13f-4935-bcdd-c0e3626d6901', 'selector': [{'startContainer': '/', 'endContainer': '/', 'startOffset': 244, 'endOffset': 247}]}"
9ffc4a74-523c-451c-abaf-684ef4675e62,d3ce7764-eb85-4999-b965-c028f539ee33,1ecf29a6-9193-4a8b-9317-5dc319b94507,"{'text': 'bon', 'context': ""2. C'est un bon livre.""}",e920598f-774d-4e1c-a2dc-8fb9a6f3053f,fdaabc4b-b13f-4935-bcdd-c0e3626d6901,2024-11-25T10:19:36.956172+00:00,"{'source': 'fdaabc4b-b13f-4935-bcdd-c0e3626d6901', 'selector': [{'startContainer': '/', 'endContainer': '/', 'startOffset': 366, 'endOffset': 369}]}"
8a2771ac-9160-424b-8695-727ff39329ce,default,0,"{'text': 'bon', 'context': ""2. C'est un bon livre."", 'proba': 1.0, 'process': 'reference word'}",fe4bab23-b07f-4e52-ac3f-7391d5aef4fb,fdaabc4b-b13f-4935-bcdd-c0e3626d6901,2025-01-03T12:54:01.692865,"{'source': 'fdaabc4b-b13f-4935-bcdd-c0e3626d6901', 'selector': [{'startContainer': '/', 'endContainer': '/', 'startOffset': 366, 'endOffset': 370}]}"
ac60d245-41b4-4a23-a2ad-3ff121f69a3b,d3ce7764-eb85-4999-b965-c028f539ee33,1ecf29a6-9193-4a8b-9317-5dc319b94507,"{'text': 'bon', 'context': ""1. C'est un bon livre.""}",eb9a2239-5a6c-4da5-8957-af8a90d3e880,fdaabc4b-b13f-4935-bcdd-c0e3626d6901,2024-11-26T09:17:04.618832+00:00,"{'source': 'fdaabc4b-b13f-4935-bcdd-c0e3626d6901', 'selector': [{'startContainer': '/', 'endContainer': '/', 'startOffset': 244, 'endOffset': 247}]}"
9a7a9d3f-eca3-4bcc-a85b-fa29977c450d,default,1ecf29a6-9193-4a8b-9317-5dc319b94507,"{'text': 'bons', 'context': '0. Les fruits et les légumes sont bons pour la santé.', 'proba': 0.2}",84dcf943-f4b3-4886-a2d5-e0a3661cde64,fdaabc4b-b13f-4935-bcdd-c0e3626d6901,2025-01-03T12:54:01.692729,"{'source': 'fdaabc4b-b13f-4935-bcdd-c0e3626d6901', 'selector': [{'startContainer': '/', 'endContainer': '/', 'startOffset': 113, 'endOffset': 118}]}"
84e8af4f-d82a-4a87-917a-a3e7e60e5549,default,0,"{'text': 'bon', 'context': ""2. C'est un bon livre."", 'proba': 1.0, 'process': 'reference word'}",da26a09b-917d-4c13-953a-63d39bcac892,fdaabc4b-b13f-4935-bcdd-c0e3626d6901,2025-01-03T12:54:01.692865,"{'source': 'fdaabc4b-b13f-4935-bcdd-c0e3626d6901', 'selector': [{'startContainer': '/', 'endContainer': '/', 'startOffset': 366, 'endOffset': 370}]}"
cd2f6cee-fb6b-4a91-8ce1-21ed70261a4f,default,0,"{'text': 'bons', 'context': '0. Les fruits et les légumes sont bons pour la santé.', 'proba': 0.2}",da26a09b-917d-4c13-953a-63d39bcac892,fdaabc4b-b13f-4935-bcdd-c0e3626d6901,2025-01-03T12:54:01.692729,"{'source': 'fdaabc4b-b13f-4935-bcdd-c0e3626d6901', 'selector': [{'startContainer': '/', 'endContainer': '/', 'startOffset': 113, 'endOffset': 118}]}"
0406aa47-7b50-419f-a8de-efa522141989,d3ce7764-eb85-4999-b965-c028f539ee33,1ecf29a6-9193-4a8b-9317-5dc319b94507,"{'text': 'bon', 'context': ""1. C'est un bon livre."", 'proba': 1.0}",d34602e1-1664-42cb-b139-c5cb8bcfa2a0,fdaabc4b-b13f-4935-bcdd-c0e3626d6901,2024-11-25T11:29:44.770993+00:00,"{'source': 'fdaabc4b-b13f-4935-bcdd-c0e3626d6901', 'selector': [{'startContainer': '/', 'endContainer': '/', 'startOffset': 244, 'endOffset': 248}]}"
bb6ac2fa-547e-4c3f-a555-66d6e821c46a,default,0,"{'text': 'bon', 'context': ""1. C'est un bon livre."", 'proba': 1.0}",da26a09b-917d-4c13-953a-63d39bcac892,fdaabc4b-b13f-4935-bcdd-c0e3626d6901,2025-01-03T12:54:01.692797,"{'source': 'fdaabc4b-b13f-4935-bcdd-c0e3626d6901', 'selector': [{'startContainer': '/', 'endContainer': '/', 'startOffset': 244, 'endOffset': 248}]}"
0d85f126-17aa-4a0b-afd2-1f380eea40d2,default,1ecf29a6-9193-4a8b-9317-5dc319b94507,"{'text': 'bon', 'context': ""1. C'est un bon livre."", 'proba': 1.0}",84dcf943-f4b3-4886-a2d5-e0a3661cde64,fdaabc4b-b13f-4935-bcdd-c0e3626d6901,2025-01-03T12:54:01.692797,"{'source': 'fdaabc4b-b13f-4935-bcdd-c0e3626d6901', 'selector': [{'startContainer': '/', 'endContainer': '/', 'startOffset': 244, 'endOffset': 248}]}"
51f4e649-f56f-4155-8fdc-7896553c95bc,d3ce7764-eb85-4999-b965-c028f539ee33,1ecf29a6-9193-4a8b-9317-5dc319b94507,"{'text': 'bon', 'context': ""2. C'est un bon livre.""}",eb9a2239-5a6c-4da5-8957-af8a90d3e880,fdaabc4b-b13f-4935-bcdd-c0e3626d6901,2024-11-26T09:17:07.272602+00:00,"{'source': 'fdaabc4b-b13f-4935-bcdd-c0e3626d6901', 'selector': [{'startContainer': '/', 'endContainer': '/', 'startOffset': 366, 'endOffset': 369}]}"
2a9aec1d-e8da-4b99-8a29-8a524caf8de9,d3ce7764-eb85-4999-b965-c028f539ee33,1ecf29a6-9193-4a8b-9317-5dc319b94507,"{'text': 'bon', 'context': ""2. C'est un bon livre."", 'proba': 1.0, 'process': 'reference word'}",d34602e1-1664-42cb-b139-c5cb8bcfa2a0,fdaabc4b-b13f-4935-bcdd-c0e3626d6901,2024-11-25T11:29:46.805958+00:00,"{'source': 'fdaabc4b-b13f-4935-bcdd-c0e3626d6901', 'selector': [{'startContainer': '/', 'endContainer': '/', 'startOffset': 366, 'endOffset': 370}]}"
