id,task,entity,body,annotator,document,created,target
c67d1e53-6b0b-4011-8aee-9ce0a481bfb1,d3ce7764-eb85-4999-b965-c028f539ee33,1ecf29a6-9193-4a8b-9317-5dc319b94507,"{'text': 'repliée', 'context': '0. J’ai eu si mal au ventre, tout d’un coup, que je me suis repliée sur moi-même.'}",e920598f-774d-4e1c-a2dc-8fb9a6f3053f,04386177-799b-4a62-85f2-8a20e80559b2,2024-11-25T09:16:05.542672+00:00,"{'source': '04386177-799b-4a62-85f2-8a20e80559b2', 'selector': [{'startContainer': '/', 'endContainer': '/', 'startOffset': 146, 'endOffset': 153}]}"
aedcbced-7599-45f1-a8e5-96c7313f733a,d3ce7764-eb85-4999-b965-c028f539ee33,371a5d39-6e41-427f-8e1f-6bf64504e080,"{'text': 'se replier', 'context': ""1. L'armée était en difficulté, il était préférable de se replier."", 'proba': 1.0, 'process': 'reference word'}",d34602e1-1664-42cb-b139-c5cb8bcfa2a0,04386177-799b-4a62-85f2-8a20e80559b2,2024-12-27T08:10:25.258030+00:00,"{'source': '04386177-799b-4a62-85f2-8a20e80559b2', 'selector': [{'startContainer': '/', 'endContainer': '/', 'startOffset': 329, 'endOffset': 339}]}"
f55b699b-1ccd-4d67-acd9-c1f2435b24be,d3ce7764-eb85-4999-b965-c028f539ee33,371a5d39-6e41-427f-8e1f-6bf64504e080,"{'text': 'je me suis repliée', 'context': '0. J’ai eu si mal au ventre, tout d’un coup, que je me suis repliée sur moi-même.'}",eb9a2239-5a6c-4da5-8957-af8a90d3e880,04386177-799b-4a62-85f2-8a20e80559b2,2024-11-26T08:47:56.618143+00:00,"{'source': '04386177-799b-4a62-85f2-8a20e80559b2', 'selector': [{'startContainer': '/', 'endContainer': '/', 'startOffset': 135, 'endOffset': 153}]}"
610961a4-bdfb-49bd-be19-539fb5ec3109,default,0,"{'text': 'se replier', 'context': ""1. L'armée était en difficulté, il était préférable de se replier."", 'proba': 1.0, 'process': 'reference word'}",76a78473-a608-4c59-bf52-898d3dfd7121,04386177-799b-4a62-85f2-8a20e80559b2,2025-02-05T14:40:57.493262,"{'source': '04386177-799b-4a62-85f2-8a20e80559b2', 'selector': [{'startContainer': '/', 'endContainer': '/', 'startOffset': 329, 'endOffset': 339}]}"
4ed5071f-a1df-4438-82d8-faaf730acde0,default,371a5d39-6e41-427f-8e1f-6bf64504e080,"{'text': 'se replier', 'context': ""1. L'armée était en difficulté, il était préférable de se replier."", 'proba': 1.0, 'process': 'reference word'}",c750946d-c7bd-42e9-9b77-2c9425fdae60,04386177-799b-4a62-85f2-8a20e80559b2,2025-02-05T14:40:57.493262,"{'source': '04386177-799b-4a62-85f2-8a20e80559b2', 'selector': [{'startContainer': '/', 'endContainer': '/', 'startOffset': 329, 'endOffset': 339}]}"
73f7f4d6-a80c-439e-abe0-f591f1744107,default,1ecf29a6-9193-4a8b-9317-5dc319b94507,"{'text': 'me suis repliée', 'context': '0. J’ai eu si mal au ventre, tout d’un coup, que je me suis repliée sur moi-même.', 'proba': 0.6}",c750946d-c7bd-42e9-9b77-2c9425fdae60,04386177-799b-4a62-85f2-8a20e80559b2,2025-02-05T14:40:57.493423,"{'source': '04386177-799b-4a62-85f2-8a20e80559b2', 'selector': [{'startContainer': '/', 'endContainer': '/', 'startOffset': 138, 'endOffset': 153}]}"
9bf31358-1893-457c-9bdb-5e0184e6f798,d3ce7764-eb85-4999-b965-c028f539ee33,371a5d39-6e41-427f-8e1f-6bf64504e080,"{'text': 'se replier', 'context': ""1. L'armée était en difficulté, il était préférable de se replier.""}",e920598f-774d-4e1c-a2dc-8fb9a6f3053f,04386177-799b-4a62-85f2-8a20e80559b2,2024-12-13T04:21:37.999605+00:00,"{'source': '04386177-799b-4a62-85f2-8a20e80559b2', 'selector': [{'startContainer': '/', 'endContainer': '/', 'startOffset': 329, 'endOffset': 339}]}"
c1c2357d-5077-42b3-a8c8-c17d5a780dfb,d3ce7764-eb85-4999-b965-c028f539ee33,1ecf29a6-9193-4a8b-9317-5dc319b94507,"{'text': 'me suis repliée', 'context': '0. J’ai eu si mal au ventre, tout d’un coup, que je me suis repliée sur moi-même.', 'proba': 0.6}",d34602e1-1664-42cb-b139-c5cb8bcfa2a0,04386177-799b-4a62-85f2-8a20e80559b2,2024-12-27T08:10:20.354481+00:00,"{'source': '04386177-799b-4a62-85f2-8a20e80559b2', 'selector': [{'startContainer': '/', 'endContainer': '/', 'startOffset': 138, 'endOffset': 153}]}"
7aa23f5e-5d78-4fa2-abf0-8d3004129455,d3ce7764-eb85-4999-b965-c028f539ee33,1ecf29a6-9193-4a8b-9317-5dc319b94507,"{'text': 'se replier', 'context': ""1. L'armée était en difficulté, il était préférable de se replier.""}",eb9a2239-5a6c-4da5-8957-af8a90d3e880,04386177-799b-4a62-85f2-8a20e80559b2,2024-11-26T08:47:17.782035+00:00,"{'source': '04386177-799b-4a62-85f2-8a20e80559b2', 'selector': [{'startContainer': '/', 'endContainer': '/', 'startOffset': 329, 'endOffset': 339}]}"
ff96dc93-ae1e-4a34-8a2c-ab528582c2c6,default,0,"{'text': 'me suis repliée', 'context': '0. J’ai eu si mal au ventre, tout d’un coup, que je me suis repliée sur moi-même.', 'proba': 0.6}",76a78473-a608-4c59-bf52-898d3dfd7121,04386177-799b-4a62-85f2-8a20e80559b2,2025-02-05T14:40:57.493423,"{'source': '04386177-799b-4a62-85f2-8a20e80559b2', 'selector': [{'startContainer': '/', 'endContainer': '/', 'startOffset': 138, 'endOffset': 153}]}"
d1af4bab-6968-47f4-b6bd-b0f0acbfd979,default,1ecf29a6-9193-4a8b-9317-5dc319b94507,"{'text': 'se disputait', 'context': '0. La mère se disputait avec son fils en public, c’était gênant.', 'proba': 1.0, 'process': 'reference word'}",c750946d-c7bd-42e9-9b77-2c9425fdae60,e6e4ac30-bd74-4a70-bfeb-924ed7f065c0,2025-02-05T14:40:57.493670,"{'source': 'e6e4ac30-bd74-4a70-bfeb-924ed7f065c0', 'selector': [{'startContainer': '/', 'endContainer': '/', 'startOffset': 98, 'endOffset': 110}]}"
3f0837e3-5ca8-415c-bdf8-5cd916ab0f74,d3ce7764-eb85-4999-b965-c028f539ee33,1ecf29a6-9193-4a8b-9317-5dc319b94507,"{'text': 'se disputent', 'context': '1. Mes parents se disputent tout le temps, c’est triste.'}",e920598f-774d-4e1c-a2dc-8fb9a6f3053f,e6e4ac30-bd74-4a70-bfeb-924ed7f065c0,2024-11-25T10:18:45.013539+00:00,"{'source': 'e6e4ac30-bd74-4a70-bfeb-924ed7f065c0', 'selector': [{'startContainer': '/', 'endContainer': '/', 'startOffset': 274, 'endOffset': 286}]}"
43876563-5511-4f17-a0a6-939ddfcce728,d3ce7764-eb85-4999-b965-c028f539ee33,1ecf29a6-9193-4a8b-9317-5dc319b94507,"{'text': 'se disputait', 'context': '0. La mère se disputait avec son fils en public, c’était gênant.'}",e920598f-774d-4e1c-a2dc-8fb9a6f3053f,e6e4ac30-bd74-4a70-bfeb-924ed7f065c0,2024-11-25T10:18:47.808163+00:00,"{'source': 'e6e4ac30-bd74-4a70-bfeb-924ed7f065c0', 'selector': [{'startContainer': '/', 'endContainer': '/', 'startOffset': 98, 'endOffset': 110}]}"
2c800f20-4f83-4b1e-b647-ad0b6ab5aabb,default,1ecf29a6-9193-4a8b-9317-5dc319b94507,"{'text': 'se disputent', 'context': '1. Mes parents se disputent tout le temps, c’est triste.', 'proba': 0.9}",c750946d-c7bd-42e9-9b77-2c9425fdae60,e6e4ac30-bd74-4a70-bfeb-924ed7f065c0,2025-02-05T14:40:57.493559,"{'source': 'e6e4ac30-bd74-4a70-bfeb-924ed7f065c0', 'selector': [{'startContainer': '/', 'endContainer': '/', 'startOffset': 274, 'endOffset': 286}]}"
a490ade1-913b-4499-ae8b-3890d9308098,default,0,"{'text': 'se disputent', 'context': '1. Mes parents se disputent tout le temps, c’est triste.', 'proba': 0.9}",76a78473-a608-4c59-bf52-898d3dfd7121,e6e4ac30-bd74-4a70-bfeb-924ed7f065c0,2025-02-05T14:40:57.493559,"{'source': 'e6e4ac30-bd74-4a70-bfeb-924ed7f065c0', 'selector': [{'startContainer': '/', 'endContainer': '/', 'startOffset': 274, 'endOffset': 286}]}"
0345bcf5-3ab3-4773-a670-3a77be64d56f,d3ce7764-eb85-4999-b965-c028f539ee33,1ecf29a6-9193-4a8b-9317-5dc319b94507,"{'text': 'se disputent', 'context': '1. Mes parents se disputent tout le temps, c’est triste.'}",eb9a2239-5a6c-4da5-8957-af8a90d3e880,e6e4ac30-bd74-4a70-bfeb-924ed7f065c0,2024-11-26T09:16:06.782604+00:00,"{'source': 'e6e4ac30-bd74-4a70-bfeb-924ed7f065c0', 'selector': [{'startContainer': '/', 'endContainer': '/', 'startOffset': 274, 'endOffset': 286}]}"
7e7199ad-3908-426f-9850-9a68c32653a0,d3ce7764-eb85-4999-b965-c028f539ee33,1ecf29a6-9193-4a8b-9317-5dc319b94507,"{'text': 'se disputait', 'context': '0. La mère se disputait avec son fils en public, c’était gênant.'}",eb9a2239-5a6c-4da5-8957-af8a90d3e880,e6e4ac30-bd74-4a70-bfeb-924ed7f065c0,2024-11-26T09:16:03.567607+00:00,"{'source': 'e6e4ac30-bd74-4a70-bfeb-924ed7f065c0', 'selector': [{'startContainer': '/', 'endContainer': '/', 'startOffset': 98, 'endOffset': 110}]}"
0e910142-55ec-4900-b0f0-52cd56090e66,default,0,"{'text': 'se disputait', 'context': '0. La mère se disputait avec son fils en public, c’était gênant.', 'proba': 1.0, 'process': 'reference word'}",76a78473-a608-4c59-bf52-898d3dfd7121,e6e4ac30-bd74-4a70-bfeb-924ed7f065c0,2025-02-05T14:40:57.493670,"{'source': 'e6e4ac30-bd74-4a70-bfeb-924ed7f065c0', 'selector': [{'startContainer': '/', 'endContainer': '/', 'startOffset': 98, 'endOffset': 110}]}"
bbd69d6a-ecda-4cdf-9dc7-70318b837344,d3ce7764-eb85-4999-b965-c028f539ee33,1ecf29a6-9193-4a8b-9317-5dc319b94507,"{'text': 'se disputent', 'context': '1. Mes parents se disputent tout le temps, c’est triste.', 'proba': 0.9}",d34602e1-1664-42cb-b139-c5cb8bcfa2a0,e6e4ac30-bd74-4a70-bfeb-924ed7f065c0,2024-11-25T11:28:31.022875+00:00,"{'source': 'e6e4ac30-bd74-4a70-bfeb-924ed7f065c0', 'selector': [{'startContainer': '/', 'endContainer': '/', 'startOffset': 274, 'endOffset': 286}]}"
495c7782-ddc3-46de-8c4e-f45467a88c1c,d3ce7764-eb85-4999-b965-c028f539ee33,1ecf29a6-9193-4a8b-9317-5dc319b94507,"{'text': 'se disputait', 'context': '0. La mère se disputait avec son fils en public, c’était gênant.', 'proba': 1.0, 'process': 'reference word'}",d34602e1-1664-42cb-b139-c5cb8bcfa2a0,e6e4ac30-bd74-4a70-bfeb-924ed7f065c0,2024-11-25T11:28:27.710659+00:00,"{'source': 'e6e4ac30-bd74-4a70-bfeb-924ed7f065c0', 'selector': [{'startContainer': '/', 'endContainer': '/', 'startOffset': 98, 'endOffset': 110}]}"
20afa0db-31b8-4abb-bd90-76ad68cba14b,default,0,"{'text': 'se dire', 'context': ""0. C'est mieux de tout se dire quand on veut bien s'entendre entre amis."", 'proba': 0.7}",76a78473-a608-4c59-bf52-898d3dfd7121,dbb0e4a9-9e12-4161-bfcd-9762abec6244,2025-02-05T14:40:57.493880,"{'source': 'dbb0e4a9-9e12-4161-bfcd-9762abec6244', 'selector': [{'startContainer': '/', 'endContainer': '/', 'startOffset': 106, 'endOffset': 113}]}"
8df263f9-0d64-4064-a925-71c5b8f6f12e,default,371a5d39-6e41-427f-8e1f-6bf64504e080,"{'text': 's’est dit', 'context': '1. Sa fille lui manquait. Elle s’est dit que ce weekend, elle ira la voir.', 'proba': 1.0, 'process': 'reference word'}",c750946d-c7bd-42e9-9b77-2c9425fdae60,dbb0e4a9-9e12-4161-bfcd-9762abec6244,2025-02-05T14:40:57.493778,"{'source': 'dbb0e4a9-9e12-4161-bfcd-9762abec6244', 'selector': [{'startContainer': '/', 'endContainer': '/', 'startOffset': 290, 'endOffset': 299}]}"
daed9485-0b06-4677-8843-316526c60dfc,d3ce7764-eb85-4999-b965-c028f539ee33,371a5d39-6e41-427f-8e1f-6bf64504e080,"{'text': 's’est dit', 'context': '1. Sa fille lui manquait. Elle s’est dit que ce weekend, elle ira la voir.', 'proba': 1.0, 'process': 'reference word'}",d34602e1-1664-42cb-b139-c5cb8bcfa2a0,dbb0e4a9-9e12-4161-bfcd-9762abec6244,2024-11-25T11:28:01.502197+00:00,"{'source': 'dbb0e4a9-9e12-4161-bfcd-9762abec6244', 'selector': [{'startContainer': '/', 'endContainer': '/', 'startOffset': 290, 'endOffset': 299}]}"
4116bd0b-3a2e-423d-be00-05da09e42150,d3ce7764-eb85-4999-b965-c028f539ee33,371a5d39-6e41-427f-8e1f-6bf64504e080,"{'text': 's’est dit', 'context': '1. Sa fille lui manquait. Elle s’est dit que ce weekend, elle ira la voir.'}",e920598f-774d-4e1c-a2dc-8fb9a6f3053f,dbb0e4a9-9e12-4161-bfcd-9762abec6244,2024-11-25T10:18:26.469595+00:00,"{'source': 'dbb0e4a9-9e12-4161-bfcd-9762abec6244', 'selector': [{'startContainer': '/', 'endContainer': '/', 'startOffset': 290, 'endOffset': 299}]}"
271c6d42-7b45-4f53-8b20-d8aefa6ea862,default,1ecf29a6-9193-4a8b-9317-5dc319b94507,"{'text': 'se dire', 'context': ""0. C'est mieux de tout se dire quand on veut bien s'entendre entre amis."", 'proba': 0.7}",c750946d-c7bd-42e9-9b77-2c9425fdae60,dbb0e4a9-9e12-4161-bfcd-9762abec6244,2025-02-05T14:40:57.493880,"{'source': 'dbb0e4a9-9e12-4161-bfcd-9762abec6244', 'selector': [{'startContainer': '/', 'endContainer': '/', 'startOffset': 106, 'endOffset': 113}]}"
f1e0ab7c-97d8-4037-b24e-0202a0920213,d3ce7764-eb85-4999-b965-c028f539ee33,371a5d39-6e41-427f-8e1f-6bf64504e080,"{'text': 's’est dit', 'context': '1. Sa fille lui manquait. Elle s’est dit que ce weekend, elle ira la voir.'}",eb9a2239-5a6c-4da5-8957-af8a90d3e880,dbb0e4a9-9e12-4161-bfcd-9762abec6244,2024-11-26T09:15:44.558136+00:00,"{'source': 'dbb0e4a9-9e12-4161-bfcd-9762abec6244', 'selector': [{'startContainer': '/', 'endContainer': '/', 'startOffset': 290, 'endOffset': 299}]}"
8efa00ac-05f7-47a1-b849-8a543f3ca898,d3ce7764-eb85-4999-b965-c028f539ee33,1ecf29a6-9193-4a8b-9317-5dc319b94507,"{'text': 'se dire', 'context': ""0. C'est mieux de tout se dire quand on veut bien s'entendre entre amis."", 'proba': 0.7}",d34602e1-1664-42cb-b139-c5cb8bcfa2a0,dbb0e4a9-9e12-4161-bfcd-9762abec6244,2024-11-25T11:27:42.334586+00:00,"{'source': 'dbb0e4a9-9e12-4161-bfcd-9762abec6244', 'selector': [{'startContainer': '/', 'endContainer': '/', 'startOffset': 106, 'endOffset': 113}]}"
9066b930-6c3e-4a48-a7a0-02a83bdd33bf,default,0,"{'text': 's’est dit', 'context': '1. Sa fille lui manquait. Elle s’est dit que ce weekend, elle ira la voir.', 'proba': 1.0, 'process': 'reference word'}",76a78473-a608-4c59-bf52-898d3dfd7121,dbb0e4a9-9e12-4161-bfcd-9762abec6244,2025-02-05T14:40:57.493778,"{'source': 'dbb0e4a9-9e12-4161-bfcd-9762abec6244', 'selector': [{'startContainer': '/', 'endContainer': '/', 'startOffset': 290, 'endOffset': 299}]}"
6a9f3b47-4a37-4ccc-a6ef-2e06ae4430bf,d3ce7764-eb85-4999-b965-c028f539ee33,1ecf29a6-9193-4a8b-9317-5dc319b94507,"{'text': 'se dire', 'context': ""0. C'est mieux de tout se dire quand on veut bien s'entendre entre amis.""}",e920598f-774d-4e1c-a2dc-8fb9a6f3053f,dbb0e4a9-9e12-4161-bfcd-9762abec6244,2024-11-25T10:18:14.896339+00:00,"{'source': 'dbb0e4a9-9e12-4161-bfcd-9762abec6244', 'selector': [{'startContainer': '/', 'endContainer': '/', 'startOffset': 106, 'endOffset': 113}]}"
a1e6bdc0-a99d-4a67-acfd-562f564fde0a,d3ce7764-eb85-4999-b965-c028f539ee33,1ecf29a6-9193-4a8b-9317-5dc319b94507,"{'text': 'se dire', 'context': ""0. C'est mieux de tout se dire quand on veut bien s'entendre entre amis.""}",eb9a2239-5a6c-4da5-8957-af8a90d3e880,dbb0e4a9-9e12-4161-bfcd-9762abec6244,2024-11-26T09:15:39.953759+00:00,"{'source': 'dbb0e4a9-9e12-4161-bfcd-9762abec6244', 'selector': [{'startContainer': '/', 'endContainer': '/', 'startOffset': 106, 'endOffset': 113}]}"
8e6bf8d1-5088-402e-b89e-8cf9eace4f4b,d3ce7764-eb85-4999-b965-c028f539ee33,1ecf29a6-9193-4a8b-9317-5dc319b94507,"{'text': 'oppose', 'context': ""1. Le syndicat s'oppose à la réduction des primes des travailleurs."", 'proba': 1.0, 'process': 'reference word'}",d34602e1-1664-42cb-b139-c5cb8bcfa2a0,2e6cfd29-c684-43c6-bfeb-d37f7558640a,2024-11-25T11:16:17.900782+00:00,"{'source': '2e6cfd29-c684-43c6-bfeb-d37f7558640a', 'selector': [{'startContainer': '/', 'endContainer': '/', 'startOffset': 279, 'endOffset': 286}]}"
b33026ee-7db5-4a58-a132-9b8b3a89bad2,default,0,"{'text': 'oppose', 'context': ""1. Le syndicat s'oppose à la réduction des primes des travailleurs."", 'proba': 1.0, 'process': 'reference word'}",76a78473-a608-4c59-bf52-898d3dfd7121,2e6cfd29-c684-43c6-bfeb-d37f7558640a,2025-02-05T14:40:57.493985,"{'source': '2e6cfd29-c684-43c6-bfeb-d37f7558640a', 'selector': [{'startContainer': '/', 'endContainer': '/', 'startOffset': 279, 'endOffset': 286}]}"
4ff828b8-9eea-48a1-b6b1-62af9d2375f5,d3ce7764-eb85-4999-b965-c028f539ee33,1ecf29a6-9193-4a8b-9317-5dc319b94507,"{'text': ""s'oppose à"", 'context': ""0. Le syndicat s'oppose à la réduction des primes des travailleurs.""}",e920598f-774d-4e1c-a2dc-8fb9a6f3053f,2e6cfd29-c684-43c6-bfeb-d37f7558640a,2024-11-25T09:47:51.801220+00:00,"{'source': '2e6cfd29-c684-43c6-bfeb-d37f7558640a', 'selector': [{'startContainer': '/', 'endContainer': '/', 'startOffset': 102, 'endOffset': 112}]}"
6712eb1c-e933-4e97-8b33-3e6cf82c111c,d3ce7764-eb85-4999-b965-c028f539ee33,1ecf29a6-9193-4a8b-9317-5dc319b94507,"{'text': 'oppose', 'context': ""0. Le syndicat s'oppose à la réduction des primes des travailleurs."", 'proba': 1.0}",d34602e1-1664-42cb-b139-c5cb8bcfa2a0,2e6cfd29-c684-43c6-bfeb-d37f7558640a,2024-11-25T11:16:13.118692+00:00,"{'source': '2e6cfd29-c684-43c6-bfeb-d37f7558640a', 'selector': [{'startContainer': '/', 'endContainer': '/', 'startOffset': 104, 'endOffset': 111}]}"
4190a96d-0075-48d3-9864-f4ad8cbaaa36,d3ce7764-eb85-4999-b965-c028f539ee33,1ecf29a6-9193-4a8b-9317-5dc319b94507,"{'text': ""s'oppose à"", 'context': ""1. Le syndicat s'oppose à la réduction des primes des travailleurs.""}",e920598f-774d-4e1c-a2dc-8fb9a6f3053f,2e6cfd29-c684-43c6-bfeb-d37f7558640a,2024-11-25T09:47:54.947696+00:00,"{'source': '2e6cfd29-c684-43c6-bfeb-d37f7558640a', 'selector': [{'startContainer': '/', 'endContainer': '/', 'startOffset': 277, 'endOffset': 287}]}"
280f6d4e-e02f-4f35-bebd-de7ee2bc2a4e,d3ce7764-eb85-4999-b965-c028f539ee33,1ecf29a6-9193-4a8b-9317-5dc319b94507,"{'text': ""s'oppose à"", 'context': ""0. Le syndicat s'oppose à la réduction des primes des travailleurs.""}",eb9a2239-5a6c-4da5-8957-af8a90d3e880,2e6cfd29-c684-43c6-bfeb-d37f7558640a,2024-11-26T09:03:10.195522+00:00,"{'source': '2e6cfd29-c684-43c6-bfeb-d37f7558640a', 'selector': [{'startContainer': '/', 'endContainer': '/', 'startOffset': 102, 'endOffset': 112}]}"
396b4a2e-594d-42a9-8573-4becdda0f80a,default,1ecf29a6-9193-4a8b-9317-5dc319b94507,"{'text': 'oppose', 'context': ""1. Le syndicat s'oppose à la réduction des primes des travailleurs."", 'proba': 1.0, 'process': 'reference word'}",c750946d-c7bd-42e9-9b77-2c9425fdae60,2e6cfd29-c684-43c6-bfeb-d37f7558640a,2025-02-05T14:40:57.493985,"{'source': '2e6cfd29-c684-43c6-bfeb-d37f7558640a', 'selector': [{'startContainer': '/', 'endContainer': '/', 'startOffset': 279, 'endOffset': 286}]}"
239adc90-6018-4aa3-b09c-7c43e3bfb3b8,d3ce7764-eb85-4999-b965-c028f539ee33,1ecf29a6-9193-4a8b-9317-5dc319b94507,"{'text': ""s'oppose à"", 'context': ""1. Le syndicat s'oppose à la réduction des primes des travailleurs.""}",eb9a2239-5a6c-4da5-8957-af8a90d3e880,2e6cfd29-c684-43c6-bfeb-d37f7558640a,2024-11-26T09:03:13.225857+00:00,"{'source': '2e6cfd29-c684-43c6-bfeb-d37f7558640a', 'selector': [{'startContainer': '/', 'endContainer': '/', 'startOffset': 277, 'endOffset': 287}]}"
98e58564-0e09-4c93-b8ae-c45ca555cdb7,default,1ecf29a6-9193-4a8b-9317-5dc319b94507,"{'text': 'oppose', 'context': ""0. Le syndicat s'oppose à la réduction des primes des travailleurs."", 'proba': 1.0}",c750946d-c7bd-42e9-9b77-2c9425fdae60,2e6cfd29-c684-43c6-bfeb-d37f7558640a,2025-02-05T14:40:57.494085,"{'source': '2e6cfd29-c684-43c6-bfeb-d37f7558640a', 'selector': [{'startContainer': '/', 'endContainer': '/', 'startOffset': 104, 'endOffset': 111}]}"
2974d3d8-89d7-4048-84ae-900f87a05023,default,0,"{'text': 'oppose', 'context': ""0. Le syndicat s'oppose à la réduction des primes des travailleurs."", 'proba': 1.0}",76a78473-a608-4c59-bf52-898d3dfd7121,2e6cfd29-c684-43c6-bfeb-d37f7558640a,2025-02-05T14:40:57.494085,"{'source': '2e6cfd29-c684-43c6-bfeb-d37f7558640a', 'selector': [{'startContainer': '/', 'endContainer': '/', 'startOffset': 104, 'endOffset': 111}]}"
a5ea6f68-371e-4ec9-be96-383f38165e8e,default,1ecf29a6-9193-4a8b-9317-5dc319b94507,"{'text': 'a réalisé', 'context': '2. Elle a réalisé sa plus belle invention en 1906.', 'proba': 1.0, 'process': 'reference word'}",c750946d-c7bd-42e9-9b77-2c9425fdae60,ccc599de-e8f8-4135-9ebc-4ddfa170e194,2025-02-05T14:40:57.494408,"{'source': 'ccc599de-e8f8-4135-9ebc-4ddfa170e194', 'selector': [{'startContainer': '/', 'endContainer': '/', 'startOffset': 402, 'endOffset': 411}]}"
cc9a7001-f686-434b-b1b2-6abf193cc726,d3ce7764-eb85-4999-b965-c028f539ee33,1ecf29a6-9193-4a8b-9317-5dc319b94507,"{'text': 'réalisé', 'context': '0. Il a réalisé son rêve de devenir médecin.'}",e920598f-774d-4e1c-a2dc-8fb9a6f3053f,ccc599de-e8f8-4135-9ebc-4ddfa170e194,2024-11-25T10:16:40.032943+00:00,"{'source': 'ccc599de-e8f8-4135-9ebc-4ddfa170e194', 'selector': [{'startContainer': '/', 'endContainer': '/', 'startOffset': 92, 'endOffset': 99}]}"
85ad5911-dc7a-4fbf-a5e4-467a9b9404c1,d3ce7764-eb85-4999-b965-c028f539ee33,1ecf29a6-9193-4a8b-9317-5dc319b94507,"{'text': 'a réalisé', 'context': '0. Il a réalisé son rêve de devenir médecin.', 'proba': 0.7}",d34602e1-1664-42cb-b139-c5cb8bcfa2a0,ccc599de-e8f8-4135-9ebc-4ddfa170e194,2024-12-27T08:34:19.668310+00:00,"{'source': 'ccc599de-e8f8-4135-9ebc-4ddfa170e194', 'selector': [{'startContainer': '/', 'endContainer': '/', 'startOffset': 90, 'endOffset': 99}]}"
5408fc02-6115-47fa-8ab7-2472ab1416bc,default,0,"{'text': 'a réalisé', 'context': '2. Elle a réalisé sa plus belle invention en 1906.', 'proba': 1.0, 'process': 'reference word'}",76a78473-a608-4c59-bf52-898d3dfd7121,ccc599de-e8f8-4135-9ebc-4ddfa170e194,2025-02-05T14:40:57.494408,"{'source': 'ccc599de-e8f8-4135-9ebc-4ddfa170e194', 'selector': [{'startContainer': '/', 'endContainer': '/', 'startOffset': 402, 'endOffset': 411}]}"
ce2e4fe0-c315-4545-9e09-634fc3ede0d2,default,1ecf29a6-9193-4a8b-9317-5dc319b94507,"{'text': 'réaliser', 'context': '1. Elle a réussi à réaliser son rêve de devenir médecin.', 'proba': 0.85}",c750946d-c7bd-42e9-9b77-2c9425fdae60,ccc599de-e8f8-4135-9ebc-4ddfa170e194,2025-02-05T14:40:57.494307,"{'source': 'ccc599de-e8f8-4135-9ebc-4ddfa170e194', 'selector': [{'startContainer': '/', 'endContainer': '/', 'startOffset': 252, 'endOffset': 261}]}"
51fa26b5-b449-4891-b647-ac91013cd568,d3ce7764-eb85-4999-b965-c028f539ee33,1ecf29a6-9193-4a8b-9317-5dc319b94507,"{'text': 'réaliser', 'context': '1. Elle a réussi à réaliser son rêve de devenir médecin.'}",e920598f-774d-4e1c-a2dc-8fb9a6f3053f,ccc599de-e8f8-4135-9ebc-4ddfa170e194,2024-11-25T10:16:41.772810+00:00,"{'source': 'ccc599de-e8f8-4135-9ebc-4ddfa170e194', 'selector': [{'startContainer': '/', 'endContainer': '/', 'startOffset': 252, 'endOffset': 260}]}"
26768768-ea7b-477e-a4d4-a3e00c8c97c7,d3ce7764-eb85-4999-b965-c028f539ee33,1ecf29a6-9193-4a8b-9317-5dc319b94507,"{'text': 'réaliser', 'context': '1. Elle a réussi à réaliser son rêve de devenir médecin.'}",eb9a2239-5a6c-4da5-8957-af8a90d3e880,ccc599de-e8f8-4135-9ebc-4ddfa170e194,2024-11-26T09:13:45.580041+00:00,"{'source': 'ccc599de-e8f8-4135-9ebc-4ddfa170e194', 'selector': [{'startContainer': '/', 'endContainer': '/', 'startOffset': 252, 'endOffset': 260}]}"
a98786b3-a38e-4fed-8145-b91ffb701352,d3ce7764-eb85-4999-b965-c028f539ee33,1ecf29a6-9193-4a8b-9317-5dc319b94507,"{'text': 'réaliser', 'context': '1. Elle a réussi à réaliser son rêve de devenir médecin.', 'proba': 0.85}",d34602e1-1664-42cb-b139-c5cb8bcfa2a0,ccc599de-e8f8-4135-9ebc-4ddfa170e194,2024-12-27T08:34:29.799351+00:00,"{'source': 'ccc599de-e8f8-4135-9ebc-4ddfa170e194', 'selector': [{'startContainer': '/', 'endContainer': '/', 'startOffset': 252, 'endOffset': 261}]}"
2ef84a6d-3eb3-48b5-8618-e0e2df8a0ff5,default,0,"{'text': 'réaliser', 'context': '1. Elle a réussi à réaliser son rêve de devenir médecin.', 'proba': 0.85}",76a78473-a608-4c59-bf52-898d3dfd7121,ccc599de-e8f8-4135-9ebc-4ddfa170e194,2025-02-05T14:40:57.494307,"{'source': 'ccc599de-e8f8-4135-9ebc-4ddfa170e194', 'selector': [{'startContainer': '/', 'endContainer': '/', 'startOffset': 252, 'endOffset': 261}]}"
3fcdbe3a-dd3a-4406-b1e1-2a21b9697d21,default,1ecf29a6-9193-4a8b-9317-5dc319b94507,"{'text': 'a réalisé', 'context': '0. Il a réalisé son rêve de devenir médecin.', 'proba': 0.7}",c750946d-c7bd-42e9-9b77-2c9425fdae60,ccc599de-e8f8-4135-9ebc-4ddfa170e194,2025-02-05T14:40:57.494206,"{'source': 'ccc599de-e8f8-4135-9ebc-4ddfa170e194', 'selector': [{'startContainer': '/', 'endContainer': '/', 'startOffset': 90, 'endOffset': 99}]}"
942cf4c2-0f14-4987-a4ca-03861bd2fb52,d3ce7764-eb85-4999-b965-c028f539ee33,1ecf29a6-9193-4a8b-9317-5dc319b94507,"{'text': 'a réalisé', 'context': '2. Elle a réalisé sa plus belle invention en 1906.', 'proba': 1.0, 'process': 'reference word'}",d34602e1-1664-42cb-b139-c5cb8bcfa2a0,ccc599de-e8f8-4135-9ebc-4ddfa170e194,2024-12-27T08:34:55.845573+00:00,"{'source': 'ccc599de-e8f8-4135-9ebc-4ddfa170e194', 'selector': [{'startContainer': '/', 'endContainer': '/', 'startOffset': 402, 'endOffset': 411}]}"
cef765aa-fe63-4df9-8924-9a82aa50bc22,d3ce7764-eb85-4999-b965-c028f539ee33,1ecf29a6-9193-4a8b-9317-5dc319b94507,"{'text': 'réalisé', 'context': '2. Elle a réalisé sa plus belle invention en 1906.'}",e920598f-774d-4e1c-a2dc-8fb9a6f3053f,ccc599de-e8f8-4135-9ebc-4ddfa170e194,2024-11-25T10:16:49.707300+00:00,"{'source': 'ccc599de-e8f8-4135-9ebc-4ddfa170e194', 'selector': [{'startContainer': '/', 'endContainer': '/', 'startOffset': 404, 'endOffset': 411}]}"
e62e42a1-597b-4ac1-ba82-311ec49342e2,d3ce7764-eb85-4999-b965-c028f539ee33,1ecf29a6-9193-4a8b-9317-5dc319b94507,"{'text': 'réalisé', 'context': '0. Il a réalisé son rêve de devenir médecin.'}",eb9a2239-5a6c-4da5-8957-af8a90d3e880,ccc599de-e8f8-4135-9ebc-4ddfa170e194,2024-11-26T09:13:40.849898+00:00,"{'source': 'ccc599de-e8f8-4135-9ebc-4ddfa170e194', 'selector': [{'startContainer': '/', 'endContainer': '/', 'startOffset': 92, 'endOffset': 99}]}"
7c3a9e88-a347-444c-bf9f-d1c746adf87b,default,0,"{'text': 'a réalisé', 'context': '0. Il a réalisé son rêve de devenir médecin.', 'proba': 0.7}",76a78473-a608-4c59-bf52-898d3dfd7121,ccc599de-e8f8-4135-9ebc-4ddfa170e194,2025-02-05T14:40:57.494206,"{'source': 'ccc599de-e8f8-4135-9ebc-4ddfa170e194', 'selector': [{'startContainer': '/', 'endContainer': '/', 'startOffset': 90, 'endOffset': 99}]}"
a30b4e70-fa9c-4dc5-b749-b83ea993d310,d3ce7764-eb85-4999-b965-c028f539ee33,371a5d39-6e41-427f-8e1f-6bf64504e080,"{'text': 'réalisé', 'context': '2. Elle a réalisé sa plus belle invention en 1906.'}",eb9a2239-5a6c-4da5-8957-af8a90d3e880,ccc599de-e8f8-4135-9ebc-4ddfa170e194,2024-11-26T09:13:52.424675+00:00,"{'source': 'ccc599de-e8f8-4135-9ebc-4ddfa170e194', 'selector': [{'startContainer': '/', 'endContainer': '/', 'startOffset': 404, 'endOffset': 411}]}"
a2150020-3427-444b-9f46-baadb58cf94e,d3ce7764-eb85-4999-b965-c028f539ee33,1ecf29a6-9193-4a8b-9317-5dc319b94507,"{'text': 'Rayer', 'context': '0. Rayer, ça veut dire barrer. Il faut encercler la bonne réponse et rayer la mauvaise.', 'proba': 1.0, 'process': 'reference word'}",d34602e1-1664-42cb-b139-c5cb8bcfa2a0,4b3d0f15-cbd3-4c00-a111-a6a2fd3e5975,2024-11-25T11:19:46.608738+00:00,"{'source': '4b3d0f15-cbd3-4c00-a111-a6a2fd3e5975', 'selector': [{'startContainer': '/', 'endContainer': '/', 'startOffset': 84, 'endOffset': 89}]}"
0531f712-29c1-4dd9-948f-7af2fff4be84,default,0,"{'text': 'rayer', 'context': ""1. Vous pouvez rayer mon nom de la liste d'attente, je n’ai plus de temps."", 'proba': 0.9}",76a78473-a608-4c59-bf52-898d3dfd7121,4b3d0f15-cbd3-4c00-a111-a6a2fd3e5975,2025-02-05T14:40:57.494612,"{'source': '4b3d0f15-cbd3-4c00-a111-a6a2fd3e5975', 'selector': [{'startContainer': '/', 'endContainer': '/', 'startOffset': 285, 'endOffset': 291}]}"
fbd1bba6-dc2e-4eda-8883-079e2e89d33b,default,1ecf29a6-9193-4a8b-9317-5dc319b94507,"{'text': 'Rayer', 'context': '0. Rayer, ça veut dire barrer. Il faut encercler la bonne réponse et rayer la mauvaise.', 'proba': 1.0, 'process': 'reference word'}",c750946d-c7bd-42e9-9b77-2c9425fdae60,4b3d0f15-cbd3-4c00-a111-a6a2fd3e5975,2025-02-05T14:40:57.494512,"{'source': '4b3d0f15-cbd3-4c00-a111-a6a2fd3e5975', 'selector': [{'startContainer': '/', 'endContainer': '/', 'startOffset': 84, 'endOffset': 89}]}"
f15f40c6-7ebe-499d-9eba-73ef72ca2b41,d3ce7764-eb85-4999-b965-c028f539ee33,1ecf29a6-9193-4a8b-9317-5dc319b94507,"{'text': 'rayer', 'context': '0. Rayer, ça veut dire barrer. Il faut encercler la bonne réponse et rayer la mauvaise.'}",e920598f-774d-4e1c-a2dc-8fb9a6f3053f,4b3d0f15-cbd3-4c00-a111-a6a2fd3e5975,2024-11-25T09:49:56.139320+00:00,"{'source': '4b3d0f15-cbd3-4c00-a111-a6a2fd3e5975', 'selector': [{'startContainer': '/', 'endContainer': '/', 'startOffset': 150, 'endOffset': 155}]}"
4ce40973-26b6-4cef-aa44-4b940a207482,default,1ecf29a6-9193-4a8b-9317-5dc319b94507,"{'text': 'rayer', 'context': ""1. Vous pouvez rayer mon nom de la liste d'attente, je n’ai plus de temps."", 'proba': 0.9}",c750946d-c7bd-42e9-9b77-2c9425fdae60,4b3d0f15-cbd3-4c00-a111-a6a2fd3e5975,2025-02-05T14:40:57.494612,"{'source': '4b3d0f15-cbd3-4c00-a111-a6a2fd3e5975', 'selector': [{'startContainer': '/', 'endContainer': '/', 'startOffset': 285, 'endOffset': 291}]}"
2bf4041a-ac10-4c79-be63-671b3943829e,d3ce7764-eb85-4999-b965-c028f539ee33,1ecf29a6-9193-4a8b-9317-5dc319b94507,"{'text': 'rayer', 'context': ""1. Vous pouvez rayer mon nom de la liste d'attente, je n’ai plus de temps.""}",eb9a2239-5a6c-4da5-8957-af8a90d3e880,4b3d0f15-cbd3-4c00-a111-a6a2fd3e5975,2024-11-26T09:06:05.541721+00:00,"{'source': '4b3d0f15-cbd3-4c00-a111-a6a2fd3e5975', 'selector': [{'startContainer': '/', 'endContainer': '/', 'startOffset': 285, 'endOffset': 290}]}"
3fcf9908-f100-40bc-83c5-eae6994bc418,d3ce7764-eb85-4999-b965-c028f539ee33,1ecf29a6-9193-4a8b-9317-5dc319b94507,"{'text': 'rayer', 'context': ""1. Vous pouvez rayer mon nom de la liste d'attente, je n’ai plus de temps."", 'proba': 0.9}",d34602e1-1664-42cb-b139-c5cb8bcfa2a0,4b3d0f15-cbd3-4c00-a111-a6a2fd3e5975,2024-11-25T11:19:56.992038+00:00,"{'source': '4b3d0f15-cbd3-4c00-a111-a6a2fd3e5975', 'selector': [{'startContainer': '/', 'endContainer': '/', 'startOffset': 285, 'endOffset': 291}]}"
cf503c5a-520b-46d1-8e9c-03721d404a7a,default,0,"{'text': 'Rayer', 'context': '0. Rayer, ça veut dire barrer. Il faut encercler la bonne réponse et rayer la mauvaise.', 'proba': 1.0, 'process': 'reference word'}",76a78473-a608-4c59-bf52-898d3dfd7121,4b3d0f15-cbd3-4c00-a111-a6a2fd3e5975,2025-02-05T14:40:57.494512,"{'source': '4b3d0f15-cbd3-4c00-a111-a6a2fd3e5975', 'selector': [{'startContainer': '/', 'endContainer': '/', 'startOffset': 84, 'endOffset': 89}]}"
ed7ee897-6619-4e2c-9ba6-38800f9f72ed,d3ce7764-eb85-4999-b965-c028f539ee33,1ecf29a6-9193-4a8b-9317-5dc319b94507,"{'text': 'rayer', 'context': ""1. Vous pouvez rayer mon nom de la liste d'attente, je n’ai plus de temps.""}",e920598f-774d-4e1c-a2dc-8fb9a6f3053f,4b3d0f15-cbd3-4c00-a111-a6a2fd3e5975,2024-11-25T09:49:57.969676+00:00,"{'source': '4b3d0f15-cbd3-4c00-a111-a6a2fd3e5975', 'selector': [{'startContainer': '/', 'endContainer': '/', 'startOffset': 285, 'endOffset': 290}]}"
09fe6081-2ed9-47c7-ab54-ff56187f6d6d,d3ce7764-eb85-4999-b965-c028f539ee33,1ecf29a6-9193-4a8b-9317-5dc319b94507,"{'text': 'Rayer', 'context': '0. Rayer, ça veut dire barrer. Il faut encercler la bonne réponse et rayer la mauvaise.'}",eb9a2239-5a6c-4da5-8957-af8a90d3e880,4b3d0f15-cbd3-4c00-a111-a6a2fd3e5975,2024-11-26T09:06:00.631338+00:00,"{'source': '4b3d0f15-cbd3-4c00-a111-a6a2fd3e5975', 'selector': [{'startContainer': '/', 'endContainer': '/', 'startOffset': 84, 'endOffset': 89}]}"
0228b3f2-c3b3-4504-a2da-1eb02992a680,default,1ecf29a6-9193-4a8b-9317-5dc319b94507,"{'text': 'ai pris', 'context': ""0. J'ai pris un café ce matin."", 'proba': 1.0, 'process': 'reference word'}",c750946d-c7bd-42e9-9b77-2c9425fdae60,b7921a83-34ae-498d-b7b6-0a5eb3a78def,2025-02-05T14:40:57.494819,"{'source': 'b7921a83-34ae-498d-b7b6-0a5eb3a78def', 'selector': [{'startContainer': '/', 'endContainer': '/', 'startOffset': 88, 'endOffset': 95}]}"
a972ccfe-9c66-484a-a1b6-d7b63511252d,d3ce7764-eb85-4999-b965-c028f539ee33,1ecf29a6-9193-4a8b-9317-5dc319b94507,"{'text': 'pris', 'context': ""0. J'ai pris un café ce matin.""}",e920598f-774d-4e1c-a2dc-8fb9a6f3053f,b7921a83-34ae-498d-b7b6-0a5eb3a78def,2024-11-25T10:15:07.896180+00:00,"{'source': 'b7921a83-34ae-498d-b7b6-0a5eb3a78def', 'selector': [{'startContainer': '/', 'endContainer': '/', 'startOffset': 91, 'endOffset': 95}]}"
3c95d3b0-7287-4545-9be6-7ea9a18e9375,d3ce7764-eb85-4999-b965-c028f539ee33,1ecf29a6-9193-4a8b-9317-5dc319b94507,"{'text': 'ai pris', 'context': ""0. J'ai pris un café ce matin.""}",eb9a2239-5a6c-4da5-8957-af8a90d3e880,b7921a83-34ae-498d-b7b6-0a5eb3a78def,2024-11-26T09:10:24.182897+00:00,"{'source': 'b7921a83-34ae-498d-b7b6-0a5eb3a78def', 'selector': [{'startContainer': '/', 'endContainer': '/', 'startOffset': 88, 'endOffset': 95}]}"
e5788f9e-ff06-4a9c-b695-0c1053ce16fa,d3ce7764-eb85-4999-b965-c028f539ee33,1ecf29a6-9193-4a8b-9317-5dc319b94507,"{'text': 'Prends', 'context': '1. Prends un parapluie, il va pleuvoir.'}",eb9a2239-5a6c-4da5-8957-af8a90d3e880,b7921a83-34ae-498d-b7b6-0a5eb3a78def,2024-11-26T09:10:32.111081+00:00,"{'source': 'b7921a83-34ae-498d-b7b6-0a5eb3a78def', 'selector': [{'startContainer': '/', 'endContainer': '/', 'startOffset': 220, 'endOffset': 226}]}"
13b49970-183b-4a90-aed9-fc63d3cb0832,d3ce7764-eb85-4999-b965-c028f539ee33,371a5d39-6e41-427f-8e1f-6bf64504e080,"{'text': 'Prends', 'context': '1. Prends un parapluie, il va pleuvoir.', 'proba': 0.8}",d34602e1-1664-42cb-b139-c5cb8bcfa2a0,b7921a83-34ae-498d-b7b6-0a5eb3a78def,2024-11-25T11:24:28.792697+00:00,"{'source': 'b7921a83-34ae-498d-b7b6-0a5eb3a78def', 'selector': [{'startContainer': '/', 'endContainer': '/', 'startOffset': 220, 'endOffset': 227}]}"
46252fd1-b69d-4dc1-b0e2-ef5f8b7aab12,d3ce7764-eb85-4999-b965-c028f539ee33,1ecf29a6-9193-4a8b-9317-5dc319b94507,"{'text': 'Prends', 'context': '1. Prends un parapluie, il va pleuvoir.'}",e920598f-774d-4e1c-a2dc-8fb9a6f3053f,b7921a83-34ae-498d-b7b6-0a5eb3a78def,2024-11-25T10:15:10.907694+00:00,"{'source': 'b7921a83-34ae-498d-b7b6-0a5eb3a78def', 'selector': [{'startContainer': '/', 'endContainer': '/', 'startOffset': 220, 'endOffset': 226}]}"
f6a42b09-dcee-47b2-a495-e968e5f308a1,d3ce7764-eb85-4999-b965-c028f539ee33,1ecf29a6-9193-4a8b-9317-5dc319b94507,"{'text': 'ai pris', 'context': ""0. J'ai pris un café ce matin."", 'proba': 1.0, 'process': 'reference word'}",d34602e1-1664-42cb-b139-c5cb8bcfa2a0,b7921a83-34ae-498d-b7b6-0a5eb3a78def,2024-12-27T08:32:04.082913+00:00,"{'source': 'b7921a83-34ae-498d-b7b6-0a5eb3a78def', 'selector': [{'startContainer': '/', 'endContainer': '/', 'startOffset': 88, 'endOffset': 95}]}"
2b3b10df-1e28-4873-b5e5-9021fb25b2d5,default,0,"{'text': 'ai pris', 'context': ""0. J'ai pris un café ce matin."", 'proba': 1.0, 'process': 'reference word'}",76a78473-a608-4c59-bf52-898d3dfd7121,b7921a83-34ae-498d-b7b6-0a5eb3a78def,2025-02-05T14:40:57.494819,"{'source': 'b7921a83-34ae-498d-b7b6-0a5eb3a78def', 'selector': [{'startContainer': '/', 'endContainer': '/', 'startOffset': 88, 'endOffset': 95}]}"
6be82c30-1896-46b2-ad18-9a166bebc067,default,371a5d39-6e41-427f-8e1f-6bf64504e080,"{'text': 'Prends', 'context': '1. Prends un parapluie, il va pleuvoir.', 'proba': 0.8}",c750946d-c7bd-42e9-9b77-2c9425fdae60,b7921a83-34ae-498d-b7b6-0a5eb3a78def,2025-02-05T14:40:57.494717,"{'source': 'b7921a83-34ae-498d-b7b6-0a5eb3a78def', 'selector': [{'startContainer': '/', 'endContainer': '/', 'startOffset': 220, 'endOffset': 227}]}"
34232c0b-7d36-4bec-8dc0-653ade6f6288,default,0,"{'text': 'Prends', 'context': '1. Prends un parapluie, il va pleuvoir.', 'proba': 0.8}",76a78473-a608-4c59-bf52-898d3dfd7121,b7921a83-34ae-498d-b7b6-0a5eb3a78def,2025-02-05T14:40:57.494717,"{'source': 'b7921a83-34ae-498d-b7b6-0a5eb3a78def', 'selector': [{'startContainer': '/', 'endContainer': '/', 'startOffset': 220, 'endOffset': 227}]}"
554ce745-1fe1-4649-83d9-a0afa3f2d7ab,d3ce7764-eb85-4999-b965-c028f539ee33,4541071f-c195-4999-b9a9-4d89a5520008,"{'text': 'a passé', 'context': ""3. Il a passé l'examen avec succès."", 'proba': 1.0, 'process': 'reference word'}",d34602e1-1664-42cb-b139-c5cb8bcfa2a0,3dfbf7db-1570-4343-ad23-f013f4b65c21,2024-12-27T08:18:04.622033+00:00,"{'source': '3dfbf7db-1570-4343-ad23-f013f4b65c21', 'selector': [{'startContainer': '/', 'endContainer': '/', 'startOffset': 528, 'endOffset': 535}]}"
741d5dd8-aa05-4d6b-9e7e-d427155a0cdc,default,371a5d39-6e41-427f-8e1f-6bf64504e080,"{'text': 'vais passer', 'context': '2. Je vais passer chez toi demain.', 'proba': 0.6}",c750946d-c7bd-42e9-9b77-2c9425fdae60,3dfbf7db-1570-4343-ad23-f013f4b65c21,2025-02-05T14:40:57.495227,"{'source': '3dfbf7db-1570-4343-ad23-f013f4b65c21', 'selector': [{'startContainer': '/', 'endContainer': '/', 'startOffset': 391, 'endOffset': 402}]}"
bfc17ff0-f68d-4d5b-b5bd-a854547dea46,default,1,"{'text': 'Passez', 'context': '0. Passez par ici pour entrer dans le bâtiment.', 'proba': 0.1}",76a78473-a608-4c59-bf52-898d3dfd7121,3dfbf7db-1570-4343-ad23-f013f4b65c21,2025-02-05T14:40:57.495127,"{'source': '3dfbf7db-1570-4343-ad23-f013f4b65c21', 'selector': [{'startContainer': '/', 'endContainer': '/', 'startOffset': 85, 'endOffset': 92}]}"
4146a048-2851-40e4-b106-5e1d631f57c7,default,2,"{'text': 'passe', 'context': '1. Il passe devant la boulangerie tous les matins.', 'proba': 0.3}",76a78473-a608-4c59-bf52-898d3dfd7121,3dfbf7db-1570-4343-ad23-f013f4b65c21,2025-02-05T14:40:57.494926,"{'source': '3dfbf7db-1570-4343-ad23-f013f4b65c21', 'selector': [{'startContainer': '/', 'endContainer': '/', 'startOffset': 238, 'endOffset': 244}]}"
ce37b000-ad74-46f9-b8da-9d3001927586,d3ce7764-eb85-4999-b965-c028f539ee33,1ecf29a6-9193-4a8b-9317-5dc319b94507,"{'text': 'passe', 'context': '1. Il passe devant la boulangerie tous les matins.', 'proba': 0.3}",d34602e1-1664-42cb-b139-c5cb8bcfa2a0,3dfbf7db-1570-4343-ad23-f013f4b65c21,2024-11-25T11:17:45.111337+00:00,"{'source': '3dfbf7db-1570-4343-ad23-f013f4b65c21', 'selector': [{'startContainer': '/', 'endContainer': '/', 'startOffset': 238, 'endOffset': 244}]}"
35e68f2e-8328-42d4-b199-5c6102abf56a,default,4541071f-c195-4999-b9a9-4d89a5520008,"{'text': 'a passé', 'context': ""3. Il a passé l'examen avec succès."", 'proba': 1.0, 'process': 'reference word'}",c750946d-c7bd-42e9-9b77-2c9425fdae60,3dfbf7db-1570-4343-ad23-f013f4b65c21,2025-02-05T14:40:57.495026,"{'source': '3dfbf7db-1570-4343-ad23-f013f4b65c21', 'selector': [{'startContainer': '/', 'endContainer': '/', 'startOffset': 528, 'endOffset': 535}]}"
4010773c-618a-4f66-9d4d-a590aa046a42,d3ce7764-eb85-4999-b965-c028f539ee33,1ecf29a6-9193-4a8b-9317-5dc319b94507,"{'text': 'passer', 'context': '2. Je vais passer chez toi demain.'}",e920598f-774d-4e1c-a2dc-8fb9a6f3053f,3dfbf7db-1570-4343-ad23-f013f4b65c21,2024-11-25T09:48:43.687813+00:00,"{'source': '3dfbf7db-1570-4343-ad23-f013f4b65c21', 'selector': [{'startContainer': '/', 'endContainer': '/', 'startOffset': 396, 'endOffset': 402}]}"
1fde0524-7a80-4ac1-a242-01cda8549990,d3ce7764-eb85-4999-b965-c028f539ee33,1ecf29a6-9193-4a8b-9317-5dc319b94507,"{'text': 'passe', 'context': '1. Il passe devant la boulangerie tous les matins.'}",eb9a2239-5a6c-4da5-8957-af8a90d3e880,3dfbf7db-1570-4343-ad23-f013f4b65c21,2024-11-26T09:04:04.116336+00:00,"{'source': '3dfbf7db-1570-4343-ad23-f013f4b65c21', 'selector': [{'startContainer': '/', 'endContainer': '/', 'startOffset': 238, 'endOffset': 243}]}"
b40f9de7-b2d8-4a85-bde0-169aeeac8dc2,default,1ecf29a6-9193-4a8b-9317-5dc319b94507,"{'text': 'Passez', 'context': '0. Passez par ici pour entrer dans le bâtiment.', 'proba': 0.1}",c750946d-c7bd-42e9-9b77-2c9425fdae60,3dfbf7db-1570-4343-ad23-f013f4b65c21,2025-02-05T14:40:57.495127,"{'source': '3dfbf7db-1570-4343-ad23-f013f4b65c21', 'selector': [{'startContainer': '/', 'endContainer': '/', 'startOffset': 85, 'endOffset': 92}]}"
dbf92f4b-b091-40d2-ac39-1af3c1a2bc59,default,1ecf29a6-9193-4a8b-9317-5dc319b94507,"{'text': 'passe', 'context': '1. Il passe devant la boulangerie tous les matins.', 'proba': 0.3}",c750946d-c7bd-42e9-9b77-2c9425fdae60,3dfbf7db-1570-4343-ad23-f013f4b65c21,2025-02-05T14:40:57.494926,"{'source': '3dfbf7db-1570-4343-ad23-f013f4b65c21', 'selector': [{'startContainer': '/', 'endContainer': '/', 'startOffset': 238, 'endOffset': 244}]}"
a0331e40-a57e-4abf-9f47-5463c29d0b3e,default,0,"{'text': 'a passé', 'context': ""3. Il a passé l'examen avec succès."", 'proba': 1.0, 'process': 'reference word'}",76a78473-a608-4c59-bf52-898d3dfd7121,3dfbf7db-1570-4343-ad23-f013f4b65c21,2025-02-05T14:40:57.495026,"{'source': '3dfbf7db-1570-4343-ad23-f013f4b65c21', 'selector': [{'startContainer': '/', 'endContainer': '/', 'startOffset': 528, 'endOffset': 535}]}"
a9daa0dc-1d81-42c0-92f2-a212d97caf89,d3ce7764-eb85-4999-b965-c028f539ee33,371a5d39-6e41-427f-8e1f-6bf64504e080,"{'text': 'vais passer', 'context': '2. Je vais passer chez toi demain.', 'proba': 0.6}",d34602e1-1664-42cb-b139-c5cb8bcfa2a0,3dfbf7db-1570-4343-ad23-f013f4b65c21,2024-12-27T08:18:16.382839+00:00,"{'source': '3dfbf7db-1570-4343-ad23-f013f4b65c21', 'selector': [{'startContainer': '/', 'endContainer': '/', 'startOffset': 391, 'endOffset': 402}]}"
d8d6f121-abf1-435d-980e-725f51261713,default,1,"{'text': 'vais passer', 'context': '2. Je vais passer chez toi demain.', 'proba': 0.6}",76a78473-a608-4c59-bf52-898d3dfd7121,3dfbf7db-1570-4343-ad23-f013f4b65c21,2025-02-05T14:40:57.495227,"{'source': '3dfbf7db-1570-4343-ad23-f013f4b65c21', 'selector': [{'startContainer': '/', 'endContainer': '/', 'startOffset': 391, 'endOffset': 402}]}"
f3c65efc-5f9d-4324-9d4c-1db99808b53d,d3ce7764-eb85-4999-b965-c028f539ee33,371a5d39-6e41-427f-8e1f-6bf64504e080,"{'text': 'passer', 'context': '2. Je vais passer chez toi demain.'}",eb9a2239-5a6c-4da5-8957-af8a90d3e880,3dfbf7db-1570-4343-ad23-f013f4b65c21,2024-11-26T09:04:11.678996+00:00,"{'source': '3dfbf7db-1570-4343-ad23-f013f4b65c21', 'selector': [{'startContainer': '/', 'endContainer': '/', 'startOffset': 396, 'endOffset': 402}]}"
df2d03af-8c10-4e00-bd6e-135b94bea1b6,d3ce7764-eb85-4999-b965-c028f539ee33,371a5d39-6e41-427f-8e1f-6bf64504e080,"{'text': 'passé', 'context': ""3. Il a passé l'examen avec succès.""}",e920598f-774d-4e1c-a2dc-8fb9a6f3053f,3dfbf7db-1570-4343-ad23-f013f4b65c21,2024-11-25T09:48:46.067996+00:00,"{'source': '3dfbf7db-1570-4343-ad23-f013f4b65c21', 'selector': [{'startContainer': '/', 'endContainer': '/', 'startOffset': 530, 'endOffset': 535}]}"
2b20c940-eb38-4c03-944a-408ea69d89a1,d3ce7764-eb85-4999-b965-c028f539ee33,1ecf29a6-9193-4a8b-9317-5dc319b94507,"{'text': 'Passez', 'context': '0. Passez par ici pour entrer dans le bâtiment.'}",e920598f-774d-4e1c-a2dc-8fb9a6f3053f,3dfbf7db-1570-4343-ad23-f013f4b65c21,2024-11-25T09:48:38.821426+00:00,"{'source': '3dfbf7db-1570-4343-ad23-f013f4b65c21', 'selector': [{'startContainer': '/', 'endContainer': '/', 'startOffset': 85, 'endOffset': 91}]}"
66dcfa92-7f13-4adc-b5d2-ca1ec12d5ef9,d3ce7764-eb85-4999-b965-c028f539ee33,1ecf29a6-9193-4a8b-9317-5dc319b94507,"{'text': 'Passez', 'context': '0. Passez par ici pour entrer dans le bâtiment.', 'proba': 0.1}",d34602e1-1664-42cb-b139-c5cb8bcfa2a0,3dfbf7db-1570-4343-ad23-f013f4b65c21,2024-11-25T11:17:42.681923+00:00,"{'source': '3dfbf7db-1570-4343-ad23-f013f4b65c21', 'selector': [{'startContainer': '/', 'endContainer': '/', 'startOffset': 85, 'endOffset': 92}]}"
0438f96b-93fd-42ed-8018-458218ea6c4f,d3ce7764-eb85-4999-b965-c028f539ee33,1ecf29a6-9193-4a8b-9317-5dc319b94507,"{'text': 'passe', 'context': '1. Il passe devant la boulangerie tous les matins.'}",e920598f-774d-4e1c-a2dc-8fb9a6f3053f,3dfbf7db-1570-4343-ad23-f013f4b65c21,2024-11-25T09:48:40.368352+00:00,"{'source': '3dfbf7db-1570-4343-ad23-f013f4b65c21', 'selector': [{'startContainer': '/', 'endContainer': '/', 'startOffset': 238, 'endOffset': 243}]}"
087ea439-5c2a-4bfe-a560-2007bf139c85,d3ce7764-eb85-4999-b965-c028f539ee33,1ecf29a6-9193-4a8b-9317-5dc319b94507,"{'text': 'Passez', 'context': '0. Passez par ici pour entrer dans le bâtiment.'}",eb9a2239-5a6c-4da5-8957-af8a90d3e880,3dfbf7db-1570-4343-ad23-f013f4b65c21,2024-11-26T09:04:00.432726+00:00,"{'source': '3dfbf7db-1570-4343-ad23-f013f4b65c21', 'selector': [{'startContainer': '/', 'endContainer': '/', 'startOffset': 85, 'endOffset': 91}]}"
79dd9c37-1a9a-4957-9076-bc30db86eee1,d3ce7764-eb85-4999-b965-c028f539ee33,1ecf29a6-9193-4a8b-9317-5dc319b94507,"{'text': 'parle', 'context': '0. Je comprends le français mais je ne le parle pas couramment.'}",eb9a2239-5a6c-4da5-8957-af8a90d3e880,2a3d0da9-231c-48c5-b8ee-c64c958d263a,2024-11-26T09:02:45.310972+00:00,"{'source': '2a3d0da9-231c-48c5-b8ee-c64c958d263a', 'selector': [{'startContainer': '/', 'endContainer': '/', 'startOffset': 124, 'endOffset': 129}]}"
81d433d1-de42-4a14-ae34-60c09469b667,d3ce7764-eb85-4999-b965-c028f539ee33,1ecf29a6-9193-4a8b-9317-5dc319b94507,"{'text': 'parle', 'context': '0. Je comprends le français mais je ne le parle pas couramment.'}",e920598f-774d-4e1c-a2dc-8fb9a6f3053f,2a3d0da9-231c-48c5-b8ee-c64c958d263a,2024-11-25T09:47:35.264378+00:00,"{'source': '2a3d0da9-231c-48c5-b8ee-c64c958d263a', 'selector': [{'startContainer': '/', 'endContainer': '/', 'startOffset': 124, 'endOffset': 129}]}"
01d2e422-9e85-4a21-87a8-7de410b58f5e,default,0,"{'text': 'parles', 'context': '1. Tu parles très bien français.', 'proba': 0.9}",76a78473-a608-4c59-bf52-898d3dfd7121,2a3d0da9-231c-48c5-b8ee-c64c958d263a,2025-02-05T14:40:57.495331,"{'source': '2a3d0da9-231c-48c5-b8ee-c64c958d263a', 'selector': [{'startContainer': '/', 'endContainer': '/', 'startOffset': 254, 'endOffset': 261}]}"
0cdc4a77-b5ea-4dd4-a3d9-db85944bbcf9,d3ce7764-eb85-4999-b965-c028f539ee33,1ecf29a6-9193-4a8b-9317-5dc319b94507,"{'text': 'parles', 'context': '1. Tu parles très bien français.'}",eb9a2239-5a6c-4da5-8957-af8a90d3e880,2a3d0da9-231c-48c5-b8ee-c64c958d263a,2024-11-26T09:02:49.609367+00:00,"{'source': '2a3d0da9-231c-48c5-b8ee-c64c958d263a', 'selector': [{'startContainer': '/', 'endContainer': '/', 'startOffset': 254, 'endOffset': 260}]}"
4e96b8ab-13ca-43f7-90ff-88c66976d898,d3ce7764-eb85-4999-b965-c028f539ee33,1ecf29a6-9193-4a8b-9317-5dc319b94507,"{'text': 'parles', 'context': '1. Tu parles très bien français.', 'proba': 0.9}",d34602e1-1664-42cb-b139-c5cb8bcfa2a0,2a3d0da9-231c-48c5-b8ee-c64c958d263a,2024-11-25T11:15:57.228519+00:00,"{'source': '2a3d0da9-231c-48c5-b8ee-c64c958d263a', 'selector': [{'startContainer': '/', 'endContainer': '/', 'startOffset': 254, 'endOffset': 261}]}"
3001fbf5-c12f-4ec4-b47f-13f8509bd863,default,0,"{'text': 'parle', 'context': '0. Je comprends le français mais je ne le parle pas couramment.', 'proba': 1.0, 'process': 'reference word'}",76a78473-a608-4c59-bf52-898d3dfd7121,2a3d0da9-231c-48c5-b8ee-c64c958d263a,2025-02-05T14:40:57.495431,"{'source': '2a3d0da9-231c-48c5-b8ee-c64c958d263a', 'selector': [{'startContainer': '/', 'endContainer': '/', 'startOffset': 124, 'endOffset': 130}]}"
e201578f-b800-4d03-b6f4-d00f1b2e9c7d,default,1ecf29a6-9193-4a8b-9317-5dc319b94507,"{'text': 'parle', 'context': '0. Je comprends le français mais je ne le parle pas couramment.', 'proba': 1.0, 'process': 'reference word'}",c750946d-c7bd-42e9-9b77-2c9425fdae60,2a3d0da9-231c-48c5-b8ee-c64c958d263a,2025-02-05T14:40:57.495431,"{'source': '2a3d0da9-231c-48c5-b8ee-c64c958d263a', 'selector': [{'startContainer': '/', 'endContainer': '/', 'startOffset': 124, 'endOffset': 130}]}"
f61e9702-6f35-4897-bdb7-2c2a9f79503c,d3ce7764-eb85-4999-b965-c028f539ee33,1ecf29a6-9193-4a8b-9317-5dc319b94507,"{'text': 'parle', 'context': '0. Je comprends le français mais je ne le parle pas couramment.', 'proba': 1.0, 'process': 'reference word'}",d34602e1-1664-42cb-b139-c5cb8bcfa2a0,2a3d0da9-231c-48c5-b8ee-c64c958d263a,2024-11-25T11:15:54.164956+00:00,"{'source': '2a3d0da9-231c-48c5-b8ee-c64c958d263a', 'selector': [{'startContainer': '/', 'endContainer': '/', 'startOffset': 124, 'endOffset': 130}]}"
a5fb284c-e055-4d0e-b0c8-5da2125bd0eb,default,1ecf29a6-9193-4a8b-9317-5dc319b94507,"{'text': 'parles', 'context': '1. Tu parles très bien français.', 'proba': 0.9}",c750946d-c7bd-42e9-9b77-2c9425fdae60,2a3d0da9-231c-48c5-b8ee-c64c958d263a,2025-02-05T14:40:57.495331,"{'source': '2a3d0da9-231c-48c5-b8ee-c64c958d263a', 'selector': [{'startContainer': '/', 'endContainer': '/', 'startOffset': 254, 'endOffset': 261}]}"
f38bbf50-0492-40e2-b27d-762996edf640,d3ce7764-eb85-4999-b965-c028f539ee33,1ecf29a6-9193-4a8b-9317-5dc319b94507,"{'text': 'parles', 'context': '1. Tu parles très bien français.'}",e920598f-774d-4e1c-a2dc-8fb9a6f3053f,2a3d0da9-231c-48c5-b8ee-c64c958d263a,2024-11-25T09:47:35.263008+00:00,"{'source': '2a3d0da9-231c-48c5-b8ee-c64c958d263a', 'selector': [{'startContainer': '/', 'endContainer': '/', 'startOffset': 254, 'endOffset': 260}]}"
74630cc2-67d1-44f6-816e-5325bcfb5b63,default,1ecf29a6-9193-4a8b-9317-5dc319b94507,"{'text': 'monter', 'context': ""1. Il a décidé de monter les escaliers au lieu de prendre l'ascenseur."", 'proba': 1.0, 'process': 'reference word'}",c750946d-c7bd-42e9-9b77-2c9425fdae60,a68786cf-7802-4b81-8f4f-dcb71503d5a6,2025-02-05T14:40:57.495768,"{'source': 'a68786cf-7802-4b81-8f4f-dcb71503d5a6', 'selector': [{'startContainer': '/', 'endContainer': '/', 'startOffset': 288, 'endOffset': 295}]}"
65038ae0-859f-4d65-8ce1-74a52719d350,d3ce7764-eb85-4999-b965-c028f539ee33,1ecf29a6-9193-4a8b-9317-5dc319b94507,"{'text': 'monter', 'context': ""1. Il a décidé de monter les escaliers au lieu de prendre l'ascenseur.""}",eb9a2239-5a6c-4da5-8957-af8a90d3e880,a68786cf-7802-4b81-8f4f-dcb71503d5a6,2024-11-26T09:09:14.960463+00:00,"{'source': 'a68786cf-7802-4b81-8f4f-dcb71503d5a6', 'selector': [{'startContainer': '/', 'endContainer': '/', 'startOffset': 288, 'endOffset': 294}]}"
c8ad59e7-0e1b-446c-9094-f197a60092d7,d3ce7764-eb85-4999-b965-c028f539ee33,1ecf29a6-9193-4a8b-9317-5dc319b94507,"{'text': 'monté', 'context': '0. Il a monté quelques marches d’escaliers, puis s’est senti très mal et s’est assis.', 'proba': 0.8}",d34602e1-1664-42cb-b139-c5cb8bcfa2a0,a68786cf-7802-4b81-8f4f-dcb71503d5a6,2024-11-25T11:23:31.028214+00:00,"{'source': 'a68786cf-7802-4b81-8f4f-dcb71503d5a6', 'selector': [{'startContainer': '/', 'endContainer': '/', 'startOffset': 90, 'endOffset': 96}]}"
16324599-b500-4af0-99ee-d86ab5efa0f7,default,1ecf29a6-9193-4a8b-9317-5dc319b94507,"{'text': 'monté', 'context': '2. Il a monté les escaliers rapidement.', 'proba': 0.9}",c750946d-c7bd-42e9-9b77-2c9425fdae60,a68786cf-7802-4b81-8f4f-dcb71503d5a6,2025-02-05T14:40:57.495668,"{'source': 'a68786cf-7802-4b81-8f4f-dcb71503d5a6', 'selector': [{'startContainer': '/', 'endContainer': '/', 'startOffset': 451, 'endOffset': 457}]}"
61528df2-8063-44c3-8405-17d6c7f58a28,d3ce7764-eb85-4999-b965-c028f539ee33,1ecf29a6-9193-4a8b-9317-5dc319b94507,"{'text': 'monter', 'context': ""1. Il a décidé de monter les escaliers au lieu de prendre l'ascenseur.""}",e920598f-774d-4e1c-a2dc-8fb9a6f3053f,a68786cf-7802-4b81-8f4f-dcb71503d5a6,2024-11-25T10:14:19.971730+00:00,"{'source': 'a68786cf-7802-4b81-8f4f-dcb71503d5a6', 'selector': [{'startContainer': '/', 'endContainer': '/', 'startOffset': 288, 'endOffset': 294}]}"
bd9bd530-9ee8-4410-a4bb-247763b55cb7,d3ce7764-eb85-4999-b965-c028f539ee33,1ecf29a6-9193-4a8b-9317-5dc319b94507,"{'text': 'monté', 'context': '2. Il a monté les escaliers rapidement.'}",e920598f-774d-4e1c-a2dc-8fb9a6f3053f,a68786cf-7802-4b81-8f4f-dcb71503d5a6,2024-11-25T10:14:26.339245+00:00,"{'source': 'a68786cf-7802-4b81-8f4f-dcb71503d5a6', 'selector': [{'startContainer': '/', 'endContainer': '/', 'startOffset': 451, 'endOffset': 456}]}"
9e33be33-ff77-4f64-a847-d193df1d2eb7,d3ce7764-eb85-4999-b965-c028f539ee33,1ecf29a6-9193-4a8b-9317-5dc319b94507,"{'text': 'monté', 'context': '2. Il a monté les escaliers rapidement.', 'proba': 0.9}",d34602e1-1664-42cb-b139-c5cb8bcfa2a0,a68786cf-7802-4b81-8f4f-dcb71503d5a6,2024-11-25T11:23:35.740198+00:00,"{'source': 'a68786cf-7802-4b81-8f4f-dcb71503d5a6', 'selector': [{'startContainer': '/', 'endContainer': '/', 'startOffset': 451, 'endOffset': 457}]}"
fbbffe63-4b79-44b6-b23f-e14803d51946,default,0,"{'text': 'monter', 'context': ""1. Il a décidé de monter les escaliers au lieu de prendre l'ascenseur."", 'proba': 1.0, 'process': 'reference word'}",76a78473-a608-4c59-bf52-898d3dfd7121,a68786cf-7802-4b81-8f4f-dcb71503d5a6,2025-02-05T14:40:57.495768,"{'source': 'a68786cf-7802-4b81-8f4f-dcb71503d5a6', 'selector': [{'startContainer': '/', 'endContainer': '/', 'startOffset': 288, 'endOffset': 295}]}"
1751b884-425b-4b5f-ad1a-fdaf783395ee,d3ce7764-eb85-4999-b965-c028f539ee33,1ecf29a6-9193-4a8b-9317-5dc319b94507,"{'text': 'a monté', 'context': '2. Il a monté les escaliers rapidement.'}",eb9a2239-5a6c-4da5-8957-af8a90d3e880,a68786cf-7802-4b81-8f4f-dcb71503d5a6,2024-11-26T09:09:18.081533+00:00,"{'source': 'a68786cf-7802-4b81-8f4f-dcb71503d5a6', 'selector': [{'startContainer': '/', 'endContainer': '/', 'startOffset': 449, 'endOffset': 456}]}"
85db117f-f708-43cd-a6c0-666c59147fc7,d3ce7764-eb85-4999-b965-c028f539ee33,1ecf29a6-9193-4a8b-9317-5dc319b94507,"{'text': 'monter', 'context': ""1. Il a décidé de monter les escaliers au lieu de prendre l'ascenseur."", 'proba': 1.0, 'process': 'reference word'}",d34602e1-1664-42cb-b139-c5cb8bcfa2a0,a68786cf-7802-4b81-8f4f-dcb71503d5a6,2024-11-25T11:23:33.711509+00:00,"{'source': 'a68786cf-7802-4b81-8f4f-dcb71503d5a6', 'selector': [{'startContainer': '/', 'endContainer': '/', 'startOffset': 288, 'endOffset': 295}]}"
efdd189d-3559-4617-9ddd-bc3b173092f0,default,1ecf29a6-9193-4a8b-9317-5dc319b94507,"{'text': 'monté', 'context': '0. Il a monté quelques marches d’escaliers, puis s’est senti très mal et s’est assis.', 'proba': 0.8}",c750946d-c7bd-42e9-9b77-2c9425fdae60,a68786cf-7802-4b81-8f4f-dcb71503d5a6,2025-02-05T14:40:57.495566,"{'source': 'a68786cf-7802-4b81-8f4f-dcb71503d5a6', 'selector': [{'startContainer': '/', 'endContainer': '/', 'startOffset': 90, 'endOffset': 96}]}"
88023bc0-2256-46d6-ac85-6cde5391b773,default,0,"{'text': 'monté', 'context': '2. Il a monté les escaliers rapidement.', 'proba': 0.9}",76a78473-a608-4c59-bf52-898d3dfd7121,a68786cf-7802-4b81-8f4f-dcb71503d5a6,2025-02-05T14:40:57.495668,"{'source': 'a68786cf-7802-4b81-8f4f-dcb71503d5a6', 'selector': [{'startContainer': '/', 'endContainer': '/', 'startOffset': 451, 'endOffset': 457}]}"
8dc8f80f-2d73-4847-80c2-9c97c3d45743,default,0,"{'text': 'monté', 'context': '0. Il a monté quelques marches d’escaliers, puis s’est senti très mal et s’est assis.', 'proba': 0.8}",76a78473-a608-4c59-bf52-898d3dfd7121,a68786cf-7802-4b81-8f4f-dcb71503d5a6,2025-02-05T14:40:57.495566,"{'source': 'a68786cf-7802-4b81-8f4f-dcb71503d5a6', 'selector': [{'startContainer': '/', 'endContainer': '/', 'startOffset': 90, 'endOffset': 96}]}"
eb47ec3c-0c82-42c0-bce6-e7e35d83df87,d3ce7764-eb85-4999-b965-c028f539ee33,1ecf29a6-9193-4a8b-9317-5dc319b94507,"{'text': 'monté', 'context': '0. Il a monté quelques marches d’escaliers, puis s’est senti très mal et s’est assis.'}",e920598f-774d-4e1c-a2dc-8fb9a6f3053f,a68786cf-7802-4b81-8f4f-dcb71503d5a6,2024-11-25T10:14:16.853254+00:00,"{'source': 'a68786cf-7802-4b81-8f4f-dcb71503d5a6', 'selector': [{'startContainer': '/', 'endContainer': '/', 'startOffset': 90, 'endOffset': 95}]}"
c62bba15-565b-4173-81bd-b28d861a317a,d3ce7764-eb85-4999-b965-c028f539ee33,1ecf29a6-9193-4a8b-9317-5dc319b94507,"{'text': 'a monté', 'context': '0. Il a monté quelques marches d’escaliers, puis s’est senti très mal et s’est assis.'}",eb9a2239-5a6c-4da5-8957-af8a90d3e880,a68786cf-7802-4b81-8f4f-dcb71503d5a6,2024-11-26T09:09:11.045216+00:00,"{'source': 'a68786cf-7802-4b81-8f4f-dcb71503d5a6', 'selector': [{'startContainer': '/', 'endContainer': '/', 'startOffset': 88, 'endOffset': 95}]}"
1af62fe7-2074-4b33-af7b-5534016fdde5,default,0,"{'text': 'ai mis', 'context': ""1. J'ai mis le livre sur la table."", 'proba': 0.8}",76a78473-a608-4c59-bf52-898d3dfd7121,1551b22f-81a7-4b99-b10e-3dc971d4b11c,2025-02-05T14:40:57.495974,"{'source': '1551b22f-81a7-4b99-b10e-3dc971d4b11c', 'selector': [{'startContainer': '/', 'endContainer': '/', 'startOffset': 224, 'endOffset': 230}]}"
c6e26f48-ec62-4329-bc28-99379ba1fea5,default,1ecf29a6-9193-4a8b-9317-5dc319b94507,"{'text': 'Mettez', 'context': '0. Mettez les livres sur la table.', 'proba': 1.0, 'process': 'reference word'}",c750946d-c7bd-42e9-9b77-2c9425fdae60,1551b22f-81a7-4b99-b10e-3dc971d4b11c,2025-02-05T14:40:57.495873,"{'source': '1551b22f-81a7-4b99-b10e-3dc971d4b11c', 'selector': [{'startContainer': '/', 'endContainer': '/', 'startOffset': 85, 'endOffset': 92}]}"
ad2992af-e5b0-4cb8-8a68-61a4838dcf25,d3ce7764-eb85-4999-b965-c028f539ee33,1ecf29a6-9193-4a8b-9317-5dc319b94507,"{'text': 'Mettez', 'context': '0. Mettez les livres sur la table.', 'proba': 1.0, 'process': 'reference word'}",d34602e1-1664-42cb-b139-c5cb8bcfa2a0,1551b22f-81a7-4b99-b10e-3dc971d4b11c,2024-11-25T09:06:15.418229+00:00,"{'source': '1551b22f-81a7-4b99-b10e-3dc971d4b11c', 'selector': [{'startContainer': '/', 'endContainer': '/', 'startOffset': 85, 'endOffset': 92}]}"
8d2dd313-0182-47d7-a2eb-2c9386e843da,d3ce7764-eb85-4999-b965-c028f539ee33,1ecf29a6-9193-4a8b-9317-5dc319b94507,"{'text': 'ai mis', 'context': ""1. J'ai mis le livre sur la table."", 'proba': 0.8}",d34602e1-1664-42cb-b139-c5cb8bcfa2a0,1551b22f-81a7-4b99-b10e-3dc971d4b11c,2024-12-27T08:12:09.411660+00:00,"{'source': '1551b22f-81a7-4b99-b10e-3dc971d4b11c', 'selector': [{'startContainer': '/', 'endContainer': '/', 'startOffset': 224, 'endOffset': 230}]}"
446fca68-a03b-4889-8116-94a6c50804a5,default,0,"{'text': 'Mettez', 'context': '0. Mettez les livres sur la table.', 'proba': 1.0, 'process': 'reference word'}",76a78473-a608-4c59-bf52-898d3dfd7121,1551b22f-81a7-4b99-b10e-3dc971d4b11c,2025-02-05T14:40:57.495873,"{'source': '1551b22f-81a7-4b99-b10e-3dc971d4b11c', 'selector': [{'startContainer': '/', 'endContainer': '/', 'startOffset': 85, 'endOffset': 92}]}"
fa359c36-77ff-481d-b786-a8f4e8e2e1aa,default,1ecf29a6-9193-4a8b-9317-5dc319b94507,"{'text': 'ai mis', 'context': ""1. J'ai mis le livre sur la table."", 'proba': 0.8}",c750946d-c7bd-42e9-9b77-2c9425fdae60,1551b22f-81a7-4b99-b10e-3dc971d4b11c,2025-02-05T14:40:57.495974,"{'source': '1551b22f-81a7-4b99-b10e-3dc971d4b11c', 'selector': [{'startContainer': '/', 'endContainer': '/', 'startOffset': 224, 'endOffset': 230}]}"
bc1ddc3b-79f3-453d-919a-0c275cc99bf1,d3ce7764-eb85-4999-b965-c028f539ee33,1ecf29a6-9193-4a8b-9317-5dc319b94507,"{'text': 'Mettez', 'context': '0. Mettez les livres sur la table.'}",eb9a2239-5a6c-4da5-8957-af8a90d3e880,1551b22f-81a7-4b99-b10e-3dc971d4b11c,2024-11-26T09:01:42.952183+00:00,"{'source': '1551b22f-81a7-4b99-b10e-3dc971d4b11c', 'selector': [{'startContainer': '/', 'endContainer': '/', 'startOffset': 85, 'endOffset': 91}]}"
dd810ea2-caba-4d8d-b0a3-83d1e16a81ee,d3ce7764-eb85-4999-b965-c028f539ee33,1ecf29a6-9193-4a8b-9317-5dc319b94507,"{'text': ""J'ai mis"", 'context': ""1. J'ai mis le livre sur la table.""}",eb9a2239-5a6c-4da5-8957-af8a90d3e880,1551b22f-81a7-4b99-b10e-3dc971d4b11c,2024-11-26T09:01:42.950663+00:00,"{'source': '1551b22f-81a7-4b99-b10e-3dc971d4b11c', 'selector': [{'startContainer': '/', 'endContainer': '/', 'startOffset': 222, 'endOffset': 230}]}"
24c10a1d-76d4-427b-b2e9-9e2cffba6c7e,default,1ecf29a6-9193-4a8b-9317-5dc319b94507,"{'text': 'marche', 'context': '1. Elle marche dans le parc tous les matins.', 'proba': 1.0, 'process': 'reference word'}",c750946d-c7bd-42e9-9b77-2c9425fdae60,ae4ad67f-4f49-484d-8f9a-3155fe5217e1,2025-02-05T14:40:57.496178,"{'source': 'ae4ad67f-4f49-484d-8f9a-3155fe5217e1', 'selector': [{'startContainer': '/', 'endContainer': '/', 'startOffset': 254, 'endOffset': 261}]}"
fda56d93-cfa5-4724-a426-92b82ac2ed6f,d3ce7764-eb85-4999-b965-c028f539ee33,1ecf29a6-9193-4a8b-9317-5dc319b94507,"{'text': 'marcher', 'context': '0. Je préfère marcher que prendre les transports en commun.'}",e920598f-774d-4e1c-a2dc-8fb9a6f3053f,ae4ad67f-4f49-484d-8f9a-3155fe5217e1,2024-11-25T10:14:42.422376+00:00,"{'source': 'ae4ad67f-4f49-484d-8f9a-3155fe5217e1', 'selector': [{'startContainer': '/', 'endContainer': '/', 'startOffset': 97, 'endOffset': 104}]}"
a3569e2d-8877-4590-9c1b-e47f9a19e742,d3ce7764-eb85-4999-b965-c028f539ee33,1ecf29a6-9193-4a8b-9317-5dc319b94507,"{'text': 'marcher', 'context': '0. Je préfère marcher que prendre les transports en commun.', 'proba': 0.9}",d34602e1-1664-42cb-b139-c5cb8bcfa2a0,ae4ad67f-4f49-484d-8f9a-3155fe5217e1,2024-11-25T11:23:51.442575+00:00,"{'source': 'ae4ad67f-4f49-484d-8f9a-3155fe5217e1', 'selector': [{'startContainer': '/', 'endContainer': '/', 'startOffset': 97, 'endOffset': 105}]}"
ad44ca6c-9472-446e-93d0-b68f534d44f4,d3ce7764-eb85-4999-b965-c028f539ee33,1ecf29a6-9193-4a8b-9317-5dc319b94507,"{'text': 'marche', 'context': '1. Elle marche dans le parc tous les matins.'}",e920598f-774d-4e1c-a2dc-8fb9a6f3053f,ae4ad67f-4f49-484d-8f9a-3155fe5217e1,2024-11-25T10:14:44.179238+00:00,"{'source': 'ae4ad67f-4f49-484d-8f9a-3155fe5217e1', 'selector': [{'startContainer': '/', 'endContainer': '/', 'startOffset': 254, 'endOffset': 260}]}"
40130bfb-0c5e-4bba-b4e6-c95041646f5f,d3ce7764-eb85-4999-b965-c028f539ee33,1ecf29a6-9193-4a8b-9317-5dc319b94507,"{'text': 'marcher', 'context': '0. Je préfère marcher que prendre les transports en commun.'}",eb9a2239-5a6c-4da5-8957-af8a90d3e880,ae4ad67f-4f49-484d-8f9a-3155fe5217e1,2024-11-26T09:09:53.733254+00:00,"{'source': 'ae4ad67f-4f49-484d-8f9a-3155fe5217e1', 'selector': [{'startContainer': '/', 'endContainer': '/', 'startOffset': 97, 'endOffset': 104}]}"
abb46632-6986-4b79-85c2-a464ad39667f,default,0,"{'text': 'marcher', 'context': '0. Je préfère marcher que prendre les transports en commun.', 'proba': 0.9}",76a78473-a608-4c59-bf52-898d3dfd7121,ae4ad67f-4f49-484d-8f9a-3155fe5217e1,2025-02-05T14:40:57.496078,"{'source': 'ae4ad67f-4f49-484d-8f9a-3155fe5217e1', 'selector': [{'startContainer': '/', 'endContainer': '/', 'startOffset': 97, 'endOffset': 105}]}"
4c94617c-bc76-44b5-8871-71ca265b10eb,d3ce7764-eb85-4999-b965-c028f539ee33,1ecf29a6-9193-4a8b-9317-5dc319b94507,"{'text': 'marche', 'context': '1. Elle marche dans le parc tous les matins.', 'proba': 1.0, 'process': 'reference word'}",d34602e1-1664-42cb-b139-c5cb8bcfa2a0,ae4ad67f-4f49-484d-8f9a-3155fe5217e1,2024-11-25T11:23:54.425621+00:00,"{'source': 'ae4ad67f-4f49-484d-8f9a-3155fe5217e1', 'selector': [{'startContainer': '/', 'endContainer': '/', 'startOffset': 254, 'endOffset': 261}]}"
7d5edfb0-6fba-4721-9a6e-8b823151220b,d3ce7764-eb85-4999-b965-c028f539ee33,1ecf29a6-9193-4a8b-9317-5dc319b94507,"{'text': 'marche', 'context': '1. Elle marche dans le parc tous les matins.'}",eb9a2239-5a6c-4da5-8957-af8a90d3e880,ae4ad67f-4f49-484d-8f9a-3155fe5217e1,2024-11-26T09:09:58.752833+00:00,"{'source': 'ae4ad67f-4f49-484d-8f9a-3155fe5217e1', 'selector': [{'startContainer': '/', 'endContainer': '/', 'startOffset': 254, 'endOffset': 260}]}"
620e9041-a0f7-4616-adeb-f26be3e23226,default,1ecf29a6-9193-4a8b-9317-5dc319b94507,"{'text': 'marcher', 'context': '0. Je préfère marcher que prendre les transports en commun.', 'proba': 0.9}",c750946d-c7bd-42e9-9b77-2c9425fdae60,ae4ad67f-4f49-484d-8f9a-3155fe5217e1,2025-02-05T14:40:57.496078,"{'source': 'ae4ad67f-4f49-484d-8f9a-3155fe5217e1', 'selector': [{'startContainer': '/', 'endContainer': '/', 'startOffset': 97, 'endOffset': 105}]}"
ac7359a6-335b-4626-a909-c3eadf0bc891,default,0,"{'text': 'marche', 'context': '1. Elle marche dans le parc tous les matins.', 'proba': 1.0, 'process': 'reference word'}",76a78473-a608-4c59-bf52-898d3dfd7121,ae4ad67f-4f49-484d-8f9a-3155fe5217e1,2025-02-05T14:40:57.496178,"{'source': 'ae4ad67f-4f49-484d-8f9a-3155fe5217e1', 'selector': [{'startContainer': '/', 'endContainer': '/', 'startOffset': 254, 'endOffset': 261}]}"
b5f1a4b8-ec93-4227-98a3-806dc0e3d725,d3ce7764-eb85-4999-b965-c028f539ee33,1ecf29a6-9193-4a8b-9317-5dc319b94507,"{'text': 'franchir', 'context': ""1. Nous venons de franchir les 20 000 euros de vente ce mois-ci, c'est énorme!""}",e920598f-774d-4e1c-a2dc-8fb9a6f3053f,468c45bb-b6f1-46db-8122-bf83b00501dc,2024-11-25T09:49:29.013937+00:00,"{'source': '468c45bb-b6f1-46db-8122-bf83b00501dc', 'selector': [{'startContainer': '/', 'endContainer': '/', 'startOffset': 281, 'endOffset': 289}]}"
7ded2576-be04-4da7-83c5-9c5dc405e36b,d3ce7764-eb85-4999-b965-c028f539ee33,1ecf29a6-9193-4a8b-9317-5dc319b94507,"{'text': 'a franchi', 'context': '0. Tous les spectateurs ont crié de joie quand elle a franchi la barrière.', 'proba': 0.7}",d34602e1-1664-42cb-b139-c5cb8bcfa2a0,468c45bb-b6f1-46db-8122-bf83b00501dc,2024-12-27T08:19:25.964566+00:00,"{'source': '468c45bb-b6f1-46db-8122-bf83b00501dc', 'selector': [{'startContainer': '/', 'endContainer': '/', 'startOffset': 136, 'endOffset': 145}]}"
23b7b45b-936a-41da-8ad4-695990ecba2f,default,0,"{'text': 'a franchi', 'context': '0. Tous les spectateurs ont crié de joie quand elle a franchi la barrière.', 'proba': 0.7}",76a78473-a608-4c59-bf52-898d3dfd7121,468c45bb-b6f1-46db-8122-bf83b00501dc,2025-02-05T14:40:57.496282,"{'source': '468c45bb-b6f1-46db-8122-bf83b00501dc', 'selector': [{'startContainer': '/', 'endContainer': '/', 'startOffset': 136, 'endOffset': 145}]}"
cdc45cac-7318-493c-8681-8284326616f6,d3ce7764-eb85-4999-b965-c028f539ee33,1ecf29a6-9193-4a8b-9317-5dc319b94507,"{'text': 'venons de franchir', 'context': ""1. Nous venons de franchir les 20 000 euros de vente ce mois-ci, c'est énorme!"", 'proba': 1.0, 'process': 'reference word'}",d34602e1-1664-42cb-b139-c5cb8bcfa2a0,468c45bb-b6f1-46db-8122-bf83b00501dc,2024-12-27T08:21:03.153525+00:00,"{'source': '468c45bb-b6f1-46db-8122-bf83b00501dc', 'selector': [{'startContainer': '/', 'endContainer': '/', 'startOffset': 271, 'endOffset': 289}]}"
b489e938-8856-4133-af84-1cf2e9690f09,default,1ecf29a6-9193-4a8b-9317-5dc319b94507,"{'text': 'venons de franchir', 'context': ""1. Nous venons de franchir les 20 000 euros de vente ce mois-ci, c'est énorme!"", 'proba': 1.0, 'process': 'reference word'}",c750946d-c7bd-42e9-9b77-2c9425fdae60,468c45bb-b6f1-46db-8122-bf83b00501dc,2025-02-05T14:40:57.496382,"{'source': '468c45bb-b6f1-46db-8122-bf83b00501dc', 'selector': [{'startContainer': '/', 'endContainer': '/', 'startOffset': 271, 'endOffset': 289}]}"
be9e0653-6239-4cf6-bc0a-ace219c80bbc,d3ce7764-eb85-4999-b965-c028f539ee33,1ecf29a6-9193-4a8b-9317-5dc319b94507,"{'text': 'franchi', 'context': '0. Tous les spectateurs ont crié de joie quand elle a franchi la barrière.'}",eb9a2239-5a6c-4da5-8957-af8a90d3e880,468c45bb-b6f1-46db-8122-bf83b00501dc,2024-11-26T09:05:25.249205+00:00,"{'source': '468c45bb-b6f1-46db-8122-bf83b00501dc', 'selector': [{'startContainer': '/', 'endContainer': '/', 'startOffset': 138, 'endOffset': 145}]}"
25ed06ca-4782-45c9-97bd-338b0d156ab9,d3ce7764-eb85-4999-b965-c028f539ee33,1ecf29a6-9193-4a8b-9317-5dc319b94507,"{'text': 'franchi', 'context': '0. Tous les spectateurs ont crié de joie quand elle a franchi la barrière.'}",e920598f-774d-4e1c-a2dc-8fb9a6f3053f,468c45bb-b6f1-46db-8122-bf83b00501dc,2024-11-25T09:49:26.795279+00:00,"{'source': '468c45bb-b6f1-46db-8122-bf83b00501dc', 'selector': [{'startContainer': '/', 'endContainer': '/', 'startOffset': 138, 'endOffset': 145}]}"
10d2bf95-a577-49c5-9299-12d2f04569e8,default,0,"{'text': 'venons de franchir', 'context': ""1. Nous venons de franchir les 20 000 euros de vente ce mois-ci, c'est énorme!"", 'proba': 1.0, 'process': 'reference word'}",76a78473-a608-4c59-bf52-898d3dfd7121,468c45bb-b6f1-46db-8122-bf83b00501dc,2025-02-05T14:40:57.496382,"{'source': '468c45bb-b6f1-46db-8122-bf83b00501dc', 'selector': [{'startContainer': '/', 'endContainer': '/', 'startOffset': 271, 'endOffset': 289}]}"
ebe801bb-696c-45a1-9e25-4504fd4bab2a,default,1ecf29a6-9193-4a8b-9317-5dc319b94507,"{'text': 'a franchi', 'context': '0. Tous les spectateurs ont crié de joie quand elle a franchi la barrière.', 'proba': 0.7}",c750946d-c7bd-42e9-9b77-2c9425fdae60,468c45bb-b6f1-46db-8122-bf83b00501dc,2025-02-05T14:40:57.496282,"{'source': '468c45bb-b6f1-46db-8122-bf83b00501dc', 'selector': [{'startContainer': '/', 'endContainer': '/', 'startOffset': 136, 'endOffset': 145}]}"
5bb5e3cb-0260-4787-af38-ffee661314b4,d3ce7764-eb85-4999-b965-c028f539ee33,371a5d39-6e41-427f-8e1f-6bf64504e080,"{'text': 'franchir', 'context': ""1. Nous venons de franchir les 20 000 euros de vente ce mois-ci, c'est énorme!""}",eb9a2239-5a6c-4da5-8957-af8a90d3e880,468c45bb-b6f1-46db-8122-bf83b00501dc,2024-11-26T09:05:29.738343+00:00,"{'source': '468c45bb-b6f1-46db-8122-bf83b00501dc', 'selector': [{'startContainer': '/', 'endContainer': '/', 'startOffset': 281, 'endOffset': 289}]}"
2f60982b-8a77-4fb8-af5e-cd01eaf3b672,default,0,"{'text': 'vais faire', 'context': ""0. Je vais faire un gâteau pour l'anniversaire."", 'proba': 1.0, 'process': 'reference word'}",76a78473-a608-4c59-bf52-898d3dfd7121,cfc91be6-7ed2-4a83-b56e-cfd241f6d14f,2025-02-05T14:40:57.496486,"{'source': 'cfc91be6-7ed2-4a83-b56e-cfd241f6d14f', 'selector': [{'startContainer': '/', 'endContainer': '/', 'startOffset': 87, 'endOffset': 97}]}"
6f90fac5-62d0-456e-9210-cb27dd3b4c1a,default,1ecf29a6-9193-4a8b-9317-5dc319b94507,"{'text': 'vais faire', 'context': ""0. Je vais faire un gâteau pour l'anniversaire."", 'proba': 1.0, 'process': 'reference word'}",c750946d-c7bd-42e9-9b77-2c9425fdae60,cfc91be6-7ed2-4a83-b56e-cfd241f6d14f,2025-02-05T14:40:57.496486,"{'source': 'cfc91be6-7ed2-4a83-b56e-cfd241f6d14f', 'selector': [{'startContainer': '/', 'endContainer': '/', 'startOffset': 87, 'endOffset': 97}]}"
aebaf4d8-5c44-49ff-823e-0c0f4cec28c5,d3ce7764-eb85-4999-b965-c028f539ee33,1ecf29a6-9193-4a8b-9317-5dc319b94507,"{'text': 'vais faire', 'context': ""0. Je vais faire un gâteau pour l'anniversaire."", 'proba': 1.0, 'process': 'reference word'}",d34602e1-1664-42cb-b139-c5cb8bcfa2a0,cfc91be6-7ed2-4a83-b56e-cfd241f6d14f,2024-12-27T08:39:26.024468+00:00,"{'source': 'cfc91be6-7ed2-4a83-b56e-cfd241f6d14f', 'selector': [{'startContainer': '/', 'endContainer': '/', 'startOffset': 87, 'endOffset': 97}]}"
28c9e9d8-35de-4e88-a05d-7bc7c4cf21c5,d3ce7764-eb85-4999-b965-c028f539ee33,1ecf29a6-9193-4a8b-9317-5dc319b94507,"{'text': 'faire', 'context': ""0. Je vais faire un gâteau pour l'anniversaire.""}",eb9a2239-5a6c-4da5-8957-af8a90d3e880,cfc91be6-7ed2-4a83-b56e-cfd241f6d14f,2024-11-26T09:14:32.671092+00:00,"{'source': 'cfc91be6-7ed2-4a83-b56e-cfd241f6d14f', 'selector': [{'startContainer': '/', 'endContainer': '/', 'startOffset': 92, 'endOffset': 97}]}"
93f21489-0540-49ea-9bb6-b3fbe6a57f7d,d3ce7764-eb85-4999-b965-c028f539ee33,1ecf29a6-9193-4a8b-9317-5dc319b94507,"{'text': 'faire', 'context': ""0. Je vais faire un gâteau pour l'anniversaire.""}",e920598f-774d-4e1c-a2dc-8fb9a6f3053f,cfc91be6-7ed2-4a83-b56e-cfd241f6d14f,2024-11-25T10:17:20.836700+00:00,"{'source': 'cfc91be6-7ed2-4a83-b56e-cfd241f6d14f', 'selector': [{'startContainer': '/', 'endContainer': '/', 'startOffset': 92, 'endOffset': 97}]}"
ad0aa8c0-d6db-478e-89ef-59f0dca923cb,d3ce7764-eb85-4999-b965-c028f539ee33,1ecf29a6-9193-4a8b-9317-5dc319b94507,"{'text': 'Faites', 'context': '1. Faites vos devoirs avant de sortir.'}",eb9a2239-5a6c-4da5-8957-af8a90d3e880,cfc91be6-7ed2-4a83-b56e-cfd241f6d14f,2024-11-26T09:14:44.638987+00:00,"{'source': 'cfc91be6-7ed2-4a83-b56e-cfd241f6d14f', 'selector': [{'startContainer': '/', 'endContainer': '/', 'startOffset': 233, 'endOffset': 239}]}"
51efcfb1-9bae-411a-b25e-6c6f9a1e21b1,d3ce7764-eb85-4999-b965-c028f539ee33,1ecf29a6-9193-4a8b-9317-5dc319b94507,"{'text': 'Faites', 'context': '1. Faites vos devoirs avant de sortir.', 'proba': 0.1}",d34602e1-1664-42cb-b139-c5cb8bcfa2a0,cfc91be6-7ed2-4a83-b56e-cfd241f6d14f,2024-12-27T08:39:15.613283+00:00,"{'source': 'cfc91be6-7ed2-4a83-b56e-cfd241f6d14f', 'selector': [{'startContainer': '/', 'endContainer': '/', 'startOffset': 233, 'endOffset': 240}]}"
11008787-72fb-484d-a4f7-7a1bc990298f,default,1,"{'text': 'Faites', 'context': '1. Faites vos devoirs avant de sortir.', 'proba': 0.1}",76a78473-a608-4c59-bf52-898d3dfd7121,cfc91be6-7ed2-4a83-b56e-cfd241f6d14f,2025-02-05T14:40:57.496586,"{'source': 'cfc91be6-7ed2-4a83-b56e-cfd241f6d14f', 'selector': [{'startContainer': '/', 'endContainer': '/', 'startOffset': 233, 'endOffset': 240}]}"
1e94d7ce-3098-45b7-9dc3-c57f35c92cdc,default,1ecf29a6-9193-4a8b-9317-5dc319b94507,"{'text': 'Faites', 'context': '1. Faites vos devoirs avant de sortir.', 'proba': 0.1}",c750946d-c7bd-42e9-9b77-2c9425fdae60,cfc91be6-7ed2-4a83-b56e-cfd241f6d14f,2025-02-05T14:40:57.496586,"{'source': 'cfc91be6-7ed2-4a83-b56e-cfd241f6d14f', 'selector': [{'startContainer': '/', 'endContainer': '/', 'startOffset': 233, 'endOffset': 240}]}"
d4036581-cc52-44fb-a6fc-831c4b668457,d3ce7764-eb85-4999-b965-c028f539ee33,1ecf29a6-9193-4a8b-9317-5dc319b94507,"{'text': 'Faites', 'context': '1. Faites vos devoirs avant de sortir.'}",e920598f-774d-4e1c-a2dc-8fb9a6f3053f,cfc91be6-7ed2-4a83-b56e-cfd241f6d14f,2024-11-25T10:17:22.838731+00:00,"{'source': 'cfc91be6-7ed2-4a83-b56e-cfd241f6d14f', 'selector': [{'startContainer': '/', 'endContainer': '/', 'startOffset': 233, 'endOffset': 239}]}"
350d6abc-1333-47ab-967a-a8fe7162a0b9,d3ce7764-eb85-4999-b965-c028f539ee33,1ecf29a6-9193-4a8b-9317-5dc319b94507,"{'text': 'donner', 'context': '0. Gaston aime mon gilet. Je vais le lui donner, il peut l’avoir pour toujours.'}",e920598f-774d-4e1c-a2dc-8fb9a6f3053f,46e0e6db-349e-406c-91de-bfb7cdc3cb05,2024-11-25T09:49:36.106203+00:00,"{'source': '46e0e6db-349e-406c-91de-bfb7cdc3cb05', 'selector': [{'startContainer': '/', 'endContainer': '/', 'startOffset': 123, 'endOffset': 129}]}"
9d8e7082-7647-48cf-9765-b45f8810c129,d3ce7764-eb85-4999-b965-c028f539ee33,1ecf29a6-9193-4a8b-9317-5dc319b94507,"{'text': 'donner', 'context': '0. Gaston aime mon gilet. Je vais le lui donner, il peut l’avoir pour toujours.'}",eb9a2239-5a6c-4da5-8957-af8a90d3e880,46e0e6db-349e-406c-91de-bfb7cdc3cb05,2024-11-26T09:05:36.297960+00:00,"{'source': '46e0e6db-349e-406c-91de-bfb7cdc3cb05', 'selector': [{'startContainer': '/', 'endContainer': '/', 'startOffset': 123, 'endOffset': 129}]}"
8df5829b-daab-4630-a3f7-c12cc7e96cdb,d3ce7764-eb85-4999-b965-c028f539ee33,1ecf29a6-9193-4a8b-9317-5dc319b94507,"{'text': 'donne', 'context': '1. Il donne un cadeau à son ami.'}",eb9a2239-5a6c-4da5-8957-af8a90d3e880,46e0e6db-349e-406c-91de-bfb7cdc3cb05,2024-11-26T09:05:40.784587+00:00,"{'source': '46e0e6db-349e-406c-91de-bfb7cdc3cb05', 'selector': [{'startContainer': '/', 'endContainer': '/', 'startOffset': 270, 'endOffset': 275}]}"
fb965254-a5fa-474d-9a55-b691e670a2f2,d3ce7764-eb85-4999-b965-c028f539ee33,1ecf29a6-9193-4a8b-9317-5dc319b94507,"{'text': 'donnent', 'context': '2. Ils donnent des cadeaux à leurs amis.', 'proba': 1.0, 'process': 'reference word'}",d34602e1-1664-42cb-b139-c5cb8bcfa2a0,46e0e6db-349e-406c-91de-bfb7cdc3cb05,2024-11-25T11:19:25.477720+00:00,"{'source': '46e0e6db-349e-406c-91de-bfb7cdc3cb05', 'selector': [{'startContainer': '/', 'endContainer': '/', 'startOffset': 406, 'endOffset': 414}]}"
85156e45-1de0-4ada-88ad-514dbef58bec,d3ce7764-eb85-4999-b965-c028f539ee33,1ecf29a6-9193-4a8b-9317-5dc319b94507,"{'text': 'donne', 'context': '1. Il donne un cadeau à son ami.'}",e920598f-774d-4e1c-a2dc-8fb9a6f3053f,46e0e6db-349e-406c-91de-bfb7cdc3cb05,2024-11-25T09:49:37.724025+00:00,"{'source': '46e0e6db-349e-406c-91de-bfb7cdc3cb05', 'selector': [{'startContainer': '/', 'endContainer': '/', 'startOffset': 270, 'endOffset': 275}]}"
fc495e5c-29eb-417e-aadd-d40cb74c378e,d3ce7764-eb85-4999-b965-c028f539ee33,1ecf29a6-9193-4a8b-9317-5dc319b94507,"{'text': 'donnent', 'context': '2. Ils donnent des cadeaux à leurs amis.'}",eb9a2239-5a6c-4da5-8957-af8a90d3e880,46e0e6db-349e-406c-91de-bfb7cdc3cb05,2024-11-26T09:05:44.743509+00:00,"{'source': '46e0e6db-349e-406c-91de-bfb7cdc3cb05', 'selector': [{'startContainer': '/', 'endContainer': '/', 'startOffset': 406, 'endOffset': 413}]}"
2c5d89d4-a3ee-4130-905f-45b93893be85,default,0,"{'text': 'donne', 'context': '1. Il donne un cadeau à son ami.', 'proba': 0.9}",76a78473-a608-4c59-bf52-898d3dfd7121,46e0e6db-349e-406c-91de-bfb7cdc3cb05,2025-02-05T14:40:57.496794,"{'source': '46e0e6db-349e-406c-91de-bfb7cdc3cb05', 'selector': [{'startContainer': '/', 'endContainer': '/', 'startOffset': 270, 'endOffset': 276}]}"
50619a20-664c-409d-8850-a3ccddcdc823,default,1ecf29a6-9193-4a8b-9317-5dc319b94507,"{'text': 'donnent', 'context': '2. Ils donnent des cadeaux à leurs amis.', 'proba': 1.0, 'process': 'reference word'}",c750946d-c7bd-42e9-9b77-2c9425fdae60,46e0e6db-349e-406c-91de-bfb7cdc3cb05,2025-02-05T14:40:57.496694,"{'source': '46e0e6db-349e-406c-91de-bfb7cdc3cb05', 'selector': [{'startContainer': '/', 'endContainer': '/', 'startOffset': 406, 'endOffset': 414}]}"
c05c87fb-4265-40be-8f27-5dae921f5c70,default,0,"{'text': 'donner', 'context': '0. Gaston aime mon gilet. Je vais le lui donner, il peut l’avoir pour toujours.', 'proba': 0.9}",76a78473-a608-4c59-bf52-898d3dfd7121,46e0e6db-349e-406c-91de-bfb7cdc3cb05,2025-02-05T14:40:57.496894,"{'source': '46e0e6db-349e-406c-91de-bfb7cdc3cb05', 'selector': [{'startContainer': '/', 'endContainer': '/', 'startOffset': 123, 'endOffset': 129}]}"
7c2e8b99-2001-4d69-a8b3-9ff24187a6df,d3ce7764-eb85-4999-b965-c028f539ee33,1ecf29a6-9193-4a8b-9317-5dc319b94507,"{'text': 'donne', 'context': '1. Il donne un cadeau à son ami.', 'proba': 0.9}",d34602e1-1664-42cb-b139-c5cb8bcfa2a0,46e0e6db-349e-406c-91de-bfb7cdc3cb05,2024-11-25T11:19:22.941242+00:00,"{'source': '46e0e6db-349e-406c-91de-bfb7cdc3cb05', 'selector': [{'startContainer': '/', 'endContainer': '/', 'startOffset': 270, 'endOffset': 276}]}"
4aeb3d45-1d58-47d8-a6a8-f0acc10477b3,default,0,"{'text': 'donnent', 'context': '2. Ils donnent des cadeaux à leurs amis.', 'proba': 1.0, 'process': 'reference word'}",76a78473-a608-4c59-bf52-898d3dfd7121,46e0e6db-349e-406c-91de-bfb7cdc3cb05,2025-02-05T14:40:57.496694,"{'source': '46e0e6db-349e-406c-91de-bfb7cdc3cb05', 'selector': [{'startContainer': '/', 'endContainer': '/', 'startOffset': 406, 'endOffset': 414}]}"
f1659220-e52a-486a-a436-e4ad4d34e06a,default,1ecf29a6-9193-4a8b-9317-5dc319b94507,"{'text': 'donne', 'context': '1. Il donne un cadeau à son ami.', 'proba': 0.9}",c750946d-c7bd-42e9-9b77-2c9425fdae60,46e0e6db-349e-406c-91de-bfb7cdc3cb05,2025-02-05T14:40:57.496794,"{'source': '46e0e6db-349e-406c-91de-bfb7cdc3cb05', 'selector': [{'startContainer': '/', 'endContainer': '/', 'startOffset': 270, 'endOffset': 276}]}"
f36129ac-6e8f-46da-a3c1-15041a409214,d3ce7764-eb85-4999-b965-c028f539ee33,1ecf29a6-9193-4a8b-9317-5dc319b94507,"{'text': 'donner', 'context': '0. Gaston aime mon gilet. Je vais le lui donner, il peut l’avoir pour toujours.', 'proba': 0.9}",d34602e1-1664-42cb-b139-c5cb8bcfa2a0,46e0e6db-349e-406c-91de-bfb7cdc3cb05,2024-11-25T11:19:20.144484+00:00,"{'source': '46e0e6db-349e-406c-91de-bfb7cdc3cb05', 'selector': [{'startContainer': '/', 'endContainer': '/', 'startOffset': 123, 'endOffset': 129}]}"
c36b65a6-0633-4093-b62f-434bc0735605,d3ce7764-eb85-4999-b965-c028f539ee33,1ecf29a6-9193-4a8b-9317-5dc319b94507,"{'text': 'donnent', 'context': '2. Ils donnent des cadeaux à leurs amis.'}",e920598f-774d-4e1c-a2dc-8fb9a6f3053f,46e0e6db-349e-406c-91de-bfb7cdc3cb05,2024-11-25T09:49:39.247101+00:00,"{'source': '46e0e6db-349e-406c-91de-bfb7cdc3cb05', 'selector': [{'startContainer': '/', 'endContainer': '/', 'startOffset': 406, 'endOffset': 413}]}"
e6ea73a1-a381-45c4-a155-d02ad4c616c5,default,1ecf29a6-9193-4a8b-9317-5dc319b94507,"{'text': 'donner', 'context': '0. Gaston aime mon gilet. Je vais le lui donner, il peut l’avoir pour toujours.', 'proba': 0.9}",c750946d-c7bd-42e9-9b77-2c9425fdae60,46e0e6db-349e-406c-91de-bfb7cdc3cb05,2025-02-05T14:40:57.496894,"{'source': '46e0e6db-349e-406c-91de-bfb7cdc3cb05', 'selector': [{'startContainer': '/', 'endContainer': '/', 'startOffset': 123, 'endOffset': 129}]}"
11f7f809-05de-458b-b233-6ac4aec7fe88,default,0,"{'text': 'dis', 'context': '1. Je dis toujours la vérité.', 'proba': 1.0, 'process': 'reference word'}",76a78473-a608-4c59-bf52-898d3dfd7121,d20e708a-ff1e-4bb0-a472-898d95d22b62,2025-02-05T14:40:57.496998,"{'source': 'd20e708a-ff1e-4bb0-a472-898d95d22b62', 'selector': [{'startContainer': '/', 'endContainer': '/', 'startOffset': 251, 'endOffset': 255}]}"
bd21981d-ccbb-46b8-9527-5f7d336fc700,d3ce7764-eb85-4999-b965-c028f539ee33,1ecf29a6-9193-4a8b-9317-5dc319b94507,"{'text': 'a dit', 'context': '0. Elle n’aime pas le café. Je le sais parce qu’elle me l’a dit.'}",eb9a2239-5a6c-4da5-8957-af8a90d3e880,d20e708a-ff1e-4bb0-a472-898d95d22b62,2024-11-26T09:14:54.638433+00:00,"{'source': 'd20e708a-ff1e-4bb0-a472-898d95d22b62', 'selector': [{'startContainer': '/', 'endContainer': '/', 'startOffset': 138, 'endOffset': 143}]}"
efeb40e0-f756-4a8a-bdbe-2a0c782b0bbb,default,1ecf29a6-9193-4a8b-9317-5dc319b94507,"{'text': 'dis', 'context': '1. Je dis toujours la vérité.', 'proba': 1.0, 'process': 'reference word'}",c750946d-c7bd-42e9-9b77-2c9425fdae60,d20e708a-ff1e-4bb0-a472-898d95d22b62,2025-02-05T14:40:57.496998,"{'source': 'd20e708a-ff1e-4bb0-a472-898d95d22b62', 'selector': [{'startContainer': '/', 'endContainer': '/', 'startOffset': 251, 'endOffset': 255}]}"
04f24575-a35a-4d66-8ca4-1857d185a86b,d3ce7764-eb85-4999-b965-c028f539ee33,1ecf29a6-9193-4a8b-9317-5dc319b94507,"{'text': 'dis', 'context': '1. Je dis toujours la vérité.'}",e920598f-774d-4e1c-a2dc-8fb9a6f3053f,d20e708a-ff1e-4bb0-a472-898d95d22b62,2024-11-25T10:17:30.385801+00:00,"{'source': 'd20e708a-ff1e-4bb0-a472-898d95d22b62', 'selector': [{'startContainer': '/', 'endContainer': '/', 'startOffset': 251, 'endOffset': 254}]}"
61246cab-e222-44f1-9fba-5423d1389143,default,1ecf29a6-9193-4a8b-9317-5dc319b94507,"{'text': 'dit', 'context': '0. Elle n’aime pas le café. Je le sais parce qu’elle me l’a dit.', 'proba': 0.8}",c750946d-c7bd-42e9-9b77-2c9425fdae60,d20e708a-ff1e-4bb0-a472-898d95d22b62,2025-02-05T14:40:57.497099,"{'source': 'd20e708a-ff1e-4bb0-a472-898d95d22b62', 'selector': [{'startContainer': '/', 'endContainer': '/', 'startOffset': 140, 'endOffset': 143}]}"
8b0ad49a-597a-4093-8731-59113efd2228,d3ce7764-eb85-4999-b965-c028f539ee33,1ecf29a6-9193-4a8b-9317-5dc319b94507,"{'text': 'dis', 'context': '1. Je dis toujours la vérité.', 'proba': 1.0, 'process': 'reference word'}",d34602e1-1664-42cb-b139-c5cb8bcfa2a0,d20e708a-ff1e-4bb0-a472-898d95d22b62,2024-11-25T11:27:05.238591+00:00,"{'source': 'd20e708a-ff1e-4bb0-a472-898d95d22b62', 'selector': [{'startContainer': '/', 'endContainer': '/', 'startOffset': 251, 'endOffset': 255}]}"
19d304fc-6803-4992-9bcc-695347e48bcb,default,0,"{'text': 'dit', 'context': '0. Elle n’aime pas le café. Je le sais parce qu’elle me l’a dit.', 'proba': 0.8}",76a78473-a608-4c59-bf52-898d3dfd7121,d20e708a-ff1e-4bb0-a472-898d95d22b62,2025-02-05T14:40:57.497099,"{'source': 'd20e708a-ff1e-4bb0-a472-898d95d22b62', 'selector': [{'startContainer': '/', 'endContainer': '/', 'startOffset': 140, 'endOffset': 143}]}"
4048d535-f295-46f9-b4fb-f11fb177c268,d3ce7764-eb85-4999-b965-c028f539ee33,1ecf29a6-9193-4a8b-9317-5dc319b94507,"{'text': 'dit', 'context': '0. Elle n’aime pas le café. Je le sais parce qu’elle me l’a dit.', 'proba': 0.8}",d34602e1-1664-42cb-b139-c5cb8bcfa2a0,d20e708a-ff1e-4bb0-a472-898d95d22b62,2024-11-25T11:27:03.287102+00:00,"{'source': 'd20e708a-ff1e-4bb0-a472-898d95d22b62', 'selector': [{'startContainer': '/', 'endContainer': '/', 'startOffset': 140, 'endOffset': 143}]}"
c91477bc-63b7-4a2e-8bb8-55e18ea02947,d3ce7764-eb85-4999-b965-c028f539ee33,1ecf29a6-9193-4a8b-9317-5dc319b94507,"{'text': 'dit', 'context': '0. Elle n’aime pas le café. Je le sais parce qu’elle me l’a dit.'}",e920598f-774d-4e1c-a2dc-8fb9a6f3053f,d20e708a-ff1e-4bb0-a472-898d95d22b62,2024-11-25T10:17:28.593519+00:00,"{'source': 'd20e708a-ff1e-4bb0-a472-898d95d22b62', 'selector': [{'startContainer': '/', 'endContainer': '/', 'startOffset': 140, 'endOffset': 143}]}"
31959b02-ac77-441f-bc2c-9b75db9f3ec2,d3ce7764-eb85-4999-b965-c028f539ee33,1ecf29a6-9193-4a8b-9317-5dc319b94507,"{'text': 'dis', 'context': '1. Je dis toujours la vérité.'}",eb9a2239-5a6c-4da5-8957-af8a90d3e880,d20e708a-ff1e-4bb0-a472-898d95d22b62,2024-11-26T09:14:58.069075+00:00,"{'source': 'd20e708a-ff1e-4bb0-a472-898d95d22b62', 'selector': [{'startContainer': '/', 'endContainer': '/', 'startOffset': 251, 'endOffset': 254}]}"
5f8f998b-94db-4ec9-98fa-923f3b30816d,d3ce7764-eb85-4999-b965-c028f539ee33,1ecf29a6-9193-4a8b-9317-5dc319b94507,"{'text': 'dois', 'context': '0. Tu dois finir ta soupe, parce que c’est bon pour ta santé.'}",e920598f-774d-4e1c-a2dc-8fb9a6f3053f,4b7d33e9-b029-4f03-abdd-cb1a7de18192,2024-11-25T09:50:05.742046+00:00,"{'source': '4b7d33e9-b029-4f03-abdd-cb1a7de18192', 'selector': [{'startContainer': '/', 'endContainer': '/', 'startOffset': 88, 'endOffset': 92}]}"
0b8469fd-3533-4ec6-89cd-8a9655f55d04,d3ce7764-eb85-4999-b965-c028f539ee33,371a5d39-6e41-427f-8e1f-6bf64504e080,"{'text': 'devoirs', 'context': '1. Je dois finir mes devoirs avant de sortir.'}",eb9a2239-5a6c-4da5-8957-af8a90d3e880,4b7d33e9-b029-4f03-abdd-cb1a7de18192,2024-11-26T09:06:18.506966+00:00,"{'source': '4b7d33e9-b029-4f03-abdd-cb1a7de18192', 'selector': [{'startContainer': '/', 'endContainer': '/', 'startOffset': 267, 'endOffset': 274}]}"
e86e3d45-c7ab-4c30-af65-cc034a9babe0,d3ce7764-eb85-4999-b965-c028f539ee33,371a5d39-6e41-427f-8e1f-6bf64504e080,"{'text': 'devoirs', 'context': '1. Je dois finir mes devoirs avant de sortir.'}",e920598f-774d-4e1c-a2dc-8fb9a6f3053f,4b7d33e9-b029-4f03-abdd-cb1a7de18192,2024-11-25T09:50:08.015538+00:00,"{'source': '4b7d33e9-b029-4f03-abdd-cb1a7de18192', 'selector': [{'startContainer': '/', 'endContainer': '/', 'startOffset': 267, 'endOffset': 274}]}"
85b8b79d-3ef1-40f9-8bfc-69be3cb14f3a,default,0,"{'text': 'dois', 'context': '1. Je dois finir mes devoirs avant de sortir.', 'proba': 1.0, 'process': 'reference word'}",76a78473-a608-4c59-bf52-898d3dfd7121,4b7d33e9-b029-4f03-abdd-cb1a7de18192,2025-02-05T14:40:57.497303,"{'source': '4b7d33e9-b029-4f03-abdd-cb1a7de18192', 'selector': [{'startContainer': '/', 'endContainer': '/', 'startOffset': 252, 'endOffset': 257}]}"
ae55d41e-815b-4fb1-8d6d-5d287ef342ae,default,1ecf29a6-9193-4a8b-9317-5dc319b94507,"{'text': 'dois', 'context': '1. Je dois finir mes devoirs avant de sortir.', 'proba': 1.0, 'process': 'reference word'}",c750946d-c7bd-42e9-9b77-2c9425fdae60,4b7d33e9-b029-4f03-abdd-cb1a7de18192,2025-02-05T14:40:57.497303,"{'source': '4b7d33e9-b029-4f03-abdd-cb1a7de18192', 'selector': [{'startContainer': '/', 'endContainer': '/', 'startOffset': 252, 'endOffset': 257}]}"
4c818958-2471-410d-b73f-d463d325b5a4,d3ce7764-eb85-4999-b965-c028f539ee33,1ecf29a6-9193-4a8b-9317-5dc319b94507,"{'text': 'dois', 'context': '0. Tu dois finir ta soupe, parce que c’est bon pour ta santé.'}",eb9a2239-5a6c-4da5-8957-af8a90d3e880,4b7d33e9-b029-4f03-abdd-cb1a7de18192,2024-11-26T09:06:15.481752+00:00,"{'source': '4b7d33e9-b029-4f03-abdd-cb1a7de18192', 'selector': [{'startContainer': '/', 'endContainer': '/', 'startOffset': 88, 'endOffset': 92}]}"
f62e5692-d254-4d66-b4ff-b7d583986208,default,0,"{'text': 'dois', 'context': '0. Tu dois finir ta soupe, parce que c’est bon pour ta santé.', 'proba': 0.9}",76a78473-a608-4c59-bf52-898d3dfd7121,4b7d33e9-b029-4f03-abdd-cb1a7de18192,2025-02-05T14:40:57.497203,"{'source': '4b7d33e9-b029-4f03-abdd-cb1a7de18192', 'selector': [{'startContainer': '/', 'endContainer': '/', 'startOffset': 88, 'endOffset': 93}]}"
2ff12da4-cf43-4cb7-a898-9925240fae5c,d3ce7764-eb85-4999-b965-c028f539ee33,1ecf29a6-9193-4a8b-9317-5dc319b94507,"{'text': 'dois', 'context': '0. Tu dois finir ta soupe, parce que c’est bon pour ta santé.', 'proba': 0.9}",d34602e1-1664-42cb-b139-c5cb8bcfa2a0,4b7d33e9-b029-4f03-abdd-cb1a7de18192,2024-11-25T11:20:06.956351+00:00,"{'source': '4b7d33e9-b029-4f03-abdd-cb1a7de18192', 'selector': [{'startContainer': '/', 'endContainer': '/', 'startOffset': 88, 'endOffset': 93}]}"
e905522d-c147-4496-a6af-070150164199,d3ce7764-eb85-4999-b965-c028f539ee33,1ecf29a6-9193-4a8b-9317-5dc319b94507,"{'text': 'dois', 'context': '1. Je dois finir mes devoirs avant de sortir.', 'proba': 1.0, 'process': 'reference word'}",d34602e1-1664-42cb-b139-c5cb8bcfa2a0,4b7d33e9-b029-4f03-abdd-cb1a7de18192,2024-11-25T11:20:09.114354+00:00,"{'source': '4b7d33e9-b029-4f03-abdd-cb1a7de18192', 'selector': [{'startContainer': '/', 'endContainer': '/', 'startOffset': 252, 'endOffset': 257}]}"
be56ffe9-e1e2-4f8d-852c-2ca1bb440c21,default,1ecf29a6-9193-4a8b-9317-5dc319b94507,"{'text': 'dois', 'context': '0. Tu dois finir ta soupe, parce que c’est bon pour ta santé.', 'proba': 0.9}",c750946d-c7bd-42e9-9b77-2c9425fdae60,4b7d33e9-b029-4f03-abdd-cb1a7de18192,2025-02-05T14:40:57.497203,"{'source': '4b7d33e9-b029-4f03-abdd-cb1a7de18192', 'selector': [{'startContainer': '/', 'endContainer': '/', 'startOffset': 88, 'endOffset': 93}]}"
562b98a1-050e-46d7-9d25-7bd8651812e2,default,1ecf29a6-9193-4a8b-9317-5dc319b94507,"{'text': 'commander', 'context': '0. Je vais commander une pizza pour le dîner.', 'proba': 1.0, 'process': 'reference word'}",c750946d-c7bd-42e9-9b77-2c9425fdae60,b4c7cef7-679a-4c80-b0f3-d290cfe44aca,2025-02-05T14:40:57.497407,"{'source': 'b4c7cef7-679a-4c80-b0f3-d290cfe44aca', 'selector': [{'startContainer': '/', 'endContainer': '/', 'startOffset': 96, 'endOffset': 106}]}"
c16a2ce2-f986-4cba-8173-7766370b3965,d3ce7764-eb85-4999-b965-c028f539ee33,1ecf29a6-9193-4a8b-9317-5dc319b94507,"{'text': 'commander', 'context': '0. Je vais commander une pizza pour le dîner.'}",e920598f-774d-4e1c-a2dc-8fb9a6f3053f,b4c7cef7-679a-4c80-b0f3-d290cfe44aca,2024-11-25T10:14:51.846722+00:00,"{'source': 'b4c7cef7-679a-4c80-b0f3-d290cfe44aca', 'selector': [{'startContainer': '/', 'endContainer': '/', 'startOffset': 96, 'endOffset': 105}]}"
e35451ce-40de-42e1-b59c-e2d5b4dab513,default,0,"{'text': 'commander', 'context': '0. Je vais commander une pizza pour le dîner.', 'proba': 1.0, 'process': 'reference word'}",76a78473-a608-4c59-bf52-898d3dfd7121,b4c7cef7-679a-4c80-b0f3-d290cfe44aca,2025-02-05T14:40:57.497407,"{'source': 'b4c7cef7-679a-4c80-b0f3-d290cfe44aca', 'selector': [{'startContainer': '/', 'endContainer': '/', 'startOffset': 96, 'endOffset': 106}]}"
404dbffb-238b-44df-ab21-e31d65f4841c,d3ce7764-eb85-4999-b965-c028f539ee33,1ecf29a6-9193-4a8b-9317-5dc319b94507,"{'text': 'commandé', 'context': ""1. J'ai commandé une pizza pour le dîner.""}",e920598f-774d-4e1c-a2dc-8fb9a6f3053f,b4c7cef7-679a-4c80-b0f3-d290cfe44aca,2024-11-25T10:14:52.155607+00:00,"{'source': 'b4c7cef7-679a-4c80-b0f3-d290cfe44aca', 'selector': [{'startContainer': '/', 'endContainer': '/', 'startOffset': 244, 'endOffset': 252}]}"
a5c5b696-1a50-40de-b50d-a8deed1e1eb0,d3ce7764-eb85-4999-b965-c028f539ee33,1ecf29a6-9193-4a8b-9317-5dc319b94507,"{'text': 'commander', 'context': '0. Je vais commander une pizza pour le dîner.'}",eb9a2239-5a6c-4da5-8957-af8a90d3e880,b4c7cef7-679a-4c80-b0f3-d290cfe44aca,2024-11-26T09:10:04.028424+00:00,"{'source': 'b4c7cef7-679a-4c80-b0f3-d290cfe44aca', 'selector': [{'startContainer': '/', 'endContainer': '/', 'startOffset': 96, 'endOffset': 105}]}"
f542739f-78ef-45f3-8355-0e11a6d057fd,d3ce7764-eb85-4999-b965-c028f539ee33,1ecf29a6-9193-4a8b-9317-5dc319b94507,"{'text': 'commandé', 'context': ""1. J'ai commandé une pizza pour le dîner.""}",eb9a2239-5a6c-4da5-8957-af8a90d3e880,b4c7cef7-679a-4c80-b0f3-d290cfe44aca,2024-11-26T09:10:06.955809+00:00,"{'source': 'b4c7cef7-679a-4c80-b0f3-d290cfe44aca', 'selector': [{'startContainer': '/', 'endContainer': '/', 'startOffset': 244, 'endOffset': 252}]}"
a8835b08-07dd-4d94-8310-a9684805590f,default,0,"{'text': 'commandé', 'context': ""1. J'ai commandé une pizza pour le dîner."", 'proba': 0.9}",76a78473-a608-4c59-bf52-898d3dfd7121,b4c7cef7-679a-4c80-b0f3-d290cfe44aca,2025-02-05T14:40:57.497508,"{'source': 'b4c7cef7-679a-4c80-b0f3-d290cfe44aca', 'selector': [{'startContainer': '/', 'endContainer': '/', 'startOffset': 244, 'endOffset': 253}]}"
0efb08b4-620c-4e9c-8426-b052ddcdba18,default,1ecf29a6-9193-4a8b-9317-5dc319b94507,"{'text': 'commandé', 'context': ""1. J'ai commandé une pizza pour le dîner."", 'proba': 0.9}",c750946d-c7bd-42e9-9b77-2c9425fdae60,b4c7cef7-679a-4c80-b0f3-d290cfe44aca,2025-02-05T14:40:57.497508,"{'source': 'b4c7cef7-679a-4c80-b0f3-d290cfe44aca', 'selector': [{'startContainer': '/', 'endContainer': '/', 'startOffset': 244, 'endOffset': 253}]}"
8300e9f4-7efe-4fbb-aa18-858e69fc387a,d3ce7764-eb85-4999-b965-c028f539ee33,1ecf29a6-9193-4a8b-9317-5dc319b94507,"{'text': 'commander', 'context': '0. Je vais commander une pizza pour le dîner.', 'proba': 1.0, 'process': 'reference word'}",d34602e1-1664-42cb-b139-c5cb8bcfa2a0,b4c7cef7-679a-4c80-b0f3-d290cfe44aca,2024-11-25T11:23:58.563874+00:00,"{'source': 'b4c7cef7-679a-4c80-b0f3-d290cfe44aca', 'selector': [{'startContainer': '/', 'endContainer': '/', 'startOffset': 96, 'endOffset': 106}]}"
f25fa3bb-ec4b-443a-9c8c-485d5d83574c,d3ce7764-eb85-4999-b965-c028f539ee33,1ecf29a6-9193-4a8b-9317-5dc319b94507,"{'text': 'commandé', 'context': ""1. J'ai commandé une pizza pour le dîner."", 'proba': 0.9}",d34602e1-1664-42cb-b139-c5cb8bcfa2a0,b4c7cef7-679a-4c80-b0f3-d290cfe44aca,2024-11-25T11:24:00.191547+00:00,"{'source': 'b4c7cef7-679a-4c80-b0f3-d290cfe44aca', 'selector': [{'startContainer': '/', 'endContainer': '/', 'startOffset': 244, 'endOffset': 253}]}"
6401c525-a492-4c16-9e11-40cfa8cdc826,d3ce7764-eb85-4999-b965-c028f539ee33,1ecf29a6-9193-4a8b-9317-5dc319b94507,"{'text': 'a changé', 'context': '0. Gérard a changé ses vêtements parce qu’ils étaient sales.'}",eb9a2239-5a6c-4da5-8957-af8a90d3e880,70eb81d7-9785-4d5b-8ba9-de7f848002ec,2024-11-26T09:07:19.760259+00:00,"{'source': '70eb81d7-9785-4d5b-8ba9-de7f848002ec', 'selector': [{'startContainer': '/', 'endContainer': '/', 'startOffset': 93, 'endOffset': 101}]}"
8ec168d6-c695-499a-9e91-fcfde5da3e90,d3ce7764-eb85-4999-b965-c028f539ee33,1ecf29a6-9193-4a8b-9317-5dc319b94507,"{'text': 'changé', 'context': '1. Il a changé de travail récemment.'}",e920598f-774d-4e1c-a2dc-8fb9a6f3053f,70eb81d7-9785-4d5b-8ba9-de7f848002ec,2024-11-25T09:51:01.667935+00:00,"{'source': '70eb81d7-9785-4d5b-8ba9-de7f848002ec', 'selector': [{'startContainer': '/', 'endContainer': '/', 'startOffset': 255, 'endOffset': 261}]}"
99e0276e-6d92-41d8-b0e2-b130b3b1abcc,d3ce7764-eb85-4999-b965-c028f539ee33,1ecf29a6-9193-4a8b-9317-5dc319b94507,"{'text': 'changé', 'context': '0. Gérard a changé ses vêtements parce qu’ils étaient sales.'}",e920598f-774d-4e1c-a2dc-8fb9a6f3053f,70eb81d7-9785-4d5b-8ba9-de7f848002ec,2024-11-25T09:50:59.761914+00:00,"{'source': '70eb81d7-9785-4d5b-8ba9-de7f848002ec', 'selector': [{'startContainer': '/', 'endContainer': '/', 'startOffset': 95, 'endOffset': 101}]}"
8ecdc681-fb08-4416-8c43-9e1e857c4d3a,default,0,"{'text': 'changé', 'context': '1. Il a changé de travail récemment.', 'proba': 1.0, 'process': 'reference word'}",76a78473-a608-4c59-bf52-898d3dfd7121,70eb81d7-9785-4d5b-8ba9-de7f848002ec,2025-02-05T14:40:57.497627,"{'source': '70eb81d7-9785-4d5b-8ba9-de7f848002ec', 'selector': [{'startContainer': '/', 'endContainer': '/', 'startOffset': 255, 'endOffset': 262}]}"
8755b5c8-b405-4161-a9ca-4f2103b3394d,d3ce7764-eb85-4999-b965-c028f539ee33,1ecf29a6-9193-4a8b-9317-5dc319b94507,"{'text': 'changé', 'context': '1. Il a changé de travail récemment.', 'proba': 1.0, 'process': 'reference word'}",d34602e1-1664-42cb-b139-c5cb8bcfa2a0,70eb81d7-9785-4d5b-8ba9-de7f848002ec,2024-11-25T11:21:44.061563+00:00,"{'source': '70eb81d7-9785-4d5b-8ba9-de7f848002ec', 'selector': [{'startContainer': '/', 'endContainer': '/', 'startOffset': 255, 'endOffset': 262}]}"
762f2c3b-2645-4806-aaa6-4962315eef37,default,0,"{'text': 'changé', 'context': '0. Gérard a changé ses vêtements parce qu’ils étaient sales.', 'proba': 0.7}",76a78473-a608-4c59-bf52-898d3dfd7121,70eb81d7-9785-4d5b-8ba9-de7f848002ec,2025-02-05T14:40:57.497727,"{'source': '70eb81d7-9785-4d5b-8ba9-de7f848002ec', 'selector': [{'startContainer': '/', 'endContainer': '/', 'startOffset': 95, 'endOffset': 102}]}"
5fadd1de-6962-4259-abec-1cdd3f92c7c0,d3ce7764-eb85-4999-b965-c028f539ee33,1ecf29a6-9193-4a8b-9317-5dc319b94507,"{'text': 'changé', 'context': '0. Gérard a changé ses vêtements parce qu’ils étaient sales.', 'proba': 0.7}",d34602e1-1664-42cb-b139-c5cb8bcfa2a0,70eb81d7-9785-4d5b-8ba9-de7f848002ec,2024-11-25T11:21:41.912606+00:00,"{'source': '70eb81d7-9785-4d5b-8ba9-de7f848002ec', 'selector': [{'startContainer': '/', 'endContainer': '/', 'startOffset': 95, 'endOffset': 102}]}"
8236949b-6294-430d-96d6-6cf2d3285a4f,default,1ecf29a6-9193-4a8b-9317-5dc319b94507,"{'text': 'changé', 'context': '1. Il a changé de travail récemment.', 'proba': 1.0, 'process': 'reference word'}",c750946d-c7bd-42e9-9b77-2c9425fdae60,70eb81d7-9785-4d5b-8ba9-de7f848002ec,2025-02-05T14:40:57.497627,"{'source': '70eb81d7-9785-4d5b-8ba9-de7f848002ec', 'selector': [{'startContainer': '/', 'endContainer': '/', 'startOffset': 255, 'endOffset': 262}]}"
48ca7897-fb5c-4b8d-a4cc-90b460053c87,d3ce7764-eb85-4999-b965-c028f539ee33,1ecf29a6-9193-4a8b-9317-5dc319b94507,"{'text': 'a changé', 'context': '1. Il a changé de travail récemment.'}",eb9a2239-5a6c-4da5-8957-af8a90d3e880,70eb81d7-9785-4d5b-8ba9-de7f848002ec,2024-11-26T09:07:23.651669+00:00,"{'source': '70eb81d7-9785-4d5b-8ba9-de7f848002ec', 'selector': [{'startContainer': '/', 'endContainer': '/', 'startOffset': 253, 'endOffset': 261}]}"
f5e1f28a-34f2-4d12-a949-cb94ad37f9fa,default,1ecf29a6-9193-4a8b-9317-5dc319b94507,"{'text': 'changé', 'context': '0. Gérard a changé ses vêtements parce qu’ils étaient sales.', 'proba': 0.7}",c750946d-c7bd-42e9-9b77-2c9425fdae60,70eb81d7-9785-4d5b-8ba9-de7f848002ec,2025-02-05T14:40:57.497727,"{'source': '70eb81d7-9785-4d5b-8ba9-de7f848002ec', 'selector': [{'startContainer': '/', 'endContainer': '/', 'startOffset': 95, 'endOffset': 102}]}"
10d1ab10-b39c-45e7-ae9d-f3f708a3ecdb,d3ce7764-eb85-4999-b965-c028f539ee33,1ecf29a6-9193-4a8b-9317-5dc319b94507,"{'text': 'vais', 'context': ""2. Je vais à l'école tous les jours."", 'proba': 0.9}",d34602e1-1664-42cb-b139-c5cb8bcfa2a0,23a02fb1-5303-4d3b-a2e6-ce20156807ec,2024-11-25T09:06:47.160864+00:00,"{'source': '23a02fb1-5303-4d3b-a2e6-ce20156807ec', 'selector': [{'startContainer': '/', 'endContainer': '/', 'startOffset': 359, 'endOffset': 364}]}"
63a3ad8c-b5bc-4cb3-8eb8-0e8769d57cc9,default,1ecf29a6-9193-4a8b-9317-5dc319b94507,"{'text': 'vais', 'context': ""2. Je vais à l'école tous les jours."", 'proba': 0.9}",c750946d-c7bd-42e9-9b77-2c9425fdae60,23a02fb1-5303-4d3b-a2e6-ce20156807ec,2025-02-05T14:40:57.497832,"{'source': '23a02fb1-5303-4d3b-a2e6-ce20156807ec', 'selector': [{'startContainer': '/', 'endContainer': '/', 'startOffset': 359, 'endOffset': 364}]}"
f6b90895-d868-40a6-b4f6-233d427f7280,d3ce7764-eb85-4999-b965-c028f539ee33,1ecf29a6-9193-4a8b-9317-5dc319b94507,"{'text': 'Allez', 'context': ""1. Allez à l'école tous les jours.""}",e920598f-774d-4e1c-a2dc-8fb9a6f3053f,23a02fb1-5303-4d3b-a2e6-ce20156807ec,2024-11-25T09:21:45.527671+00:00,"{'source': '23a02fb1-5303-4d3b-a2e6-ce20156807ec', 'selector': [{'startContainer': '/', 'endContainer': '/', 'startOffset': 220, 'endOffset': 225}]}"
07af254a-86d1-4e2b-a7d0-5c7b87e9c068,d3ce7764-eb85-4999-b965-c028f539ee33,1ecf29a6-9193-4a8b-9317-5dc319b94507,"{'text': 'Allez', 'context': ""3. Allez à l'école tous les jours."", 'proba': 0.9}",d34602e1-1664-42cb-b139-c5cb8bcfa2a0,23a02fb1-5303-4d3b-a2e6-ce20156807ec,2024-12-27T08:13:17.999888+00:00,"{'source': '23a02fb1-5303-4d3b-a2e6-ce20156807ec', 'selector': [{'startContainer': '/', 'endContainer': '/', 'startOffset': 494, 'endOffset': 500}]}"
37b13b84-d830-45f9-9e8b-cbf651fc4002,default,0,"{'text': 'Allez', 'context': ""3. Allez à l'école tous les jours."", 'proba': 0.9}",76a78473-a608-4c59-bf52-898d3dfd7121,23a02fb1-5303-4d3b-a2e6-ce20156807ec,2025-02-05T14:40:57.498033,"{'source': '23a02fb1-5303-4d3b-a2e6-ce20156807ec', 'selector': [{'startContainer': '/', 'endContainer': '/', 'startOffset': 494, 'endOffset': 500}]}"
f501da00-64e9-43d3-9da6-2e04152b573e,default,1ecf29a6-9193-4a8b-9317-5dc319b94507,"{'text': 'Allez', 'context': ""0. Allez à l'école tous les jours."", 'proba': 1.0, 'process': 'reference word'}",c750946d-c7bd-42e9-9b77-2c9425fdae60,23a02fb1-5303-4d3b-a2e6-ce20156807ec,2025-02-05T14:40:57.498133,"{'source': '23a02fb1-5303-4d3b-a2e6-ce20156807ec', 'selector': [{'startContainer': '/', 'endContainer': '/', 'startOffset': 84, 'endOffset': 90}]}"
997f81cc-157f-4979-8801-a1dad67cae46,default,0,"{'text': 'Allez', 'context': ""1. Allez à l'école tous les jours."", 'proba': 1.0}",76a78473-a608-4c59-bf52-898d3dfd7121,23a02fb1-5303-4d3b-a2e6-ce20156807ec,2025-02-05T14:40:57.497933,"{'source': '23a02fb1-5303-4d3b-a2e6-ce20156807ec', 'selector': [{'startContainer': '/', 'endContainer': '/', 'startOffset': 220, 'endOffset': 226}]}"
78b15877-dc83-454d-9585-0614e045ba7c,d3ce7764-eb85-4999-b965-c028f539ee33,1ecf29a6-9193-4a8b-9317-5dc319b94507,"{'text': 'Allez', 'context': ""1. Allez à l'école tous les jours."", 'proba': 1.0}",d34602e1-1664-42cb-b139-c5cb8bcfa2a0,23a02fb1-5303-4d3b-a2e6-ce20156807ec,2024-11-25T09:06:44.104234+00:00,"{'source': '23a02fb1-5303-4d3b-a2e6-ce20156807ec', 'selector': [{'startContainer': '/', 'endContainer': '/', 'startOffset': 220, 'endOffset': 226}]}"
2db20446-8165-412b-b81c-21f7055ffb52,d3ce7764-eb85-4999-b965-c028f539ee33,1ecf29a6-9193-4a8b-9317-5dc319b94507,"{'text': 'Allez', 'context': ""1. Allez à l'école tous les jours.""}",eb9a2239-5a6c-4da5-8957-af8a90d3e880,23a02fb1-5303-4d3b-a2e6-ce20156807ec,2024-11-26T09:01:55.971088+00:00,"{'source': '23a02fb1-5303-4d3b-a2e6-ce20156807ec', 'selector': [{'startContainer': '/', 'endContainer': '/', 'startOffset': 220, 'endOffset': 225}]}"
d20b42a2-ed9a-4240-97e4-5e331b2f434e,default,0,"{'text': 'vais', 'context': ""2. Je vais à l'école tous les jours."", 'proba': 0.9}",76a78473-a608-4c59-bf52-898d3dfd7121,23a02fb1-5303-4d3b-a2e6-ce20156807ec,2025-02-05T14:40:57.497832,"{'source': '23a02fb1-5303-4d3b-a2e6-ce20156807ec', 'selector': [{'startContainer': '/', 'endContainer': '/', 'startOffset': 359, 'endOffset': 364}]}"
4fd4d9c4-de7f-4614-adc9-5dfa8133a0e2,d3ce7764-eb85-4999-b965-c028f539ee33,1ecf29a6-9193-4a8b-9317-5dc319b94507,"{'text': 'Allez', 'context': ""0. Allez à l'école tous les jours.""}",e920598f-774d-4e1c-a2dc-8fb9a6f3053f,23a02fb1-5303-4d3b-a2e6-ce20156807ec,2024-11-25T09:21:38.419480+00:00,"{'source': '23a02fb1-5303-4d3b-a2e6-ce20156807ec', 'selector': [{'startContainer': '/', 'endContainer': '/', 'startOffset': 84, 'endOffset': 89}]}"
07ab8a15-7a5e-4705-b832-2466e3e1c164,d3ce7764-eb85-4999-b965-c028f539ee33,1ecf29a6-9193-4a8b-9317-5dc319b94507,"{'text': 'vais', 'context': ""2. Je vais à l'école tous les jours.""}",e920598f-774d-4e1c-a2dc-8fb9a6f3053f,23a02fb1-5303-4d3b-a2e6-ce20156807ec,2024-11-25T09:21:48.309717+00:00,"{'source': '23a02fb1-5303-4d3b-a2e6-ce20156807ec', 'selector': [{'startContainer': '/', 'endContainer': '/', 'startOffset': 359, 'endOffset': 363}]}"
00362d91-e185-429c-998d-14a479ae2158,d3ce7764-eb85-4999-b965-c028f539ee33,1ecf29a6-9193-4a8b-9317-5dc319b94507,"{'text': 'Allez', 'context': ""3. Allez à l'école tous les jours.""}",e920598f-774d-4e1c-a2dc-8fb9a6f3053f,23a02fb1-5303-4d3b-a2e6-ce20156807ec,2024-11-25T09:21:50.354810+00:00,"{'source': '23a02fb1-5303-4d3b-a2e6-ce20156807ec', 'selector': [{'startContainer': '/', 'endContainer': '/', 'startOffset': 494, 'endOffset': 499}]}"
2307229d-05a4-4f43-97a2-e91e1a1c3411,default,1ecf29a6-9193-4a8b-9317-5dc319b94507,"{'text': 'Allez', 'context': ""3. Allez à l'école tous les jours."", 'proba': 0.9}",c750946d-c7bd-42e9-9b77-2c9425fdae60,23a02fb1-5303-4d3b-a2e6-ce20156807ec,2025-02-05T14:40:57.498033,"{'source': '23a02fb1-5303-4d3b-a2e6-ce20156807ec', 'selector': [{'startContainer': '/', 'endContainer': '/', 'startOffset': 494, 'endOffset': 500}]}"
d5b1f6d4-0710-474c-95d6-6f8e8fed42a4,default,0,"{'text': 'Allez', 'context': ""0. Allez à l'école tous les jours."", 'proba': 1.0, 'process': 'reference word'}",76a78473-a608-4c59-bf52-898d3dfd7121,23a02fb1-5303-4d3b-a2e6-ce20156807ec,2025-02-05T14:40:57.498133,"{'source': '23a02fb1-5303-4d3b-a2e6-ce20156807ec', 'selector': [{'startContainer': '/', 'endContainer': '/', 'startOffset': 84, 'endOffset': 90}]}"
b871c233-2491-48f4-a145-5bce8fe48fc7,d3ce7764-eb85-4999-b965-c028f539ee33,1ecf29a6-9193-4a8b-9317-5dc319b94507,"{'text': 'Je vais', 'context': ""2. Je vais à l'école tous les jours.""}",eb9a2239-5a6c-4da5-8957-af8a90d3e880,23a02fb1-5303-4d3b-a2e6-ce20156807ec,2024-11-26T09:01:59.954006+00:00,"{'source': '23a02fb1-5303-4d3b-a2e6-ce20156807ec', 'selector': [{'startContainer': '/', 'endContainer': '/', 'startOffset': 356, 'endOffset': 363}]}"
6dcf438d-ae74-4c34-afe4-d1b3b1904621,d3ce7764-eb85-4999-b965-c028f539ee33,1ecf29a6-9193-4a8b-9317-5dc319b94507,"{'text': 'Allez', 'context': ""0. Allez à l'école tous les jours."", 'proba': 1.0, 'process': 'reference word'}",d34602e1-1664-42cb-b139-c5cb8bcfa2a0,23a02fb1-5303-4d3b-a2e6-ce20156807ec,2024-11-25T09:06:41.251592+00:00,"{'source': '23a02fb1-5303-4d3b-a2e6-ce20156807ec', 'selector': [{'startContainer': '/', 'endContainer': '/', 'startOffset': 84, 'endOffset': 90}]}"
3604517e-6b33-47a1-85e8-263630272c02,default,1ecf29a6-9193-4a8b-9317-5dc319b94507,"{'text': 'Allez', 'context': ""1. Allez à l'école tous les jours."", 'proba': 1.0}",c750946d-c7bd-42e9-9b77-2c9425fdae60,23a02fb1-5303-4d3b-a2e6-ce20156807ec,2025-02-05T14:40:57.497933,"{'source': '23a02fb1-5303-4d3b-a2e6-ce20156807ec', 'selector': [{'startContainer': '/', 'endContainer': '/', 'startOffset': 220, 'endOffset': 226}]}"
2ab0ef06-cea9-4200-a961-5a261f6a8006,d3ce7764-eb85-4999-b965-c028f539ee33,1ecf29a6-9193-4a8b-9317-5dc319b94507,"{'text': 'Allez', 'context': ""0. Allez à l'école tous les jours.""}",eb9a2239-5a6c-4da5-8957-af8a90d3e880,23a02fb1-5303-4d3b-a2e6-ce20156807ec,2024-11-26T09:01:52.800497+00:00,"{'source': '23a02fb1-5303-4d3b-a2e6-ce20156807ec', 'selector': [{'startContainer': '/', 'endContainer': '/', 'startOffset': 84, 'endOffset': 89}]}"
4cdbb04e-06d0-4c78-97d4-9c4cecd01cae,d3ce7764-eb85-4999-b965-c028f539ee33,1ecf29a6-9193-4a8b-9317-5dc319b94507,"{'text': 'aime', 'context': '0. Pour qu’un enfant soit heureux, il faut lui rappeler tous les jours qu’on l’aime.'}",e920598f-774d-4e1c-a2dc-8fb9a6f3053f,a589cf2c-035c-4f96-8081-98c19bfbcf6f,2024-11-25T10:14:12.409757+00:00,"{'source': 'a589cf2c-035c-4f96-8081-98c19bfbcf6f', 'selector': [{'startContainer': '/', 'endContainer': '/', 'startOffset': 160, 'endOffset': 164}]}"
8ce5c5d6-651a-42ab-a00d-74a288cfe73d,d3ce7764-eb85-4999-b965-c028f539ee33,1ecf29a6-9193-4a8b-9317-5dc319b94507,"{'text': 'aime', 'context': '0. Pour qu’un enfant soit heureux, il faut lui rappeler tous les jours qu’on l’aime.'}",eb9a2239-5a6c-4da5-8957-af8a90d3e880,a589cf2c-035c-4f96-8081-98c19bfbcf6f,2024-11-26T09:08:53.760518+00:00,"{'source': 'a589cf2c-035c-4f96-8081-98c19bfbcf6f', 'selector': [{'startContainer': '/', 'endContainer': '/', 'startOffset': 160, 'endOffset': 164}]}"
a8a752e3-1366-4407-aad8-c9d29b9899be,d3ce7764-eb85-4999-b965-c028f539ee33,1ecf29a6-9193-4a8b-9317-5dc319b94507,"{'text': 'aimé', 'context': '1. Il a toujours aimé les animaux.'}",eb9a2239-5a6c-4da5-8957-af8a90d3e880,a589cf2c-035c-4f96-8081-98c19bfbcf6f,2024-11-26T09:08:56.961211+00:00,"{'source': 'a589cf2c-035c-4f96-8081-98c19bfbcf6f', 'selector': [{'startContainer': '/', 'endContainer': '/', 'startOffset': 284, 'endOffset': 288}]}"
28c99f62-9f7d-4d69-816c-2133bc002944,default,1ecf29a6-9193-4a8b-9317-5dc319b94507,"{'text': 'aimé', 'context': '1. Il a toujours aimé les animaux.', 'proba': 1.0, 'process': 'reference word'}",c750946d-c7bd-42e9-9b77-2c9425fdae60,a589cf2c-035c-4f96-8081-98c19bfbcf6f,2025-02-05T14:40:57.498239,"{'source': 'a589cf2c-035c-4f96-8081-98c19bfbcf6f', 'selector': [{'startContainer': '/', 'endContainer': '/', 'startOffset': 284, 'endOffset': 289}]}"
2109e915-5912-4f32-b553-0fbece5b4082,default,1ecf29a6-9193-4a8b-9317-5dc319b94507,"{'text': 'aime', 'context': '0. Pour qu’un enfant soit heureux, il faut lui rappeler tous les jours qu’on l’aime.', 'proba': 0.9}",c750946d-c7bd-42e9-9b77-2c9425fdae60,a589cf2c-035c-4f96-8081-98c19bfbcf6f,2025-02-05T14:40:57.498339,"{'source': 'a589cf2c-035c-4f96-8081-98c19bfbcf6f', 'selector': [{'startContainer': '/', 'endContainer': '/', 'startOffset': 160, 'endOffset': 164}]}"
b6b1c5fa-6367-463d-b8d0-bd5cd70976d7,default,0,"{'text': 'aimé', 'context': '1. Il a toujours aimé les animaux.', 'proba': 1.0, 'process': 'reference word'}",76a78473-a608-4c59-bf52-898d3dfd7121,a589cf2c-035c-4f96-8081-98c19bfbcf6f,2025-02-05T14:40:57.498239,"{'source': 'a589cf2c-035c-4f96-8081-98c19bfbcf6f', 'selector': [{'startContainer': '/', 'endContainer': '/', 'startOffset': 284, 'endOffset': 289}]}"
9ac88144-23f4-44a8-9317-420fe50c3420,default,0,"{'text': 'aime', 'context': '2. Elle aime les fleurs.', 'proba': 0.9}",76a78473-a608-4c59-bf52-898d3dfd7121,a589cf2c-035c-4f96-8081-98c19bfbcf6f,2025-02-05T14:40:57.498448,"{'source': 'a589cf2c-035c-4f96-8081-98c19bfbcf6f', 'selector': [{'startContainer': '/', 'endContainer': '/', 'startOffset': 411, 'endOffset': 416}]}"
30c32a09-67ee-4b01-861e-198716b720a0,default,1ecf29a6-9193-4a8b-9317-5dc319b94507,"{'text': 'aime', 'context': '2. Elle aime les fleurs.', 'proba': 0.9}",c750946d-c7bd-42e9-9b77-2c9425fdae60,a589cf2c-035c-4f96-8081-98c19bfbcf6f,2025-02-05T14:40:57.498448,"{'source': 'a589cf2c-035c-4f96-8081-98c19bfbcf6f', 'selector': [{'startContainer': '/', 'endContainer': '/', 'startOffset': 411, 'endOffset': 416}]}"
1d909857-2ee2-47dd-987f-aff7e3533966,d3ce7764-eb85-4999-b965-c028f539ee33,1ecf29a6-9193-4a8b-9317-5dc319b94507,"{'text': 'aimé', 'context': '1. Il a toujours aimé les animaux.', 'proba': 1.0, 'process': 'reference word'}",d34602e1-1664-42cb-b139-c5cb8bcfa2a0,a589cf2c-035c-4f96-8081-98c19bfbcf6f,2024-11-25T11:23:18.413695+00:00,"{'source': 'a589cf2c-035c-4f96-8081-98c19bfbcf6f', 'selector': [{'startContainer': '/', 'endContainer': '/', 'startOffset': 284, 'endOffset': 289}]}"
c0e4363b-29df-45cb-95e7-f2b11cc5f4a1,d3ce7764-eb85-4999-b965-c028f539ee33,1ecf29a6-9193-4a8b-9317-5dc319b94507,"{'text': 'aime', 'context': '2. Elle aime les fleurs.'}",e920598f-774d-4e1c-a2dc-8fb9a6f3053f,a589cf2c-035c-4f96-8081-98c19bfbcf6f,2024-11-25T10:14:12.415723+00:00,"{'source': 'a589cf2c-035c-4f96-8081-98c19bfbcf6f', 'selector': [{'startContainer': '/', 'endContainer': '/', 'startOffset': 411, 'endOffset': 415}]}"
a8d1c71b-7f6e-4266-9c6f-f0d7ae87ada1,d3ce7764-eb85-4999-b965-c028f539ee33,1ecf29a6-9193-4a8b-9317-5dc319b94507,"{'text': 'aimé', 'context': '1. Il a toujours aimé les animaux.'}",e920598f-774d-4e1c-a2dc-8fb9a6f3053f,a589cf2c-035c-4f96-8081-98c19bfbcf6f,2024-11-25T10:14:12.411636+00:00,"{'source': 'a589cf2c-035c-4f96-8081-98c19bfbcf6f', 'selector': [{'startContainer': '/', 'endContainer': '/', 'startOffset': 284, 'endOffset': 288}]}"
90559850-47cd-474e-90c5-09765e49698d,d3ce7764-eb85-4999-b965-c028f539ee33,1ecf29a6-9193-4a8b-9317-5dc319b94507,"{'text': 'aime', 'context': '0. Pour qu’un enfant soit heureux, il faut lui rappeler tous les jours qu’on l’aime.', 'proba': 0.9}",d34602e1-1664-42cb-b139-c5cb8bcfa2a0,a589cf2c-035c-4f96-8081-98c19bfbcf6f,2024-11-25T11:23:16.280904+00:00,"{'source': 'a589cf2c-035c-4f96-8081-98c19bfbcf6f', 'selector': [{'startContainer': '/', 'endContainer': '/', 'startOffset': 160, 'endOffset': 164}]}"
8f657277-7d9b-4cbc-940e-7ff1c2a3c6a5,default,0,"{'text': 'aime', 'context': '0. Pour qu’un enfant soit heureux, il faut lui rappeler tous les jours qu’on l’aime.', 'proba': 0.9}",76a78473-a608-4c59-bf52-898d3dfd7121,a589cf2c-035c-4f96-8081-98c19bfbcf6f,2025-02-05T14:40:57.498339,"{'source': 'a589cf2c-035c-4f96-8081-98c19bfbcf6f', 'selector': [{'startContainer': '/', 'endContainer': '/', 'startOffset': 160, 'endOffset': 164}]}"
d22d8faf-6d37-4c82-8f3d-d9093c4200ca,d3ce7764-eb85-4999-b965-c028f539ee33,1ecf29a6-9193-4a8b-9317-5dc319b94507,"{'text': 'aime', 'context': '2. Elle aime les fleurs.', 'proba': 0.9}",d34602e1-1664-42cb-b139-c5cb8bcfa2a0,a589cf2c-035c-4f96-8081-98c19bfbcf6f,2024-11-25T11:23:21.008188+00:00,"{'source': 'a589cf2c-035c-4f96-8081-98c19bfbcf6f', 'selector': [{'startContainer': '/', 'endContainer': '/', 'startOffset': 411, 'endOffset': 416}]}"
50f238a6-d500-4623-84b3-7dec18c81e88,d3ce7764-eb85-4999-b965-c028f539ee33,1ecf29a6-9193-4a8b-9317-5dc319b94507,"{'text': 'aime', 'context': '2. Elle aime les fleurs.'}",eb9a2239-5a6c-4da5-8957-af8a90d3e880,a589cf2c-035c-4f96-8081-98c19bfbcf6f,2024-11-26T09:09:00.852110+00:00,"{'source': 'a589cf2c-035c-4f96-8081-98c19bfbcf6f', 'selector': [{'startContainer': '/', 'endContainer': '/', 'startOffset': 411, 'endOffset': 415}]}"
800563a8-7e87-4de4-94c9-3257c867ed45,d3ce7764-eb85-4999-b965-c028f539ee33,1ecf29a6-9193-4a8b-9317-5dc319b94507,"{'text': 'rien', 'context': ""0. Il n'y a rien dans le frigo.""}",eb9a2239-5a6c-4da5-8957-af8a90d3e880,0cf0fd37-d4ea-4b72-9530-965d1867effb,2024-11-26T08:48:15.688985+00:00,"{'source': '0cf0fd37-d4ea-4b72-9530-965d1867effb', 'selector': [{'startContainer': '/', 'endContainer': '/', 'startOffset': 92, 'endOffset': 96}]}"
1a9a1b6a-cf6b-4e1c-b0de-18b7ff67aa1e,default,0,"{'text': 'rien', 'context': ""1. Il n'y a rien dans le frigo."", 'proba': 1.0, 'process': 'reference word'}",76a78473-a608-4c59-bf52-898d3dfd7121,0cf0fd37-d4ea-4b72-9530-965d1867effb,2025-02-05T14:40:57.498652,"{'source': '0cf0fd37-d4ea-4b72-9530-965d1867effb', 'selector': [{'startContainer': '/', 'endContainer': '/', 'startOffset': 224, 'endOffset': 229}]}"
e388ae73-8be9-4899-b389-2805d3191883,default,0,"{'text': 'rien', 'context': ""0. Il n'y a rien dans le frigo."", 'proba': 1.0}",76a78473-a608-4c59-bf52-898d3dfd7121,0cf0fd37-d4ea-4b72-9530-965d1867effb,2025-02-05T14:40:57.498552,"{'source': '0cf0fd37-d4ea-4b72-9530-965d1867effb', 'selector': [{'startContainer': '/', 'endContainer': '/', 'startOffset': 92, 'endOffset': 97}]}"
0719e944-52f4-4132-ad7a-b55a1452852c,d3ce7764-eb85-4999-b965-c028f539ee33,1ecf29a6-9193-4a8b-9317-5dc319b94507,"{'text': 'rien', 'context': ""0. Il n'y a rien dans le frigo."", 'proba': 1.0}",d34602e1-1664-42cb-b139-c5cb8bcfa2a0,0cf0fd37-d4ea-4b72-9530-965d1867effb,2024-12-27T08:10:42.822208+00:00,"{'source': '0cf0fd37-d4ea-4b72-9530-965d1867effb', 'selector': [{'startContainer': '/', 'endContainer': '/', 'startOffset': 92, 'endOffset': 97}]}"
1d561dcd-5791-4098-8aa5-72d669c5cbab,d3ce7764-eb85-4999-b965-c028f539ee33,1ecf29a6-9193-4a8b-9317-5dc319b94507,"{'text': 'rien', 'context': ""1. Il n'y a rien dans le frigo.""}",eb9a2239-5a6c-4da5-8957-af8a90d3e880,0cf0fd37-d4ea-4b72-9530-965d1867effb,2024-11-26T08:48:18.317442+00:00,"{'source': '0cf0fd37-d4ea-4b72-9530-965d1867effb', 'selector': [{'startContainer': '/', 'endContainer': '/', 'startOffset': 224, 'endOffset': 228}]}"
a375c936-f98c-472e-830c-8cf963e3d52a,default,1ecf29a6-9193-4a8b-9317-5dc319b94507,"{'text': 'rien', 'context': ""1. Il n'y a rien dans le frigo."", 'proba': 1.0, 'process': 'reference word'}",c750946d-c7bd-42e9-9b77-2c9425fdae60,0cf0fd37-d4ea-4b72-9530-965d1867effb,2025-02-05T14:40:57.498652,"{'source': '0cf0fd37-d4ea-4b72-9530-965d1867effb', 'selector': [{'startContainer': '/', 'endContainer': '/', 'startOffset': 224, 'endOffset': 229}]}"
07cab3f7-704e-46cd-a672-2ac36513725b,d3ce7764-eb85-4999-b965-c028f539ee33,1ecf29a6-9193-4a8b-9317-5dc319b94507,"{'text': 'rien', 'context': ""1. Il n'y a rien dans le frigo."", 'proba': 1.0, 'process': 'reference word'}",d34602e1-1664-42cb-b139-c5cb8bcfa2a0,0cf0fd37-d4ea-4b72-9530-965d1867effb,2024-12-27T08:10:44.821186+00:00,"{'source': '0cf0fd37-d4ea-4b72-9530-965d1867effb', 'selector': [{'startContainer': '/', 'endContainer': '/', 'startOffset': 224, 'endOffset': 229}]}"
9055994d-5130-4809-b70c-f678ac5ff4bc,d3ce7764-eb85-4999-b965-c028f539ee33,1ecf29a6-9193-4a8b-9317-5dc319b94507,"{'text': 'rien', 'context': ""0. Il n'y a rien dans le frigo.""}",e920598f-774d-4e1c-a2dc-8fb9a6f3053f,0cf0fd37-d4ea-4b72-9530-965d1867effb,2024-11-25T09:18:53.813885+00:00,"{'source': '0cf0fd37-d4ea-4b72-9530-965d1867effb', 'selector': [{'startContainer': '/', 'endContainer': '/', 'startOffset': 92, 'endOffset': 96}]}"
3c30a791-9678-41b1-bafa-dde48460ea19,default,1ecf29a6-9193-4a8b-9317-5dc319b94507,"{'text': 'rien', 'context': ""0. Il n'y a rien dans le frigo."", 'proba': 1.0}",c750946d-c7bd-42e9-9b77-2c9425fdae60,0cf0fd37-d4ea-4b72-9530-965d1867effb,2025-02-05T14:40:57.498552,"{'source': '0cf0fd37-d4ea-4b72-9530-965d1867effb', 'selector': [{'startContainer': '/', 'endContainer': '/', 'startOffset': 92, 'endOffset': 97}]}"
b6caa93a-38df-4d18-a6d9-4ceaf025b642,d3ce7764-eb85-4999-b965-c028f539ee33,1ecf29a6-9193-4a8b-9317-5dc319b94507,"{'text': 'rien', 'context': ""1. Il n'y a rien dans le frigo.""}",e920598f-774d-4e1c-a2dc-8fb9a6f3053f,0cf0fd37-d4ea-4b72-9530-965d1867effb,2024-11-25T09:18:58.596580+00:00,"{'source': '0cf0fd37-d4ea-4b72-9530-965d1867effb', 'selector': [{'startContainer': '/', 'endContainer': '/', 'startOffset': 224, 'endOffset': 228}]}"
67f19611-dbd6-4fe3-a135-41ecdc6b659b,default,1ecf29a6-9193-4a8b-9317-5dc319b94507,"{'text': 'voile', 'context': '0. Le voile est un foulard porté sur la tête par des femmes musulmanes.', 'proba': 1.0, 'process': 'reference word'}",c750946d-c7bd-42e9-9b77-2c9425fdae60,dbf01186-cba3-45a5-9f1a-c4ae03a85dab,2025-02-05T14:40:57.498756,"{'source': 'dbf01186-cba3-45a5-9f1a-c4ae03a85dab', 'selector': [{'startContainer': '/', 'endContainer': '/', 'startOffset': 87, 'endOffset': 93}]}"
6afaa62f-b41b-4429-a46f-35ee187701c9,default,0,"{'text': 'voile', 'context': '0. Le voile est un foulard porté sur la tête par des femmes musulmanes.', 'proba': 1.0, 'process': 'reference word'}",76a78473-a608-4c59-bf52-898d3dfd7121,dbf01186-cba3-45a5-9f1a-c4ae03a85dab,2025-02-05T14:40:57.498756,"{'source': 'dbf01186-cba3-45a5-9f1a-c4ae03a85dab', 'selector': [{'startContainer': '/', 'endContainer': '/', 'startOffset': 87, 'endOffset': 93}]}"
3d6442d8-0db5-4a83-9e36-112bea1beddf,d3ce7764-eb85-4999-b965-c028f539ee33,1ecf29a6-9193-4a8b-9317-5dc319b94507,"{'text': 'voile', 'context': '0. Le voile est un foulard porté sur la tête par des femmes musulmanes.', 'proba': 1.0, 'process': 'reference word'}",d34602e1-1664-42cb-b139-c5cb8bcfa2a0,dbf01186-cba3-45a5-9f1a-c4ae03a85dab,2024-11-25T11:28:13.594303+00:00,"{'source': 'dbf01186-cba3-45a5-9f1a-c4ae03a85dab', 'selector': [{'startContainer': '/', 'endContainer': '/', 'startOffset': 87, 'endOffset': 93}]}"
d89bac95-d85d-4403-b76d-76fb4b88fbca,default,371a5d39-6e41-427f-8e1f-6bf64504e080,"{'text': 'voile', 'context': '1. La voile est une activité qui se pratique dans un bateau à voile.', 'proba': 0.1}",c750946d-c7bd-42e9-9b77-2c9425fdae60,dbf01186-cba3-45a5-9f1a-c4ae03a85dab,2025-02-05T14:40:57.498857,"{'source': 'dbf01186-cba3-45a5-9f1a-c4ae03a85dab', 'selector': [{'startContainer': '/', 'endContainer': '/', 'startOffset': 260, 'endOffset': 266}]}"
4d9c863f-5c00-4cac-9396-ed3e7a1abb17,default,1,"{'text': 'voile', 'context': '1. La voile est une activité qui se pratique dans un bateau à voile.', 'proba': 0.1}",76a78473-a608-4c59-bf52-898d3dfd7121,dbf01186-cba3-45a5-9f1a-c4ae03a85dab,2025-02-05T14:40:57.498857,"{'source': 'dbf01186-cba3-45a5-9f1a-c4ae03a85dab', 'selector': [{'startContainer': '/', 'endContainer': '/', 'startOffset': 260, 'endOffset': 266}]}"
d1a91fcf-66ff-423b-9ff5-91a38c210435,d3ce7764-eb85-4999-b965-c028f539ee33,1ecf29a6-9193-4a8b-9317-5dc319b94507,"{'text': 'Le voile', 'context': '0. Le voile est un foulard porté sur la tête par des femmes musulmanes.'}",eb9a2239-5a6c-4da5-8957-af8a90d3e880,dbf01186-cba3-45a5-9f1a-c4ae03a85dab,2024-11-26T09:15:53.210741+00:00,"{'source': 'dbf01186-cba3-45a5-9f1a-c4ae03a85dab', 'selector': [{'startContainer': '/', 'endContainer': '/', 'startOffset': 84, 'endOffset': 92}]}"
e53fbd12-31ca-4f65-a450-2238bffe9cae,d3ce7764-eb85-4999-b965-c028f539ee33,1ecf29a6-9193-4a8b-9317-5dc319b94507,"{'text': 'voile', 'context': '0. Le voile est un foulard porté sur la tête par des femmes musulmanes.'}",e920598f-774d-4e1c-a2dc-8fb9a6f3053f,dbf01186-cba3-45a5-9f1a-c4ae03a85dab,2024-11-25T10:18:31.515194+00:00,"{'source': 'dbf01186-cba3-45a5-9f1a-c4ae03a85dab', 'selector': [{'startContainer': '/', 'endContainer': '/', 'startOffset': 87, 'endOffset': 92}]}"
448f65d6-bd99-4d0d-9858-aac57235f36f,d3ce7764-eb85-4999-b965-c028f539ee33,371a5d39-6e41-427f-8e1f-6bf64504e080,"{'text': 'La voile', 'context': '1. La voile est une activité qui se pratique dans un bateau à voile.'}",eb9a2239-5a6c-4da5-8957-af8a90d3e880,dbf01186-cba3-45a5-9f1a-c4ae03a85dab,2024-11-26T09:15:56.531854+00:00,"{'source': 'dbf01186-cba3-45a5-9f1a-c4ae03a85dab', 'selector': [{'startContainer': '/', 'endContainer': '/', 'startOffset': 257, 'endOffset': 265}]}"
7197c8e2-bd1e-4be8-ad0a-096f909a89bf,d3ce7764-eb85-4999-b965-c028f539ee33,371a5d39-6e41-427f-8e1f-6bf64504e080,"{'text': 'voile', 'context': '1. La voile est une activité qui se pratique dans un bateau à voile.'}",e920598f-774d-4e1c-a2dc-8fb9a6f3053f,dbf01186-cba3-45a5-9f1a-c4ae03a85dab,2024-11-25T10:18:32.977760+00:00,"{'source': 'dbf01186-cba3-45a5-9f1a-c4ae03a85dab', 'selector': [{'startContainer': '/', 'endContainer': '/', 'startOffset': 260, 'endOffset': 265}]}"
59834265-90c3-487a-8796-445b231bc3b6,d3ce7764-eb85-4999-b965-c028f539ee33,371a5d39-6e41-427f-8e1f-6bf64504e080,"{'text': 'voile', 'context': '1. La voile est une activité qui se pratique dans un bateau à voile.', 'proba': 0.1}",d34602e1-1664-42cb-b139-c5cb8bcfa2a0,dbf01186-cba3-45a5-9f1a-c4ae03a85dab,2024-11-25T11:28:16.175946+00:00,"{'source': 'dbf01186-cba3-45a5-9f1a-c4ae03a85dab', 'selector': [{'startContainer': '/', 'endContainer': '/', 'startOffset': 260, 'endOffset': 266}]}"
20a64c69-f6ae-4279-9244-b3256786a6c0,d3ce7764-eb85-4999-b965-c028f539ee33,1ecf29a6-9193-4a8b-9317-5dc319b94507,"{'text': 'vis', 'context': ""1. J'ai besoin d'une vis pour réparer la chaise.""}",e920598f-774d-4e1c-a2dc-8fb9a6f3053f,ca71a974-b870-4a7a-9517-3b321e537486,2024-11-25T10:16:15.825102+00:00,"{'source': 'ca71a974-b870-4a7a-9517-3b321e537486', 'selector': [{'startContainer': '/', 'endContainer': '/', 'startOffset': 256, 'endOffset': 259}]}"
43c951e7-7b1e-40f7-89eb-a6058983a4dd,d3ce7764-eb85-4999-b965-c028f539ee33,1ecf29a6-9193-4a8b-9317-5dc319b94507,"{'text': 'vis', 'context': '0. Ma mère serre les vis des étagères avec un tournevis.', 'proba': 1.0, 'process': 'reference word'}",d34602e1-1664-42cb-b139-c5cb8bcfa2a0,ca71a974-b870-4a7a-9517-3b321e537486,2024-11-25T11:25:31.553077+00:00,"{'source': 'ca71a974-b870-4a7a-9517-3b321e537486', 'selector': [{'startContainer': '/', 'endContainer': '/', 'startOffset': 100, 'endOffset': 104}]}"
090b8d34-27b0-48e5-a35b-efc2ba686f46,d3ce7764-eb85-4999-b965-c028f539ee33,1ecf29a6-9193-4a8b-9317-5dc319b94507,"{'text': 'vis', 'context': '0. Ma mère serre les vis des étagères avec un tournevis.'}",eb9a2239-5a6c-4da5-8957-af8a90d3e880,ca71a974-b870-4a7a-9517-3b321e537486,2024-11-26T09:13:07.381649+00:00,"{'source': 'ca71a974-b870-4a7a-9517-3b321e537486', 'selector': [{'startContainer': '/', 'endContainer': '/', 'startOffset': 100, 'endOffset': 103}]}"
5db48173-9374-4617-87c9-aefff28d2418,d3ce7764-eb85-4999-b965-c028f539ee33,1ecf29a6-9193-4a8b-9317-5dc319b94507,"{'text': 'vis', 'context': ""1. J'ai besoin d'une vis pour réparer la chaise."", 'proba': 0.9}",d34602e1-1664-42cb-b139-c5cb8bcfa2a0,ca71a974-b870-4a7a-9517-3b321e537486,2024-11-25T11:25:34.128084+00:00,"{'source': 'ca71a974-b870-4a7a-9517-3b321e537486', 'selector': [{'startContainer': '/', 'endContainer': '/', 'startOffset': 256, 'endOffset': 260}]}"
c7f1349d-9fe9-419e-83fe-e28987c0cace,default,0,"{'text': 'vis', 'context': '0. Ma mère serre les vis des étagères avec un tournevis.', 'proba': 1.0, 'process': 'reference word'}",76a78473-a608-4c59-bf52-898d3dfd7121,ca71a974-b870-4a7a-9517-3b321e537486,2025-02-05T14:40:57.498961,"{'source': 'ca71a974-b870-4a7a-9517-3b321e537486', 'selector': [{'startContainer': '/', 'endContainer': '/', 'startOffset': 100, 'endOffset': 104}]}"
a11e7bb7-774b-42be-b75c-5566517f3a3f,default,1ecf29a6-9193-4a8b-9317-5dc319b94507,"{'text': 'vis', 'context': '0. Ma mère serre les vis des étagères avec un tournevis.', 'proba': 1.0, 'process': 'reference word'}",c750946d-c7bd-42e9-9b77-2c9425fdae60,ca71a974-b870-4a7a-9517-3b321e537486,2025-02-05T14:40:57.498961,"{'source': 'ca71a974-b870-4a7a-9517-3b321e537486', 'selector': [{'startContainer': '/', 'endContainer': '/', 'startOffset': 100, 'endOffset': 104}]}"
449e8ece-8dd9-4bde-ab32-8456f4e3382f,default,1ecf29a6-9193-4a8b-9317-5dc319b94507,"{'text': 'vis', 'context': ""1. J'ai besoin d'une vis pour réparer la chaise."", 'proba': 0.9}",c750946d-c7bd-42e9-9b77-2c9425fdae60,ca71a974-b870-4a7a-9517-3b321e537486,2025-02-05T14:40:57.499061,"{'source': 'ca71a974-b870-4a7a-9517-3b321e537486', 'selector': [{'startContainer': '/', 'endContainer': '/', 'startOffset': 256, 'endOffset': 260}]}"
a52774b7-8661-476f-bd5d-c9b6f9d10068,d3ce7764-eb85-4999-b965-c028f539ee33,1ecf29a6-9193-4a8b-9317-5dc319b94507,"{'text': 'vis', 'context': ""1. J'ai besoin d'une vis pour réparer la chaise.""}",eb9a2239-5a6c-4da5-8957-af8a90d3e880,ca71a974-b870-4a7a-9517-3b321e537486,2024-11-26T09:13:10.699042+00:00,"{'source': 'ca71a974-b870-4a7a-9517-3b321e537486', 'selector': [{'startContainer': '/', 'endContainer': '/', 'startOffset': 256, 'endOffset': 259}]}"
a0bfa547-87ad-4c3c-b354-feb34a129c77,default,0,"{'text': 'vis', 'context': ""1. J'ai besoin d'une vis pour réparer la chaise."", 'proba': 0.9}",76a78473-a608-4c59-bf52-898d3dfd7121,ca71a974-b870-4a7a-9517-3b321e537486,2025-02-05T14:40:57.499061,"{'source': 'ca71a974-b870-4a7a-9517-3b321e537486', 'selector': [{'startContainer': '/', 'endContainer': '/', 'startOffset': 256, 'endOffset': 260}]}"
8aa26e31-2dbe-45fd-95f2-d4b95b207e0f,d3ce7764-eb85-4999-b965-c028f539ee33,1ecf29a6-9193-4a8b-9317-5dc319b94507,"{'text': 'vis', 'context': '0. Ma mère serre les vis des étagères avec un tournevis.'}",e920598f-774d-4e1c-a2dc-8fb9a6f3053f,ca71a974-b870-4a7a-9517-3b321e537486,2024-11-25T10:16:14.261844+00:00,"{'source': 'ca71a974-b870-4a7a-9517-3b321e537486', 'selector': [{'startContainer': '/', 'endContainer': '/', 'startOffset': 100, 'endOffset': 103}]}"
4d0595c3-d302-46de-91fd-277eeb45d37b,d3ce7764-eb85-4999-b965-c028f539ee33,1ecf29a6-9193-4a8b-9317-5dc319b94507,"{'text': 'verre', 'context': ""0. Est-ce que tu peux me donner un verre, je veux me servir de l'eau."", 'proba': 0.9}",d34602e1-1664-42cb-b139-c5cb8bcfa2a0,2a40ba78-a13a-49b4-af6f-860e213c70ef,2024-11-25T11:16:04.980583+00:00,"{'source': '2a40ba78-a13a-49b4-af6f-860e213c70ef', 'selector': [{'startContainer': '/', 'endContainer': '/', 'startOffset': 116, 'endOffset': 121}]}"
bff9abe5-54a5-491a-8afa-31cfec9c5006,d3ce7764-eb85-4999-b965-c028f539ee33,1ecf29a6-9193-4a8b-9317-5dc319b94507,"{'text': 'verre', 'context': ""1. J'ai bu un verre d'eau.""}",eb9a2239-5a6c-4da5-8957-af8a90d3e880,2a40ba78-a13a-49b4-af6f-860e213c70ef,2024-11-26T09:03:03.057053+00:00,"{'source': '2a40ba78-a13a-49b4-af6f-860e213c70ef', 'selector': [{'startContainer': '/', 'endContainer': '/', 'startOffset': 266, 'endOffset': 271}]}"
1f3037af-1be2-493a-9070-4c659387998e,d3ce7764-eb85-4999-b965-c028f539ee33,1ecf29a6-9193-4a8b-9317-5dc319b94507,"{'text': 'verre', 'context': ""0. Est-ce que tu peux me donner un verre, je veux me servir de l'eau.""}",e920598f-774d-4e1c-a2dc-8fb9a6f3053f,2a40ba78-a13a-49b4-af6f-860e213c70ef,2024-11-25T09:47:40.048457+00:00,"{'source': '2a40ba78-a13a-49b4-af6f-860e213c70ef', 'selector': [{'startContainer': '/', 'endContainer': '/', 'startOffset': 116, 'endOffset': 121}]}"
1102a91e-84bd-41a4-a030-02f749a9e950,default,1ecf29a6-9193-4a8b-9317-5dc319b94507,"{'text': 'verre', 'context': ""1. J'ai bu un verre d'eau."", 'proba': 1.0, 'process': 'reference word'}",c750946d-c7bd-42e9-9b77-2c9425fdae60,2a40ba78-a13a-49b4-af6f-860e213c70ef,2025-02-05T14:40:57.499266,"{'source': '2a40ba78-a13a-49b4-af6f-860e213c70ef', 'selector': [{'startContainer': '/', 'endContainer': '/', 'startOffset': 266, 'endOffset': 272}]}"
a0570a1f-cf05-4998-b311-2c87b2bb50d0,default,0,"{'text': 'verre', 'context': ""0. Est-ce que tu peux me donner un verre, je veux me servir de l'eau."", 'proba': 0.9}",76a78473-a608-4c59-bf52-898d3dfd7121,2a40ba78-a13a-49b4-af6f-860e213c70ef,2025-02-05T14:40:57.499166,"{'source': '2a40ba78-a13a-49b4-af6f-860e213c70ef', 'selector': [{'startContainer': '/', 'endContainer': '/', 'startOffset': 116, 'endOffset': 121}]}"
de6ddeb2-f044-496a-8cc7-ceb854e0c25c,d3ce7764-eb85-4999-b965-c028f539ee33,1ecf29a6-9193-4a8b-9317-5dc319b94507,"{'text': 'verre', 'context': ""1. J'ai bu un verre d'eau."", 'proba': 1.0, 'process': 'reference word'}",d34602e1-1664-42cb-b139-c5cb8bcfa2a0,2a40ba78-a13a-49b4-af6f-860e213c70ef,2024-11-25T11:16:07.196363+00:00,"{'source': '2a40ba78-a13a-49b4-af6f-860e213c70ef', 'selector': [{'startContainer': '/', 'endContainer': '/', 'startOffset': 266, 'endOffset': 272}]}"
ac4871cb-1ccf-4c8a-b380-cf1b9447ad84,d3ce7764-eb85-4999-b965-c028f539ee33,1ecf29a6-9193-4a8b-9317-5dc319b94507,"{'text': 'verre', 'context': ""0. Est-ce que tu peux me donner un verre, je veux me servir de l'eau.""}",eb9a2239-5a6c-4da5-8957-af8a90d3e880,2a40ba78-a13a-49b4-af6f-860e213c70ef,2024-11-26T09:02:59.980160+00:00,"{'source': '2a40ba78-a13a-49b4-af6f-860e213c70ef', 'selector': [{'startContainer': '/', 'endContainer': '/', 'startOffset': 116, 'endOffset': 121}]}"
dc039564-10ba-471f-890d-f901096f92be,default,0,"{'text': 'verre', 'context': ""1. J'ai bu un verre d'eau."", 'proba': 1.0, 'process': 'reference word'}",76a78473-a608-4c59-bf52-898d3dfd7121,2a40ba78-a13a-49b4-af6f-860e213c70ef,2025-02-05T14:40:57.499266,"{'source': '2a40ba78-a13a-49b4-af6f-860e213c70ef', 'selector': [{'startContainer': '/', 'endContainer': '/', 'startOffset': 266, 'endOffset': 272}]}"
3d7d1171-60a0-4a06-ab32-77b10d12b96e,d3ce7764-eb85-4999-b965-c028f539ee33,1ecf29a6-9193-4a8b-9317-5dc319b94507,"{'text': 'verre', 'context': ""1. J'ai bu un verre d'eau.""}",e920598f-774d-4e1c-a2dc-8fb9a6f3053f,2a40ba78-a13a-49b4-af6f-860e213c70ef,2024-11-25T09:47:41.718160+00:00,"{'source': '2a40ba78-a13a-49b4-af6f-860e213c70ef', 'selector': [{'startContainer': '/', 'endContainer': '/', 'startOffset': 266, 'endOffset': 271}]}"
4d106144-ba01-439e-b616-e339bb7e335d,default,1ecf29a6-9193-4a8b-9317-5dc319b94507,"{'text': 'verre', 'context': ""0. Est-ce que tu peux me donner un verre, je veux me servir de l'eau."", 'proba': 0.9}",c750946d-c7bd-42e9-9b77-2c9425fdae60,2a40ba78-a13a-49b4-af6f-860e213c70ef,2025-02-05T14:40:57.499166,"{'source': '2a40ba78-a13a-49b4-af6f-860e213c70ef', 'selector': [{'startContainer': '/', 'endContainer': '/', 'startOffset': 116, 'endOffset': 121}]}"
da6d71f8-33ea-468e-9f92-35b05eb1d8b4,d3ce7764-eb85-4999-b965-c028f539ee33,1ecf29a6-9193-4a8b-9317-5dc319b94507,"{'text': 'temps', 'context': '1. Il est important de gérer son temps efficacement.', 'proba': 0.9}",d34602e1-1664-42cb-b139-c5cb8bcfa2a0,406fd8a4-db54-4c5b-b30f-3395f8ddc17a,2024-11-25T11:18:57.934193+00:00,"{'source': '406fd8a4-db54-4c5b-b30f-3395f8ddc17a', 'selector': [{'startContainer': '/', 'endContainer': '/', 'startOffset': 284, 'endOffset': 290}]}"
0b5df638-55ac-440c-90e0-1822e78c1274,d3ce7764-eb85-4999-b965-c028f539ee33,1ecf29a6-9193-4a8b-9317-5dc319b94507,"{'text': 'temps', 'context': ""2. Je n'ai pas beaucoup de temps aujourd'hui.""}",eb9a2239-5a6c-4da5-8957-af8a90d3e880,406fd8a4-db54-4c5b-b30f-3395f8ddc17a,2024-11-26T09:05:18.263321+00:00,"{'source': '406fd8a4-db54-4c5b-b30f-3395f8ddc17a', 'selector': [{'startContainer': '/', 'endContainer': '/', 'startOffset': 432, 'endOffset': 437}]}"
83c4c2fa-5975-43b3-ad42-f5069ba18298,d3ce7764-eb85-4999-b965-c028f539ee33,1ecf29a6-9193-4a8b-9317-5dc319b94507,"{'text': 'temps', 'context': ""2. Je n'ai pas beaucoup de temps aujourd'hui."", 'proba': 1.0, 'process': 'reference word'}",d34602e1-1664-42cb-b139-c5cb8bcfa2a0,406fd8a4-db54-4c5b-b30f-3395f8ddc17a,2024-11-25T11:19:00.690357+00:00,"{'source': '406fd8a4-db54-4c5b-b30f-3395f8ddc17a', 'selector': [{'startContainer': '/', 'endContainer': '/', 'startOffset': 432, 'endOffset': 438}]}"
5d058e59-2db3-4c48-80cb-6624ecac18a7,default,0,"{'text': 'temps', 'context': ""2. Je n'ai pas beaucoup de temps aujourd'hui."", 'proba': 1.0, 'process': 'reference word'}",76a78473-a608-4c59-bf52-898d3dfd7121,406fd8a4-db54-4c5b-b30f-3395f8ddc17a,2025-02-05T14:40:57.499471,"{'source': '406fd8a4-db54-4c5b-b30f-3395f8ddc17a', 'selector': [{'startContainer': '/', 'endContainer': '/', 'startOffset': 432, 'endOffset': 438}]}"
06f43bda-c442-4107-b03a-be4890aed235,default,0,"{'text': 'temps', 'context': '1. Il est important de gérer son temps efficacement.', 'proba': 0.9}",76a78473-a608-4c59-bf52-898d3dfd7121,406fd8a4-db54-4c5b-b30f-3395f8ddc17a,2025-02-05T14:40:57.499370,"{'source': '406fd8a4-db54-4c5b-b30f-3395f8ddc17a', 'selector': [{'startContainer': '/', 'endContainer': '/', 'startOffset': 284, 'endOffset': 290}]}"
0401e344-9254-45ad-8242-6ea809161606,d3ce7764-eb85-4999-b965-c028f539ee33,1ecf29a6-9193-4a8b-9317-5dc319b94507,"{'text': 'temps', 'context': '1. Il est important de gérer son temps efficacement.'}",eb9a2239-5a6c-4da5-8957-af8a90d3e880,406fd8a4-db54-4c5b-b30f-3395f8ddc17a,2024-11-26T09:05:14.868648+00:00,"{'source': '406fd8a4-db54-4c5b-b30f-3395f8ddc17a', 'selector': [{'startContainer': '/', 'endContainer': '/', 'startOffset': 284, 'endOffset': 289}]}"
a0c20230-b92a-43bc-ae42-1efd2d2e7d74,d3ce7764-eb85-4999-b965-c028f539ee33,1ecf29a6-9193-4a8b-9317-5dc319b94507,"{'text': 'temps', 'context': '0. Un humain passe presque 8 heures de son temps à dormir, par jour.'}",e920598f-774d-4e1c-a2dc-8fb9a6f3053f,406fd8a4-db54-4c5b-b30f-3395f8ddc17a,2024-11-25T09:49:17.074726+00:00,"{'source': '406fd8a4-db54-4c5b-b30f-3395f8ddc17a', 'selector': [{'startContainer': '/', 'endContainer': '/', 'startOffset': 124, 'endOffset': 129}]}"
52fdc52e-839f-45e1-96a2-01608794808a,d3ce7764-eb85-4999-b965-c028f539ee33,1ecf29a6-9193-4a8b-9317-5dc319b94507,"{'text': 'temps', 'context': '0. Un humain passe presque 8 heures de son temps à dormir, par jour.'}",eb9a2239-5a6c-4da5-8957-af8a90d3e880,406fd8a4-db54-4c5b-b30f-3395f8ddc17a,2024-11-26T09:05:10.866317+00:00,"{'source': '406fd8a4-db54-4c5b-b30f-3395f8ddc17a', 'selector': [{'startContainer': '/', 'endContainer': '/', 'startOffset': 124, 'endOffset': 129}]}"
6ea23038-80df-4eef-9e98-421dece8814e,d3ce7764-eb85-4999-b965-c028f539ee33,1ecf29a6-9193-4a8b-9317-5dc319b94507,"{'text': 'temps', 'context': ""2. Je n'ai pas beaucoup de temps aujourd'hui.""}",e920598f-774d-4e1c-a2dc-8fb9a6f3053f,406fd8a4-db54-4c5b-b30f-3395f8ddc17a,2024-11-25T09:49:20.528261+00:00,"{'source': '406fd8a4-db54-4c5b-b30f-3395f8ddc17a', 'selector': [{'startContainer': '/', 'endContainer': '/', 'startOffset': 432, 'endOffset': 437}]}"
fd0ee883-44e0-4ba5-95b2-1d1f53747324,default,1ecf29a6-9193-4a8b-9317-5dc319b94507,"{'text': 'temps', 'context': ""2. Je n'ai pas beaucoup de temps aujourd'hui."", 'proba': 1.0, 'process': 'reference word'}",c750946d-c7bd-42e9-9b77-2c9425fdae60,406fd8a4-db54-4c5b-b30f-3395f8ddc17a,2025-02-05T14:40:57.499471,"{'source': '406fd8a4-db54-4c5b-b30f-3395f8ddc17a', 'selector': [{'startContainer': '/', 'endContainer': '/', 'startOffset': 432, 'endOffset': 438}]}"
27702e80-9c2e-442a-b63e-93c46c51f5fd,d3ce7764-eb85-4999-b965-c028f539ee33,1ecf29a6-9193-4a8b-9317-5dc319b94507,"{'text': 'temps', 'context': '1. Il est important de gérer son temps efficacement.'}",e920598f-774d-4e1c-a2dc-8fb9a6f3053f,406fd8a4-db54-4c5b-b30f-3395f8ddc17a,2024-11-25T09:49:18.722715+00:00,"{'source': '406fd8a4-db54-4c5b-b30f-3395f8ddc17a', 'selector': [{'startContainer': '/', 'endContainer': '/', 'startOffset': 284, 'endOffset': 289}]}"
a7e83949-713b-4b10-90af-2ecc4533e694,d3ce7764-eb85-4999-b965-c028f539ee33,1ecf29a6-9193-4a8b-9317-5dc319b94507,"{'text': 'temps', 'context': '0. Un humain passe presque 8 heures de son temps à dormir, par jour.', 'proba': 0.9}",d34602e1-1664-42cb-b139-c5cb8bcfa2a0,406fd8a4-db54-4c5b-b30f-3395f8ddc17a,2024-11-25T11:18:55.332203+00:00,"{'source': '406fd8a4-db54-4c5b-b30f-3395f8ddc17a', 'selector': [{'startContainer': '/', 'endContainer': '/', 'startOffset': 124, 'endOffset': 130}]}"
aa9f7d3e-cfd6-4818-aded-cd21cbc2a7a8,default,1ecf29a6-9193-4a8b-9317-5dc319b94507,"{'text': 'temps', 'context': '0. Un humain passe presque 8 heures de son temps à dormir, par jour.', 'proba': 0.9}",c750946d-c7bd-42e9-9b77-2c9425fdae60,406fd8a4-db54-4c5b-b30f-3395f8ddc17a,2025-02-05T14:40:57.499587,"{'source': '406fd8a4-db54-4c5b-b30f-3395f8ddc17a', 'selector': [{'startContainer': '/', 'endContainer': '/', 'startOffset': 124, 'endOffset': 130}]}"
b8ae99c8-0b30-41b7-8978-6665301b1448,default,1ecf29a6-9193-4a8b-9317-5dc319b94507,"{'text': 'temps', 'context': '1. Il est important de gérer son temps efficacement.', 'proba': 0.9}",c750946d-c7bd-42e9-9b77-2c9425fdae60,406fd8a4-db54-4c5b-b30f-3395f8ddc17a,2025-02-05T14:40:57.499370,"{'source': '406fd8a4-db54-4c5b-b30f-3395f8ddc17a', 'selector': [{'startContainer': '/', 'endContainer': '/', 'startOffset': 284, 'endOffset': 290}]}"
e482c130-c439-4e76-a115-6a05e3fbd911,default,0,"{'text': 'temps', 'context': '0. Un humain passe presque 8 heures de son temps à dormir, par jour.', 'proba': 0.9}",76a78473-a608-4c59-bf52-898d3dfd7121,406fd8a4-db54-4c5b-b30f-3395f8ddc17a,2025-02-05T14:40:57.499587,"{'source': '406fd8a4-db54-4c5b-b30f-3395f8ddc17a', 'selector': [{'startContainer': '/', 'endContainer': '/', 'startOffset': 124, 'endOffset': 130}]}"
dd97c58e-cf60-4101-877f-2d7d786d3d79,d3ce7764-eb85-4999-b965-c028f539ee33,371a5d39-6e41-427f-8e1f-6bf64504e080,"{'text': 'siège', 'context': ""1. Le siège est efficace pour affaiblir l'ennemi en le coupant du monde.""}",e920598f-774d-4e1c-a2dc-8fb9a6f3053f,95cb122f-e1f2-4fd0-ad55-15c40c3b09a7,2024-11-25T09:51:55.540329+00:00,"{'source': '95cb122f-e1f2-4fd0-ad55-15c40c3b09a7', 'selector': [{'startContainer': '/', 'endContainer': '/', 'startOffset': 261, 'endOffset': 266}]}"
723faa0c-b68c-44a3-bbfb-fb84fa562149,default,1,"{'text': 'siège', 'context': '0. Le siège avant est très confortable, ceux de derrière sont plus durs.', 'proba': 0.2}",76a78473-a608-4c59-bf52-898d3dfd7121,95cb122f-e1f2-4fd0-ad55-15c40c3b09a7,2025-02-05T14:40:57.499696,"{'source': '95cb122f-e1f2-4fd0-ad55-15c40c3b09a7', 'selector': [{'startContainer': '/', 'endContainer': '/', 'startOffset': 87, 'endOffset': 93}]}"
5cec98ed-e25c-47f8-9ed8-ed06a3f632f7,d3ce7764-eb85-4999-b965-c028f539ee33,1ecf29a6-9193-4a8b-9317-5dc319b94507,"{'text': 'siège', 'context': '0. Le siège avant est très confortable, ceux de derrière sont plus durs.'}",eb9a2239-5a6c-4da5-8957-af8a90d3e880,95cb122f-e1f2-4fd0-ad55-15c40c3b09a7,2024-11-26T09:08:32.263946+00:00,"{'source': '95cb122f-e1f2-4fd0-ad55-15c40c3b09a7', 'selector': [{'startContainer': '/', 'endContainer': '/', 'startOffset': 87, 'endOffset': 92}]}"
f066e472-8950-4583-95d5-11386a819525,default,371a5d39-6e41-427f-8e1f-6bf64504e080,"{'text': 'siège', 'context': ""1. Le siège est efficace pour affaiblir l'ennemi en le coupant du monde."", 'proba': 1.0, 'process': 'reference word'}",c750946d-c7bd-42e9-9b77-2c9425fdae60,95cb122f-e1f2-4fd0-ad55-15c40c3b09a7,2025-02-05T14:40:57.499796,"{'source': '95cb122f-e1f2-4fd0-ad55-15c40c3b09a7', 'selector': [{'startContainer': '/', 'endContainer': '/', 'startOffset': 261, 'endOffset': 267}]}"
0fcc7b52-8c1c-42f8-b42f-f36d21c435f5,d3ce7764-eb85-4999-b965-c028f539ee33,1ecf29a6-9193-4a8b-9317-5dc319b94507,"{'text': 'siège', 'context': '0. Le siège avant est très confortable, ceux de derrière sont plus durs.', 'proba': 0.2}",d34602e1-1664-42cb-b139-c5cb8bcfa2a0,95cb122f-e1f2-4fd0-ad55-15c40c3b09a7,2024-11-25T11:22:48.928491+00:00,"{'source': '95cb122f-e1f2-4fd0-ad55-15c40c3b09a7', 'selector': [{'startContainer': '/', 'endContainer': '/', 'startOffset': 87, 'endOffset': 93}]}"
e708a905-b978-4de1-9aeb-8d74c311976f,default,0,"{'text': 'siège', 'context': ""1. Le siège est efficace pour affaiblir l'ennemi en le coupant du monde."", 'proba': 1.0, 'process': 'reference word'}",76a78473-a608-4c59-bf52-898d3dfd7121,95cb122f-e1f2-4fd0-ad55-15c40c3b09a7,2025-02-05T14:40:57.499796,"{'source': '95cb122f-e1f2-4fd0-ad55-15c40c3b09a7', 'selector': [{'startContainer': '/', 'endContainer': '/', 'startOffset': 261, 'endOffset': 267}]}"
38fbeb0e-bf85-4c7c-8120-30a495ffff73,d3ce7764-eb85-4999-b965-c028f539ee33,371a5d39-6e41-427f-8e1f-6bf64504e080,"{'text': 'siège', 'context': ""1. Le siège est efficace pour affaiblir l'ennemi en le coupant du monde.""}",eb9a2239-5a6c-4da5-8957-af8a90d3e880,95cb122f-e1f2-4fd0-ad55-15c40c3b09a7,2024-11-26T09:08:36.788591+00:00,"{'source': '95cb122f-e1f2-4fd0-ad55-15c40c3b09a7', 'selector': [{'startContainer': '/', 'endContainer': '/', 'startOffset': 261, 'endOffset': 266}]}"
dbcb4835-9cde-40dc-99ef-55a4528a7836,default,1ecf29a6-9193-4a8b-9317-5dc319b94507,"{'text': 'siège', 'context': '0. Le siège avant est très confortable, ceux de derrière sont plus durs.', 'proba': 0.2}",c750946d-c7bd-42e9-9b77-2c9425fdae60,95cb122f-e1f2-4fd0-ad55-15c40c3b09a7,2025-02-05T14:40:57.499696,"{'source': '95cb122f-e1f2-4fd0-ad55-15c40c3b09a7', 'selector': [{'startContainer': '/', 'endContainer': '/', 'startOffset': 87, 'endOffset': 93}]}"
9224cd3f-a11a-494d-addc-d28ad5e62350,d3ce7764-eb85-4999-b965-c028f539ee33,1ecf29a6-9193-4a8b-9317-5dc319b94507,"{'text': 'siège', 'context': '0. Le siège avant est très confortable, ceux de derrière sont plus durs.'}",e920598f-774d-4e1c-a2dc-8fb9a6f3053f,95cb122f-e1f2-4fd0-ad55-15c40c3b09a7,2024-11-25T09:51:52.992354+00:00,"{'source': '95cb122f-e1f2-4fd0-ad55-15c40c3b09a7', 'selector': [{'startContainer': '/', 'endContainer': '/', 'startOffset': 87, 'endOffset': 92}]}"
e3d53ce3-30d2-40d9-b1db-22e081ef1f19,d3ce7764-eb85-4999-b965-c028f539ee33,371a5d39-6e41-427f-8e1f-6bf64504e080,"{'text': 'siège', 'context': ""1. Le siège est efficace pour affaiblir l'ennemi en le coupant du monde."", 'proba': 1.0, 'process': 'reference word'}",d34602e1-1664-42cb-b139-c5cb8bcfa2a0,95cb122f-e1f2-4fd0-ad55-15c40c3b09a7,2024-11-25T11:22:54.302011+00:00,"{'source': '95cb122f-e1f2-4fd0-ad55-15c40c3b09a7', 'selector': [{'startContainer': '/', 'endContainer': '/', 'startOffset': 261, 'endOffset': 267}]}"
b83f27ec-e649-4003-ba8d-c27710b440e9,d3ce7764-eb85-4999-b965-c028f539ee33,1ecf29a6-9193-4a8b-9317-5dc319b94507,"{'text': 'secrétaire', 'context': '0. Le secrétaire est le meuble sur lequel on écrit son courrier.', 'proba': 0.1}",d34602e1-1664-42cb-b139-c5cb8bcfa2a0,ceafb484-b59b-48a4-b323-e721c432f3e3,2024-11-25T11:26:32.153469+00:00,"{'source': 'ceafb484-b59b-48a4-b323-e721c432f3e3', 'selector': [{'startContainer': '/', 'endContainer': '/', 'startOffset': 92, 'endOffset': 103}]}"
7c508bae-e0aa-4deb-9cb4-5dc6b3e47b8f,d3ce7764-eb85-4999-b965-c028f539ee33,371a5d39-6e41-427f-8e1f-6bf64504e080,"{'text': 'secrétaire', 'context': ""1. Je suis secrétaire, je m'occupe de toutes les tâches administratives du bureau."", 'proba': 1.0, 'process': 'reference word'}",d34602e1-1664-42cb-b139-c5cb8bcfa2a0,ceafb484-b59b-48a4-b323-e721c432f3e3,2024-11-25T11:26:34.484329+00:00,"{'source': 'ceafb484-b59b-48a4-b323-e721c432f3e3', 'selector': [{'startContainer': '/', 'endContainer': '/', 'startOffset': 268, 'endOffset': 278}]}"
c90b890c-2f19-4bab-8607-6424b50961a0,default,0,"{'text': 'secrétaire', 'context': ""1. Je suis secrétaire, je m'occupe de toutes les tâches administratives du bureau."", 'proba': 1.0, 'process': 'reference word'}",76a78473-a608-4c59-bf52-898d3dfd7121,ceafb484-b59b-48a4-b323-e721c432f3e3,2025-02-05T14:40:57.500126,"{'source': 'ceafb484-b59b-48a4-b323-e721c432f3e3', 'selector': [{'startContainer': '/', 'endContainer': '/', 'startOffset': 268, 'endOffset': 278}]}"
08f371ec-142e-486b-ae46-0e9d3ffd434a,default,1,"{'text': 'secrétaire', 'context': '0. Le secrétaire est le meuble sur lequel on écrit son courrier.', 'proba': 0.1}",76a78473-a608-4c59-bf52-898d3dfd7121,ceafb484-b59b-48a4-b323-e721c432f3e3,2025-02-05T14:40:57.499900,"{'source': 'ceafb484-b59b-48a4-b323-e721c432f3e3', 'selector': [{'startContainer': '/', 'endContainer': '/', 'startOffset': 92, 'endOffset': 103}]}"
fb78fef3-ee5e-4644-974e-b0cd48b96894,d3ce7764-eb85-4999-b965-c028f539ee33,1ecf29a6-9193-4a8b-9317-5dc319b94507,"{'text': 'secrétaire', 'context': '0. Le secrétaire est le meuble sur lequel on écrit son courrier.'}",e920598f-774d-4e1c-a2dc-8fb9a6f3053f,ceafb484-b59b-48a4-b323-e721c432f3e3,2024-11-25T10:17:04.614879+00:00,"{'source': 'ceafb484-b59b-48a4-b323-e721c432f3e3', 'selector': [{'startContainer': '/', 'endContainer': '/', 'startOffset': 92, 'endOffset': 102}]}"
7ee5dce6-138d-4fac-9530-420d919603c6,d3ce7764-eb85-4999-b965-c028f539ee33,371a5d39-6e41-427f-8e1f-6bf64504e080,"{'text': 'secrétaire', 'context': ""1. Je suis secrétaire, je m'occupe de toutes les tâches administratives du bureau.""}",e920598f-774d-4e1c-a2dc-8fb9a6f3053f,ceafb484-b59b-48a4-b323-e721c432f3e3,2024-11-25T10:17:06.415382+00:00,"{'source': 'ceafb484-b59b-48a4-b323-e721c432f3e3', 'selector': [{'startContainer': '/', 'endContainer': '/', 'startOffset': 268, 'endOffset': 278}]}"
a461f514-b7f3-4197-b190-2ac7b69aa629,d3ce7764-eb85-4999-b965-c028f539ee33,1ecf29a6-9193-4a8b-9317-5dc319b94507,"{'text': 'secrétaire', 'context': '0. Le secrétaire est le meuble sur lequel on écrit son courrier.'}",eb9a2239-5a6c-4da5-8957-af8a90d3e880,ceafb484-b59b-48a4-b323-e721c432f3e3,2024-11-26T09:14:09.691139+00:00,"{'source': 'ceafb484-b59b-48a4-b323-e721c432f3e3', 'selector': [{'startContainer': '/', 'endContainer': '/', 'startOffset': 92, 'endOffset': 102}]}"
735fdbf8-4173-40d1-9904-86cd1ec8b3e6,default,371a5d39-6e41-427f-8e1f-6bf64504e080,"{'text': 'secrétaire', 'context': ""1. Je suis secrétaire, je m'occupe de toutes les tâches administratives du bureau."", 'proba': 1.0, 'process': 'reference word'}",c750946d-c7bd-42e9-9b77-2c9425fdae60,ceafb484-b59b-48a4-b323-e721c432f3e3,2025-02-05T14:40:57.500126,"{'source': 'ceafb484-b59b-48a4-b323-e721c432f3e3', 'selector': [{'startContainer': '/', 'endContainer': '/', 'startOffset': 268, 'endOffset': 278}]}"
d7f866fc-a138-4f25-8068-2dc42b4ef5ca,default,1ecf29a6-9193-4a8b-9317-5dc319b94507,"{'text': 'secrétaire', 'context': '0. Le secrétaire est le meuble sur lequel on écrit son courrier.', 'proba': 0.1}",c750946d-c7bd-42e9-9b77-2c9425fdae60,ceafb484-b59b-48a4-b323-e721c432f3e3,2025-02-05T14:40:57.499900,"{'source': 'ceafb484-b59b-48a4-b323-e721c432f3e3', 'selector': [{'startContainer': '/', 'endContainer': '/', 'startOffset': 92, 'endOffset': 103}]}"
d345954d-e33c-47c7-a37e-41654f4d3510,d3ce7764-eb85-4999-b965-c028f539ee33,371a5d39-6e41-427f-8e1f-6bf64504e080,"{'text': 'secrétaire', 'context': ""1. Je suis secrétaire, je m'occupe de toutes les tâches administratives du bureau.""}",eb9a2239-5a6c-4da5-8957-af8a90d3e880,ceafb484-b59b-48a4-b323-e721c432f3e3,2024-11-26T09:14:12.730233+00:00,"{'source': 'ceafb484-b59b-48a4-b323-e721c432f3e3', 'selector': [{'startContainer': '/', 'endContainer': '/', 'startOffset': 268, 'endOffset': 278}]}"
5643a8e8-608a-45b9-8a78-7e219508f92c,default,1,"{'text': 'rayon', 'context': '0. Le rayon est un segment relie le centre du cercle à un point du cercle.', 'proba': 0.1}",76a78473-a608-4c59-bf52-898d3dfd7121,ace2d105-5451-491a-a6fd-eb6b28b75730,2025-02-05T14:40:57.500331,"{'source': 'ace2d105-5451-491a-a6fd-eb6b28b75730', 'selector': [{'startContainer': '/', 'endContainer': '/', 'startOffset': 87, 'endOffset': 93}]}"
ac691e00-2ba0-403b-b469-6dfc788ec605,d3ce7764-eb85-4999-b965-c028f539ee33,371a5d39-6e41-427f-8e1f-6bf64504e080,"{'text': 'rayons', 'context': '1. Les rayons de soleil sont mauvais pour la peau si on ne met pas de crème.'}",e920598f-774d-4e1c-a2dc-8fb9a6f3053f,ace2d105-5451-491a-a6fd-eb6b28b75730,2024-11-25T10:14:34.895069+00:00,"{'source': 'ace2d105-5451-491a-a6fd-eb6b28b75730', 'selector': [{'startContainer': '/', 'endContainer': '/', 'startOffset': 264, 'endOffset': 270}]}"
bd1c4fd8-a752-433e-ab55-c79656fbb203,d3ce7764-eb85-4999-b965-c028f539ee33,371a5d39-6e41-427f-8e1f-6bf64504e080,"{'text': 'rayons', 'context': '1. Les rayons de soleil sont mauvais pour la peau si on ne met pas de crème.'}",eb9a2239-5a6c-4da5-8957-af8a90d3e880,ace2d105-5451-491a-a6fd-eb6b28b75730,2024-11-26T09:09:30.677128+00:00,"{'source': 'ace2d105-5451-491a-a6fd-eb6b28b75730', 'selector': [{'startContainer': '/', 'endContainer': '/', 'startOffset': 264, 'endOffset': 270}]}"
ae8946b1-608f-4a18-a609-37a56fb795c1,default,371a5d39-6e41-427f-8e1f-6bf64504e080,"{'text': 'rayons', 'context': '1. Les rayons de soleil sont mauvais pour la peau si on ne met pas de crème.', 'proba': 1.0, 'process': 'reference word'}",c750946d-c7bd-42e9-9b77-2c9425fdae60,ace2d105-5451-491a-a6fd-eb6b28b75730,2025-02-05T14:40:57.500230,"{'source': 'ace2d105-5451-491a-a6fd-eb6b28b75730', 'selector': [{'startContainer': '/', 'endContainer': '/', 'startOffset': 264, 'endOffset': 271}]}"
ea2ffa94-f953-43bc-b0e2-b05ba2d9a134,d3ce7764-eb85-4999-b965-c028f539ee33,371a5d39-6e41-427f-8e1f-6bf64504e080,"{'text': 'rayons', 'context': '1. Les rayons de soleil sont mauvais pour la peau si on ne met pas de crème.', 'proba': 1.0, 'process': 'reference word'}",d34602e1-1664-42cb-b139-c5cb8bcfa2a0,ace2d105-5451-491a-a6fd-eb6b28b75730,2024-11-25T11:23:45.314958+00:00,"{'source': 'ace2d105-5451-491a-a6fd-eb6b28b75730', 'selector': [{'startContainer': '/', 'endContainer': '/', 'startOffset': 264, 'endOffset': 271}]}"
a36f9c0a-93ee-401e-bc4d-217f16021e34,d3ce7764-eb85-4999-b965-c028f539ee33,1ecf29a6-9193-4a8b-9317-5dc319b94507,"{'text': 'rayon', 'context': '0. Le rayon est un segment relie le centre du cercle à un point du cercle.'}",e920598f-774d-4e1c-a2dc-8fb9a6f3053f,ace2d105-5451-491a-a6fd-eb6b28b75730,2024-11-25T10:14:32.193268+00:00,"{'source': 'ace2d105-5451-491a-a6fd-eb6b28b75730', 'selector': [{'startContainer': '/', 'endContainer': '/', 'startOffset': 87, 'endOffset': 92}]}"
87e292ff-5125-4f2a-bcd0-9c1b921cc781,default,0,"{'text': 'rayons', 'context': '1. Les rayons de soleil sont mauvais pour la peau si on ne met pas de crème.', 'proba': 1.0, 'process': 'reference word'}",76a78473-a608-4c59-bf52-898d3dfd7121,ace2d105-5451-491a-a6fd-eb6b28b75730,2025-02-05T14:40:57.500230,"{'source': 'ace2d105-5451-491a-a6fd-eb6b28b75730', 'selector': [{'startContainer': '/', 'endContainer': '/', 'startOffset': 264, 'endOffset': 271}]}"
df7a903c-fa9e-420b-856e-2c390ffddfc0,d3ce7764-eb85-4999-b965-c028f539ee33,1ecf29a6-9193-4a8b-9317-5dc319b94507,"{'text': 'rayon', 'context': '0. Le rayon est un segment relie le centre du cercle à un point du cercle.'}",eb9a2239-5a6c-4da5-8957-af8a90d3e880,ace2d105-5451-491a-a6fd-eb6b28b75730,2024-11-26T09:09:24.767437+00:00,"{'source': 'ace2d105-5451-491a-a6fd-eb6b28b75730', 'selector': [{'startContainer': '/', 'endContainer': '/', 'startOffset': 87, 'endOffset': 92}]}"
70bfef44-61c0-4cc0-afb4-b32e067bce2e,default,1ecf29a6-9193-4a8b-9317-5dc319b94507,"{'text': 'rayon', 'context': '0. Le rayon est un segment relie le centre du cercle à un point du cercle.', 'proba': 0.1}",c750946d-c7bd-42e9-9b77-2c9425fdae60,ace2d105-5451-491a-a6fd-eb6b28b75730,2025-02-05T14:40:57.500331,"{'source': 'ace2d105-5451-491a-a6fd-eb6b28b75730', 'selector': [{'startContainer': '/', 'endContainer': '/', 'startOffset': 87, 'endOffset': 93}]}"
886163b7-2078-4b2b-95a9-e24ab7ad1bd9,d3ce7764-eb85-4999-b965-c028f539ee33,1ecf29a6-9193-4a8b-9317-5dc319b94507,"{'text': 'rayon', 'context': '0. Le rayon est un segment relie le centre du cercle à un point du cercle.', 'proba': 0.1}",d34602e1-1664-42cb-b139-c5cb8bcfa2a0,ace2d105-5451-491a-a6fd-eb6b28b75730,2024-11-25T11:23:41.176731+00:00,"{'source': 'ace2d105-5451-491a-a6fd-eb6b28b75730', 'selector': [{'startContainer': '/', 'endContainer': '/', 'startOffset': 87, 'endOffset': 93}]}"
abe68ac5-4ad0-4116-abc5-4e7f65beadbe,default,1,"{'text': 'plâtre', 'context': ""1. Le plâtre est un matériau de construction isolant qu'on peut utiliser pour enduire."", 'proba': 0.1}",76a78473-a608-4c59-bf52-898d3dfd7121,3eeaabb4-f18e-4a81-a687-1f5632763894,2025-02-05T14:40:57.500436,"{'source': '3eeaabb4-f18e-4a81-a687-1f5632763894', 'selector': [{'startContainer': '/', 'endContainer': '/', 'startOffset': 259, 'endOffset': 266}]}"
ffc06460-1a18-46e8-ac6e-46d42437d59e,d3ce7764-eb85-4999-b965-c028f539ee33,1ecf29a6-9193-4a8b-9317-5dc319b94507,"{'text': 'plâtre', 'context': '0. On lui a mis un plâtre pour maintenir son bras fracturé immobile.'}",eb9a2239-5a6c-4da5-8957-af8a90d3e880,3eeaabb4-f18e-4a81-a687-1f5632763894,2024-11-26T09:04:17.887123+00:00,"{'source': '3eeaabb4-f18e-4a81-a687-1f5632763894', 'selector': [{'startContainer': '/', 'endContainer': '/', 'startOffset': 101, 'endOffset': 107}]}"
7f78464e-9cf5-4eb2-b53a-6d98b067b20f,d3ce7764-eb85-4999-b965-c028f539ee33,1ecf29a6-9193-4a8b-9317-5dc319b94507,"{'text': 'plâtre', 'context': '0. On lui a mis un plâtre pour maintenir son bras fracturé immobile.'}",e920598f-774d-4e1c-a2dc-8fb9a6f3053f,3eeaabb4-f18e-4a81-a687-1f5632763894,2024-11-25T09:48:54.021597+00:00,"{'source': '3eeaabb4-f18e-4a81-a687-1f5632763894', 'selector': [{'startContainer': '/', 'endContainer': '/', 'startOffset': 101, 'endOffset': 107}]}"
cff58679-841f-4b54-ae86-d58ca4315961,d3ce7764-eb85-4999-b965-c028f539ee33,371a5d39-6e41-427f-8e1f-6bf64504e080,"{'text': 'plâtre', 'context': ""1. Le plâtre est un matériau de construction isolant qu'on peut utiliser pour enduire."", 'proba': 0.1}",d34602e1-1664-42cb-b139-c5cb8bcfa2a0,3eeaabb4-f18e-4a81-a687-1f5632763894,2024-11-25T11:18:11.826041+00:00,"{'source': '3eeaabb4-f18e-4a81-a687-1f5632763894', 'selector': [{'startContainer': '/', 'endContainer': '/', 'startOffset': 259, 'endOffset': 266}]}"
a25c1ae8-6aac-4370-8723-9f268301e132,default,1ecf29a6-9193-4a8b-9317-5dc319b94507,"{'text': 'plâtre', 'context': '0. On lui a mis un plâtre pour maintenir son bras fracturé immobile.', 'proba': 1.0, 'process': 'reference word'}",c750946d-c7bd-42e9-9b77-2c9425fdae60,3eeaabb4-f18e-4a81-a687-1f5632763894,2025-02-05T14:40:57.500540,"{'source': '3eeaabb4-f18e-4a81-a687-1f5632763894', 'selector': [{'startContainer': '/', 'endContainer': '/', 'startOffset': 101, 'endOffset': 108}]}"
cb63411f-00d3-4662-8afe-1d9ad120fbba,default,371a5d39-6e41-427f-8e1f-6bf64504e080,"{'text': 'plâtre', 'context': ""1. Le plâtre est un matériau de construction isolant qu'on peut utiliser pour enduire."", 'proba': 0.1}",c750946d-c7bd-42e9-9b77-2c9425fdae60,3eeaabb4-f18e-4a81-a687-1f5632763894,2025-02-05T14:40:57.500436,"{'source': '3eeaabb4-f18e-4a81-a687-1f5632763894', 'selector': [{'startContainer': '/', 'endContainer': '/', 'startOffset': 259, 'endOffset': 266}]}"
1efb9ab6-360b-4115-b346-5fe1d1b99501,d3ce7764-eb85-4999-b965-c028f539ee33,371a5d39-6e41-427f-8e1f-6bf64504e080,"{'text': 'plâtre', 'context': ""1. Le plâtre est un matériau de construction isolant qu'on peut utiliser pour enduire.""}",e920598f-774d-4e1c-a2dc-8fb9a6f3053f,3eeaabb4-f18e-4a81-a687-1f5632763894,2024-11-25T09:48:57.214733+00:00,"{'source': '3eeaabb4-f18e-4a81-a687-1f5632763894', 'selector': [{'startContainer': '/', 'endContainer': '/', 'startOffset': 259, 'endOffset': 265}]}"
716ff251-ee40-461a-871c-3c4b6a73e892,d3ce7764-eb85-4999-b965-c028f539ee33,1ecf29a6-9193-4a8b-9317-5dc319b94507,"{'text': 'plâtre', 'context': '0. On lui a mis un plâtre pour maintenir son bras fracturé immobile.', 'proba': 1.0, 'process': 'reference word'}",d34602e1-1664-42cb-b139-c5cb8bcfa2a0,3eeaabb4-f18e-4a81-a687-1f5632763894,2024-11-25T11:18:07.424589+00:00,"{'source': '3eeaabb4-f18e-4a81-a687-1f5632763894', 'selector': [{'startContainer': '/', 'endContainer': '/', 'startOffset': 101, 'endOffset': 108}]}"
aec093de-42d8-430a-9f54-ef0f8eb8d431,d3ce7764-eb85-4999-b965-c028f539ee33,371a5d39-6e41-427f-8e1f-6bf64504e080,"{'text': 'plâtre', 'context': ""1. Le plâtre est un matériau de construction isolant qu'on peut utiliser pour enduire.""}",eb9a2239-5a6c-4da5-8957-af8a90d3e880,3eeaabb4-f18e-4a81-a687-1f5632763894,2024-11-26T09:04:22.079483+00:00,"{'source': '3eeaabb4-f18e-4a81-a687-1f5632763894', 'selector': [{'startContainer': '/', 'endContainer': '/', 'startOffset': 259, 'endOffset': 265}]}"
8b08d27d-7097-4d3e-b331-a2e785e6902a,default,0,"{'text': 'plâtre', 'context': '0. On lui a mis un plâtre pour maintenir son bras fracturé immobile.', 'proba': 1.0, 'process': 'reference word'}",76a78473-a608-4c59-bf52-898d3dfd7121,3eeaabb4-f18e-4a81-a687-1f5632763894,2025-02-05T14:40:57.500540,"{'source': '3eeaabb4-f18e-4a81-a687-1f5632763894', 'selector': [{'startContainer': '/', 'endContainer': '/', 'startOffset': 101, 'endOffset': 108}]}"
47da06e2-d4a0-4835-8961-8f720ac8927c,d3ce7764-eb85-4999-b965-c028f539ee33,1ecf29a6-9193-4a8b-9317-5dc319b94507,"{'text': 'place', 'context': '2. La place du village est très animée le dimanche.'}",eb9a2239-5a6c-4da5-8957-af8a90d3e880,7915756e-2a4e-439e-b5ce-62921ea4e5e3,2024-11-26T09:07:44.781386+00:00,"{'source': '7915756e-2a4e-439e-b5ce-62921ea4e5e3', 'selector': [{'startContainer': '/', 'endContainer': '/', 'startOffset': 458, 'endOffset': 463}]}"
73b5604d-6716-4150-b2c8-c55e6a951c3f,d3ce7764-eb85-4999-b965-c028f539ee33,371a5d39-6e41-427f-8e1f-6bf64504e080,"{'text': 'place', 'context': ""1. On ne doit pas bouger de sa place pendant le décollage et l'atterrissage."", 'proba': 0.3}",d34602e1-1664-42cb-b139-c5cb8bcfa2a0,7915756e-2a4e-439e-b5ce-62921ea4e5e3,2024-11-25T11:21:56.967578+00:00,"{'source': '7915756e-2a4e-439e-b5ce-62921ea4e5e3', 'selector': [{'startContainer': '/', 'endContainer': '/', 'startOffset': 305, 'endOffset': 311}]}"
1a36d63f-a430-4d68-b4d0-46a88eb1c097,default,1ecf29a6-9193-4a8b-9317-5dc319b94507,"{'text': 'place', 'context': '2. La place du village est très animée le dimanche.', 'proba': 1.0, 'process': 'reference word'}",c750946d-c7bd-42e9-9b77-2c9425fdae60,7915756e-2a4e-439e-b5ce-62921ea4e5e3,2025-02-05T14:40:57.500867,"{'source': '7915756e-2a4e-439e-b5ce-62921ea4e5e3', 'selector': [{'startContainer': '/', 'endContainer': '/', 'startOffset': 458, 'endOffset': 464}]}"
0431854f-57eb-466e-8318-eec043655271,d3ce7764-eb85-4999-b965-c028f539ee33,1ecf29a6-9193-4a8b-9317-5dc319b94507,"{'text': 'place', 'context': '0. Dans le centre du village il y a une petite place où se tient le marché tous les matins.', 'proba': 0.9}",d34602e1-1664-42cb-b139-c5cb8bcfa2a0,7915756e-2a4e-439e-b5ce-62921ea4e5e3,2024-11-25T11:21:49.363383+00:00,"{'source': '7915756e-2a4e-439e-b5ce-62921ea4e5e3', 'selector': [{'startContainer': '/', 'endContainer': '/', 'startOffset': 128, 'endOffset': 134}]}"
d6767768-c669-4df8-b0b6-11c6a769b48f,default,0,"{'text': 'place', 'context': '0. Dans le centre du village il y a une petite place où se tient le marché tous les matins.', 'proba': 0.9}",76a78473-a608-4c59-bf52-898d3dfd7121,7915756e-2a4e-439e-b5ce-62921ea4e5e3,2025-02-05T14:40:57.500766,"{'source': '7915756e-2a4e-439e-b5ce-62921ea4e5e3', 'selector': [{'startContainer': '/', 'endContainer': '/', 'startOffset': 128, 'endOffset': 134}]}"
145942d3-05ca-4f2d-bde6-267d62c9aabb,d3ce7764-eb85-4999-b965-c028f539ee33,1ecf29a6-9193-4a8b-9317-5dc319b94507,"{'text': 'place', 'context': '0. Dans le centre du village il y a une petite place où se tient le marché tous les matins.'}",eb9a2239-5a6c-4da5-8957-af8a90d3e880,7915756e-2a4e-439e-b5ce-62921ea4e5e3,2024-11-26T09:07:35.391765+00:00,"{'source': '7915756e-2a4e-439e-b5ce-62921ea4e5e3', 'selector': [{'startContainer': '/', 'endContainer': '/', 'startOffset': 128, 'endOffset': 133}]}"
e871288e-6932-4620-9753-2986bd6d7add,d3ce7764-eb85-4999-b965-c028f539ee33,1ecf29a6-9193-4a8b-9317-5dc319b94507,"{'text': 'place', 'context': '0. Dans le centre du village il y a une petite place où se tient le marché tous les matins.'}",e920598f-774d-4e1c-a2dc-8fb9a6f3053f,7915756e-2a4e-439e-b5ce-62921ea4e5e3,2024-11-25T09:51:07.968660+00:00,"{'source': '7915756e-2a4e-439e-b5ce-62921ea4e5e3', 'selector': [{'startContainer': '/', 'endContainer': '/', 'startOffset': 128, 'endOffset': 133}]}"
3d7594cd-0b92-4842-8ad0-8f8806c58895,d3ce7764-eb85-4999-b965-c028f539ee33,371a5d39-6e41-427f-8e1f-6bf64504e080,"{'text': 'place', 'context': ""1. On ne doit pas bouger de sa place pendant le décollage et l'atterrissage.""}",e920598f-774d-4e1c-a2dc-8fb9a6f3053f,7915756e-2a4e-439e-b5ce-62921ea4e5e3,2024-11-25T09:51:13.687313+00:00,"{'source': '7915756e-2a4e-439e-b5ce-62921ea4e5e3', 'selector': [{'startContainer': '/', 'endContainer': '/', 'startOffset': 305, 'endOffset': 310}]}"
b7188ece-4105-4b94-9421-2329c7f34d4f,default,371a5d39-6e41-427f-8e1f-6bf64504e080,"{'text': 'place', 'context': ""1. On ne doit pas bouger de sa place pendant le décollage et l'atterrissage."", 'proba': 0.3}",c750946d-c7bd-42e9-9b77-2c9425fdae60,7915756e-2a4e-439e-b5ce-62921ea4e5e3,2025-02-05T14:40:57.500663,"{'source': '7915756e-2a4e-439e-b5ce-62921ea4e5e3', 'selector': [{'startContainer': '/', 'endContainer': '/', 'startOffset': 305, 'endOffset': 311}]}"
01c57403-6661-4506-ad45-33e59ec57b41,d3ce7764-eb85-4999-b965-c028f539ee33,1ecf29a6-9193-4a8b-9317-5dc319b94507,"{'text': 'place', 'context': '2. La place du village est très animée le dimanche.', 'proba': 1.0, 'process': 'reference word'}",d34602e1-1664-42cb-b139-c5cb8bcfa2a0,7915756e-2a4e-439e-b5ce-62921ea4e5e3,2024-11-25T11:21:59.901647+00:00,"{'source': '7915756e-2a4e-439e-b5ce-62921ea4e5e3', 'selector': [{'startContainer': '/', 'endContainer': '/', 'startOffset': 458, 'endOffset': 464}]}"
332618b7-8ed0-4407-a2e6-fdbdbf7f3174,d3ce7764-eb85-4999-b965-c028f539ee33,1ecf29a6-9193-4a8b-9317-5dc319b94507,"{'text': 'place', 'context': '2. La place du village est très animée le dimanche.'}",e920598f-774d-4e1c-a2dc-8fb9a6f3053f,7915756e-2a4e-439e-b5ce-62921ea4e5e3,2024-11-25T09:51:16.759223+00:00,"{'source': '7915756e-2a4e-439e-b5ce-62921ea4e5e3', 'selector': [{'startContainer': '/', 'endContainer': '/', 'startOffset': 458, 'endOffset': 463}]}"
96c0eccc-2fac-4089-b33c-7caea2b10e3f,d3ce7764-eb85-4999-b965-c028f539ee33,371a5d39-6e41-427f-8e1f-6bf64504e080,"{'text': 'place', 'context': ""1. On ne doit pas bouger de sa place pendant le décollage et l'atterrissage.""}",eb9a2239-5a6c-4da5-8957-af8a90d3e880,7915756e-2a4e-439e-b5ce-62921ea4e5e3,2024-11-26T09:07:39.346993+00:00,"{'source': '7915756e-2a4e-439e-b5ce-62921ea4e5e3', 'selector': [{'startContainer': '/', 'endContainer': '/', 'startOffset': 305, 'endOffset': 310}]}"
b7c31456-c92f-43f4-8304-16693d75191c,default,1ecf29a6-9193-4a8b-9317-5dc319b94507,"{'text': 'place', 'context': '0. Dans le centre du village il y a une petite place où se tient le marché tous les matins.', 'proba': 0.9}",c750946d-c7bd-42e9-9b77-2c9425fdae60,7915756e-2a4e-439e-b5ce-62921ea4e5e3,2025-02-05T14:40:57.500766,"{'source': '7915756e-2a4e-439e-b5ce-62921ea4e5e3', 'selector': [{'startContainer': '/', 'endContainer': '/', 'startOffset': 128, 'endOffset': 134}]}"
67785b46-9a56-4a55-9bd9-06ff1d5cab16,default,0,"{'text': 'place', 'context': '2. La place du village est très animée le dimanche.', 'proba': 1.0, 'process': 'reference word'}",76a78473-a608-4c59-bf52-898d3dfd7121,7915756e-2a4e-439e-b5ce-62921ea4e5e3,2025-02-05T14:40:57.500867,"{'source': '7915756e-2a4e-439e-b5ce-62921ea4e5e3', 'selector': [{'startContainer': '/', 'endContainer': '/', 'startOffset': 458, 'endOffset': 464}]}"
bef4188d-ab49-498a-a4ee-ed04798f9a3e,default,1,"{'text': 'place', 'context': ""1. On ne doit pas bouger de sa place pendant le décollage et l'atterrissage."", 'proba': 0.3}",76a78473-a608-4c59-bf52-898d3dfd7121,7915756e-2a4e-439e-b5ce-62921ea4e5e3,2025-02-05T14:40:57.500663,"{'source': '7915756e-2a4e-439e-b5ce-62921ea4e5e3', 'selector': [{'startContainer': '/', 'endContainer': '/', 'startOffset': 305, 'endOffset': 311}]}"
64ff3dce-a327-419e-9406-afbcecc7edcd,default,0,"{'text': 'piste', 'context': '1. Les animaux du cirque ont fait le tour de la piste en musique avec leurs dompteurs.', 'proba': 0.7}",76a78473-a608-4c59-bf52-898d3dfd7121,e7c3e959-809e-4e35-9baf-0f3d70cb9696,2025-02-05T14:40:57.500974,"{'source': 'e7c3e959-809e-4e35-9baf-0f3d70cb9696', 'selector': [{'startContainer': '/', 'endContainer': '/', 'startOffset': 310, 'endOffset': 316}]}"
9ca526f8-dea2-4438-8210-38b5ace01d4b,d3ce7764-eb85-4999-b965-c028f539ee33,1ecf29a6-9193-4a8b-9317-5dc319b94507,"{'text': 'piste', 'context': '0. La piste est un espace étroit autour d’un terrain sur lequel on peut courir.'}",e920598f-774d-4e1c-a2dc-8fb9a6f3053f,e7c3e959-809e-4e35-9baf-0f3d70cb9696,2024-11-25T10:19:03.438803+00:00,"{'source': 'e7c3e959-809e-4e35-9baf-0f3d70cb9696', 'selector': [{'startContainer': '/', 'endContainer': '/', 'startOffset': 87, 'endOffset': 92}]}"
cee1de83-8bee-4715-b8be-f813929f5a60,default,1ecf29a6-9193-4a8b-9317-5dc319b94507,"{'text': 'piste', 'context': '0. La piste est un espace étroit autour d’un terrain sur lequel on peut courir.', 'proba': 1.0, 'process': 'reference word'}",c750946d-c7bd-42e9-9b77-2c9425fdae60,e7c3e959-809e-4e35-9baf-0f3d70cb9696,2025-02-05T14:40:57.501075,"{'source': 'e7c3e959-809e-4e35-9baf-0f3d70cb9696', 'selector': [{'startContainer': '/', 'endContainer': '/', 'startOffset': 87, 'endOffset': 93}]}"
1f13351c-cb77-49f0-87bd-ac9f941b30df,default,371a5d39-6e41-427f-8e1f-6bf64504e080,"{'text': 'piste', 'context': '1. Les animaux du cirque ont fait le tour de la piste en musique avec leurs dompteurs.', 'proba': 0.7}",c750946d-c7bd-42e9-9b77-2c9425fdae60,e7c3e959-809e-4e35-9baf-0f3d70cb9696,2025-02-05T14:40:57.500974,"{'source': 'e7c3e959-809e-4e35-9baf-0f3d70cb9696', 'selector': [{'startContainer': '/', 'endContainer': '/', 'startOffset': 310, 'endOffset': 316}]}"
7f3310f9-32ec-4007-9d98-6e5861bc84c6,d3ce7764-eb85-4999-b965-c028f539ee33,1ecf29a6-9193-4a8b-9317-5dc319b94507,"{'text': 'piste', 'context': '0. La piste est un espace étroit autour d’un terrain sur lequel on peut courir.'}",eb9a2239-5a6c-4da5-8957-af8a90d3e880,e7c3e959-809e-4e35-9baf-0f3d70cb9696,2024-11-26T09:16:25.739505+00:00,"{'source': 'e7c3e959-809e-4e35-9baf-0f3d70cb9696', 'selector': [{'startContainer': '/', 'endContainer': '/', 'startOffset': 87, 'endOffset': 92}]}"
ae0de56a-c308-475b-9352-07354398d3c5,d3ce7764-eb85-4999-b965-c028f539ee33,371a5d39-6e41-427f-8e1f-6bf64504e080,"{'text': 'piste', 'context': '1. Les animaux du cirque ont fait le tour de la piste en musique avec leurs dompteurs.', 'proba': 0.7}",d34602e1-1664-42cb-b139-c5cb8bcfa2a0,e7c3e959-809e-4e35-9baf-0f3d70cb9696,2024-12-27T08:42:14.845939+00:00,"{'source': 'e7c3e959-809e-4e35-9baf-0f3d70cb9696', 'selector': [{'startContainer': '/', 'endContainer': '/', 'startOffset': 310, 'endOffset': 316}]}"
14e56209-4082-4dd8-8219-1d56f029ce81,d3ce7764-eb85-4999-b965-c028f539ee33,371a5d39-6e41-427f-8e1f-6bf64504e080,"{'text': 'piste', 'context': '1. Les animaux du cirque ont fait le tour de la piste en musique avec leurs dompteurs.'}",eb9a2239-5a6c-4da5-8957-af8a90d3e880,e7c3e959-809e-4e35-9baf-0f3d70cb9696,2024-11-26T09:16:34.179830+00:00,"{'source': 'e7c3e959-809e-4e35-9baf-0f3d70cb9696', 'selector': [{'startContainer': '/', 'endContainer': '/', 'startOffset': 310, 'endOffset': 315}]}"
be2a9e5f-8557-4fcb-b5a1-61d3c18246c1,d3ce7764-eb85-4999-b965-c028f539ee33,1ecf29a6-9193-4a8b-9317-5dc319b94507,"{'text': 'piste', 'context': '0. La piste est un espace étroit autour d’un terrain sur lequel on peut courir.', 'proba': 1.0, 'process': 'reference word'}",d34602e1-1664-42cb-b139-c5cb8bcfa2a0,e7c3e959-809e-4e35-9baf-0f3d70cb9696,2024-11-25T11:29:07.200821+00:00,"{'source': 'e7c3e959-809e-4e35-9baf-0f3d70cb9696', 'selector': [{'startContainer': '/', 'endContainer': '/', 'startOffset': 87, 'endOffset': 93}]}"
7f09905c-7be9-48a1-95f5-47a1d7039756,default,0,"{'text': 'piste', 'context': '0. La piste est un espace étroit autour d’un terrain sur lequel on peut courir.', 'proba': 1.0, 'process': 'reference word'}",76a78473-a608-4c59-bf52-898d3dfd7121,e7c3e959-809e-4e35-9baf-0f3d70cb9696,2025-02-05T14:40:57.501075,"{'source': 'e7c3e959-809e-4e35-9baf-0f3d70cb9696', 'selector': [{'startContainer': '/', 'endContainer': '/', 'startOffset': 87, 'endOffset': 93}]}"
a128e773-51e6-4d2e-b200-0aaac00f97b6,d3ce7764-eb85-4999-b965-c028f539ee33,1ecf29a6-9193-4a8b-9317-5dc319b94507,"{'text': 'piste', 'context': '1. Les animaux du cirque ont fait le tour de la piste en musique avec leurs dompteurs.'}",e920598f-774d-4e1c-a2dc-8fb9a6f3053f,e7c3e959-809e-4e35-9baf-0f3d70cb9696,2024-11-25T10:19:12.346447+00:00,"{'source': 'e7c3e959-809e-4e35-9baf-0f3d70cb9696', 'selector': [{'startContainer': '/', 'endContainer': '/', 'startOffset': 310, 'endOffset': 315}]}"
b60e577f-8e03-4efd-a7af-b989916493fb,d3ce7764-eb85-4999-b965-c028f539ee33,1ecf29a6-9193-4a8b-9317-5dc319b94507,"{'text': 'nez', 'context': '0. Je respire avec mon nez. Il me permet aussi de sentir les odeurs.'}",e920598f-774d-4e1c-a2dc-8fb9a6f3053f,c4400088-0bd6-4579-9424-405fbd677e39,2024-11-25T10:15:46.484715+00:00,"{'source': 'c4400088-0bd6-4579-9424-405fbd677e39', 'selector': [{'startContainer': '/', 'endContainer': '/', 'startOffset': 102, 'endOffset': 105}]}"
14b0a62f-babd-428b-88a0-83ce9bc7eacd,default,0,"{'text': 'nez', 'context': '0. Je respire avec mon nez. Il me permet aussi de sentir les odeurs.', 'proba': 1.0, 'process': 'reference word'}",76a78473-a608-4c59-bf52-898d3dfd7121,c4400088-0bd6-4579-9424-405fbd677e39,2025-02-05T14:40:57.501180,"{'source': 'c4400088-0bd6-4579-9424-405fbd677e39', 'selector': [{'startContainer': '/', 'endContainer': '/', 'startOffset': 102, 'endOffset': 105}]}"
7c3b9c72-c2c2-4966-8839-336a6be1ed3b,d3ce7764-eb85-4999-b965-c028f539ee33,1ecf29a6-9193-4a8b-9317-5dc319b94507,"{'text': 'nez', 'context': '1. Il a un nez très pointu.'}",eb9a2239-5a6c-4da5-8957-af8a90d3e880,c4400088-0bd6-4579-9424-405fbd677e39,2024-11-26T09:12:31.159511+00:00,"{'source': 'c4400088-0bd6-4579-9424-405fbd677e39', 'selector': [{'startContainer': '/', 'endContainer': '/', 'startOffset': 258, 'endOffset': 261}]}"
4a245b9c-91e9-4f5a-b7db-f056bcbed03d,d3ce7764-eb85-4999-b965-c028f539ee33,1ecf29a6-9193-4a8b-9317-5dc319b94507,"{'text': 'nez', 'context': '0. Je respire avec mon nez. Il me permet aussi de sentir les odeurs.'}",eb9a2239-5a6c-4da5-8957-af8a90d3e880,c4400088-0bd6-4579-9424-405fbd677e39,2024-11-26T09:12:28.567798+00:00,"{'source': 'c4400088-0bd6-4579-9424-405fbd677e39', 'selector': [{'startContainer': '/', 'endContainer': '/', 'startOffset': 102, 'endOffset': 105}]}"
e21bd648-b889-45a3-a912-0fce44561e73,default,0,"{'text': 'nez', 'context': '1. Il a un nez très pointu.', 'proba': 0.9}",76a78473-a608-4c59-bf52-898d3dfd7121,c4400088-0bd6-4579-9424-405fbd677e39,2025-02-05T14:40:57.501280,"{'source': 'c4400088-0bd6-4579-9424-405fbd677e39', 'selector': [{'startContainer': '/', 'endContainer': '/', 'startOffset': 258, 'endOffset': 262}]}"
9fa6c123-f4a9-4dc8-8426-f5551af67bdc,default,1ecf29a6-9193-4a8b-9317-5dc319b94507,"{'text': 'nez', 'context': '0. Je respire avec mon nez. Il me permet aussi de sentir les odeurs.', 'proba': 1.0, 'process': 'reference word'}",c750946d-c7bd-42e9-9b77-2c9425fdae60,c4400088-0bd6-4579-9424-405fbd677e39,2025-02-05T14:40:57.501180,"{'source': 'c4400088-0bd6-4579-9424-405fbd677e39', 'selector': [{'startContainer': '/', 'endContainer': '/', 'startOffset': 102, 'endOffset': 105}]}"
493b42f4-a53d-4719-a260-b0e97bdad3c1,default,1ecf29a6-9193-4a8b-9317-5dc319b94507,"{'text': 'nez', 'context': '1. Il a un nez très pointu.', 'proba': 0.9}",c750946d-c7bd-42e9-9b77-2c9425fdae60,c4400088-0bd6-4579-9424-405fbd677e39,2025-02-05T14:40:57.501280,"{'source': 'c4400088-0bd6-4579-9424-405fbd677e39', 'selector': [{'startContainer': '/', 'endContainer': '/', 'startOffset': 258, 'endOffset': 262}]}"
9161f98a-4013-4be8-9bda-99ab640f5ba1,d3ce7764-eb85-4999-b965-c028f539ee33,1ecf29a6-9193-4a8b-9317-5dc319b94507,"{'text': 'nez', 'context': '0. Je respire avec mon nez. Il me permet aussi de sentir les odeurs.', 'proba': 1.0, 'process': 'reference word'}",d34602e1-1664-42cb-b139-c5cb8bcfa2a0,c4400088-0bd6-4579-9424-405fbd677e39,2024-11-25T11:25:01.865083+00:00,"{'source': 'c4400088-0bd6-4579-9424-405fbd677e39', 'selector': [{'startContainer': '/', 'endContainer': '/', 'startOffset': 102, 'endOffset': 105}]}"
f1b7a718-2e13-4cf3-9c7b-3b9220c78d63,d3ce7764-eb85-4999-b965-c028f539ee33,1ecf29a6-9193-4a8b-9317-5dc319b94507,"{'text': 'nez', 'context': '1. Il a un nez très pointu.'}",e920598f-774d-4e1c-a2dc-8fb9a6f3053f,c4400088-0bd6-4579-9424-405fbd677e39,2024-11-25T10:15:48.161562+00:00,"{'source': 'c4400088-0bd6-4579-9424-405fbd677e39', 'selector': [{'startContainer': '/', 'endContainer': '/', 'startOffset': 258, 'endOffset': 261}]}"
cc71a6de-6346-4545-920e-7617f0c15582,d3ce7764-eb85-4999-b965-c028f539ee33,1ecf29a6-9193-4a8b-9317-5dc319b94507,"{'text': 'nez', 'context': '1. Il a un nez très pointu.', 'proba': 0.9}",d34602e1-1664-42cb-b139-c5cb8bcfa2a0,c4400088-0bd6-4579-9424-405fbd677e39,2024-11-25T11:25:03.542588+00:00,"{'source': 'c4400088-0bd6-4579-9424-405fbd677e39', 'selector': [{'startContainer': '/', 'endContainer': '/', 'startOffset': 258, 'endOffset': 262}]}"
ff28a7f5-cf13-472c-9c19-923c7b1ff1f2,default,0,"{'text': 'moniteur', 'context': '1. Le moniteur de ski était très bienveillant avec les enfants.', 'proba': 1.0, 'process': 'reference word'}",76a78473-a608-4c59-bf52-898d3dfd7121,ec322ec7-b49e-4dbc-be22-24a3f4f69282,2025-02-05T14:40:57.501485,"{'source': 'ec322ec7-b49e-4dbc-be22-24a3f4f69282', 'selector': [{'startContainer': '/', 'endContainer': '/', 'startOffset': 238, 'endOffset': 247}]}"
d7d079d1-bc9a-4ee6-b863-f3b440bd4142,d3ce7764-eb85-4999-b965-c028f539ee33,371a5d39-6e41-427f-8e1f-6bf64504e080,"{'text': 'moniteur', 'context': '1. Le moniteur de ski était très bienveillant avec les enfants.'}",e920598f-774d-4e1c-a2dc-8fb9a6f3053f,ec322ec7-b49e-4dbc-be22-24a3f4f69282,2024-11-25T10:19:19.090940+00:00,"{'source': 'ec322ec7-b49e-4dbc-be22-24a3f4f69282', 'selector': [{'startContainer': '/', 'endContainer': '/', 'startOffset': 238, 'endOffset': 246}]}"
2688a190-32f1-4492-ba1b-337dc3b0310f,d3ce7764-eb85-4999-b965-c028f539ee33,1ecf29a6-9193-4a8b-9317-5dc319b94507,"{'text': 'moniteur', 'context': '0. Le moniteur est l’écran de l’ordinateur.'}",eb9a2239-5a6c-4da5-8957-af8a90d3e880,ec322ec7-b49e-4dbc-be22-24a3f4f69282,2024-11-26T09:16:41.777112+00:00,"{'source': 'ec322ec7-b49e-4dbc-be22-24a3f4f69282', 'selector': [{'startContainer': '/', 'endContainer': '/', 'startOffset': 90, 'endOffset': 98}]}"
04e15697-fb98-456f-be77-b0d2db0a13df,d3ce7764-eb85-4999-b965-c028f539ee33,1ecf29a6-9193-4a8b-9317-5dc319b94507,"{'text': 'moniteur', 'context': '0. Le moniteur est l’écran de l’ordinateur.'}",e920598f-774d-4e1c-a2dc-8fb9a6f3053f,ec322ec7-b49e-4dbc-be22-24a3f4f69282,2024-11-25T10:19:17.587154+00:00,"{'source': 'ec322ec7-b49e-4dbc-be22-24a3f4f69282', 'selector': [{'startContainer': '/', 'endContainer': '/', 'startOffset': 90, 'endOffset': 98}]}"
98ba7878-c421-4c5b-8ee6-6c78e8fe2246,d3ce7764-eb85-4999-b965-c028f539ee33,1ecf29a6-9193-4a8b-9317-5dc319b94507,"{'text': 'moniteur', 'context': '0. Le moniteur est l’écran de l’ordinateur.', 'proba': 0.1}",d34602e1-1664-42cb-b139-c5cb8bcfa2a0,ec322ec7-b49e-4dbc-be22-24a3f4f69282,2024-11-25T11:29:21.213609+00:00,"{'source': 'ec322ec7-b49e-4dbc-be22-24a3f4f69282', 'selector': [{'startContainer': '/', 'endContainer': '/', 'startOffset': 90, 'endOffset': 99}]}"
903c1302-8783-4b7e-91b5-aa70547d84f9,d3ce7764-eb85-4999-b965-c028f539ee33,371a5d39-6e41-427f-8e1f-6bf64504e080,"{'text': 'moniteur', 'context': '1. Le moniteur de ski était très bienveillant avec les enfants.', 'proba': 1.0, 'process': 'reference word'}",d34602e1-1664-42cb-b139-c5cb8bcfa2a0,ec322ec7-b49e-4dbc-be22-24a3f4f69282,2024-11-25T11:29:24.741019+00:00,"{'source': 'ec322ec7-b49e-4dbc-be22-24a3f4f69282', 'selector': [{'startContainer': '/', 'endContainer': '/', 'startOffset': 238, 'endOffset': 247}]}"
eac7f808-cf53-4aa3-96c7-5af3a25bc773,default,371a5d39-6e41-427f-8e1f-6bf64504e080,"{'text': 'moniteur', 'context': '1. Le moniteur de ski était très bienveillant avec les enfants.', 'proba': 1.0, 'process': 'reference word'}",c750946d-c7bd-42e9-9b77-2c9425fdae60,ec322ec7-b49e-4dbc-be22-24a3f4f69282,2025-02-05T14:40:57.501485,"{'source': 'ec322ec7-b49e-4dbc-be22-24a3f4f69282', 'selector': [{'startContainer': '/', 'endContainer': '/', 'startOffset': 238, 'endOffset': 247}]}"
6484fd30-75c1-426f-bc14-65ea8a96061f,default,1,"{'text': 'moniteur', 'context': '0. Le moniteur est l’écran de l’ordinateur.', 'proba': 0.1}",76a78473-a608-4c59-bf52-898d3dfd7121,ec322ec7-b49e-4dbc-be22-24a3f4f69282,2025-02-05T14:40:57.501384,"{'source': 'ec322ec7-b49e-4dbc-be22-24a3f4f69282', 'selector': [{'startContainer': '/', 'endContainer': '/', 'startOffset': 90, 'endOffset': 99}]}"
0da99ad3-73fc-42d5-968a-3c107ce4c98e,default,1ecf29a6-9193-4a8b-9317-5dc319b94507,"{'text': 'moniteur', 'context': '0. Le moniteur est l’écran de l’ordinateur.', 'proba': 0.1}",c750946d-c7bd-42e9-9b77-2c9425fdae60,ec322ec7-b49e-4dbc-be22-24a3f4f69282,2025-02-05T14:40:57.501384,"{'source': 'ec322ec7-b49e-4dbc-be22-24a3f4f69282', 'selector': [{'startContainer': '/', 'endContainer': '/', 'startOffset': 90, 'endOffset': 99}]}"
e3e54a5f-08af-4b07-b5bf-5ec93c28c2f9,d3ce7764-eb85-4999-b965-c028f539ee33,371a5d39-6e41-427f-8e1f-6bf64504e080,"{'text': 'moniteur', 'context': '1. Le moniteur de ski était très bienveillant avec les enfants.'}",eb9a2239-5a6c-4da5-8957-af8a90d3e880,ec322ec7-b49e-4dbc-be22-24a3f4f69282,2024-11-26T09:16:44.484495+00:00,"{'source': 'ec322ec7-b49e-4dbc-be22-24a3f4f69282', 'selector': [{'startContainer': '/', 'endContainer': '/', 'startOffset': 238, 'endOffset': 246}]}"
d7c4f678-d458-484b-ac49-3f4710cd640d,d3ce7764-eb85-4999-b965-c028f539ee33,1ecf29a6-9193-4a8b-9317-5dc319b94507,"{'text': 'lutte', 'context': '0. La lutte contre la discrimination est très importante dans nos sociétés.'}",e920598f-774d-4e1c-a2dc-8fb9a6f3053f,c83a5d5c-9ae0-4207-a21e-86f7a4cb3e99,2024-11-25T10:16:02.279087+00:00,"{'source': 'c83a5d5c-9ae0-4207-a21e-86f7a4cb3e99', 'selector': [{'startContainer': '/', 'endContainer': '/', 'startOffset': 87, 'endOffset': 92}]}"
13ec86ff-038a-4a4e-99fc-a25ca488aaf2,d3ce7764-eb85-4999-b965-c028f539ee33,371a5d39-6e41-427f-8e1f-6bf64504e080,"{'text': 'lutte', 'context': '1. La lutte gréco-romaine est un sport qui a son origine dans l’Antiquité.', 'proba': 1.0, 'process': 'reference word'}",d34602e1-1664-42cb-b139-c5cb8bcfa2a0,c83a5d5c-9ae0-4207-a21e-86f7a4cb3e99,2024-11-25T11:25:26.241090+00:00,"{'source': 'c83a5d5c-9ae0-4207-a21e-86f7a4cb3e99', 'selector': [{'startContainer': '/', 'endContainer': '/', 'startOffset': 264, 'endOffset': 270}]}"
4df46da9-a108-4745-9799-97073104ca57,d3ce7764-eb85-4999-b965-c028f539ee33,371a5d39-6e41-427f-8e1f-6bf64504e080,"{'text': 'lutte', 'context': '1. La lutte gréco-romaine est un sport qui a son origine dans l’Antiquité.'}",e920598f-774d-4e1c-a2dc-8fb9a6f3053f,c83a5d5c-9ae0-4207-a21e-86f7a4cb3e99,2024-11-25T10:16:04.946664+00:00,"{'source': 'c83a5d5c-9ae0-4207-a21e-86f7a4cb3e99', 'selector': [{'startContainer': '/', 'endContainer': '/', 'startOffset': 264, 'endOffset': 269}]}"
bfbda4d9-edb5-4b2e-b80e-59af54d6e71e,d3ce7764-eb85-4999-b965-c028f539ee33,1ecf29a6-9193-4a8b-9317-5dc319b94507,"{'text': 'lutte', 'context': '0. La lutte contre la discrimination est très importante dans nos sociétés.', 'proba': 0.2}",d34602e1-1664-42cb-b139-c5cb8bcfa2a0,c83a5d5c-9ae0-4207-a21e-86f7a4cb3e99,2024-11-25T11:25:23.221486+00:00,"{'source': 'c83a5d5c-9ae0-4207-a21e-86f7a4cb3e99', 'selector': [{'startContainer': '/', 'endContainer': '/', 'startOffset': 87, 'endOffset': 93}]}"
2c57fe9d-27c1-49c2-928f-05bdcd95d226,d3ce7764-eb85-4999-b965-c028f539ee33,371a5d39-6e41-427f-8e1f-6bf64504e080,"{'text': 'lutte', 'context': '1. La lutte gréco-romaine est un sport qui a son origine dans l’Antiquité.'}",eb9a2239-5a6c-4da5-8957-af8a90d3e880,c83a5d5c-9ae0-4207-a21e-86f7a4cb3e99,2024-11-26T09:13:01.540549+00:00,"{'source': 'c83a5d5c-9ae0-4207-a21e-86f7a4cb3e99', 'selector': [{'startContainer': '/', 'endContainer': '/', 'startOffset': 264, 'endOffset': 269}]}"
710f1400-6e57-4660-aedf-53f5f430068f,default,371a5d39-6e41-427f-8e1f-6bf64504e080,"{'text': 'lutte', 'context': '1. La lutte gréco-romaine est un sport qui a son origine dans l’Antiquité.', 'proba': 1.0, 'process': 'reference word'}",c750946d-c7bd-42e9-9b77-2c9425fdae60,c83a5d5c-9ae0-4207-a21e-86f7a4cb3e99,2025-02-05T14:40:57.501589,"{'source': 'c83a5d5c-9ae0-4207-a21e-86f7a4cb3e99', 'selector': [{'startContainer': '/', 'endContainer': '/', 'startOffset': 264, 'endOffset': 270}]}"
6b2eaff1-c03c-4260-9ec0-78e6a5a3556c,default,0,"{'text': 'lutte', 'context': '1. La lutte gréco-romaine est un sport qui a son origine dans l’Antiquité.', 'proba': 1.0, 'process': 'reference word'}",76a78473-a608-4c59-bf52-898d3dfd7121,c83a5d5c-9ae0-4207-a21e-86f7a4cb3e99,2025-02-05T14:40:57.501589,"{'source': 'c83a5d5c-9ae0-4207-a21e-86f7a4cb3e99', 'selector': [{'startContainer': '/', 'endContainer': '/', 'startOffset': 264, 'endOffset': 270}]}"
ffc7b615-2ded-4b1b-bab2-48413cb9fea9,default,1,"{'text': 'lutte', 'context': '0. La lutte contre la discrimination est très importante dans nos sociétés.', 'proba': 0.2}",76a78473-a608-4c59-bf52-898d3dfd7121,c83a5d5c-9ae0-4207-a21e-86f7a4cb3e99,2025-02-05T14:40:57.501663,"{'source': 'c83a5d5c-9ae0-4207-a21e-86f7a4cb3e99', 'selector': [{'startContainer': '/', 'endContainer': '/', 'startOffset': 87, 'endOffset': 93}]}"
c356b346-4648-40fa-9700-69d16e91e441,d3ce7764-eb85-4999-b965-c028f539ee33,1ecf29a6-9193-4a8b-9317-5dc319b94507,"{'text': 'lutte', 'context': '0. La lutte contre la discrimination est très importante dans nos sociétés.'}",eb9a2239-5a6c-4da5-8957-af8a90d3e880,c83a5d5c-9ae0-4207-a21e-86f7a4cb3e99,2024-11-26T09:12:58.609451+00:00,"{'source': 'c83a5d5c-9ae0-4207-a21e-86f7a4cb3e99', 'selector': [{'startContainer': '/', 'endContainer': '/', 'startOffset': 87, 'endOffset': 92}]}"
bbc50033-8be0-4d1f-8b40-134db5135999,default,1ecf29a6-9193-4a8b-9317-5dc319b94507,"{'text': 'lutte', 'context': '0. La lutte contre la discrimination est très importante dans nos sociétés.', 'proba': 0.2}",c750946d-c7bd-42e9-9b77-2c9425fdae60,c83a5d5c-9ae0-4207-a21e-86f7a4cb3e99,2025-02-05T14:40:57.501663,"{'source': 'c83a5d5c-9ae0-4207-a21e-86f7a4cb3e99', 'selector': [{'startContainer': '/', 'endContainer': '/', 'startOffset': 87, 'endOffset': 93}]}"
a1b838cd-ee49-490e-9934-203bf5f84133,default,1ecf29a6-9193-4a8b-9317-5dc319b94507,"{'text': 'kiosque', 'context': '0. Un kiosque est un pavillon de jardin généralement ouvert de tous les côtés.', 'proba': 1.0, 'process': 'reference word'}",c750946d-c7bd-42e9-9b77-2c9425fdae60,9ea5eded-78d9-4532-be7e-df3f04b8e61b,2025-02-05T14:40:57.501871,"{'source': '9ea5eded-78d9-4532-be7e-df3f04b8e61b', 'selector': [{'startContainer': '/', 'endContainer': '/', 'startOffset': 89, 'endOffset': 97}]}"
739d1171-b657-4a75-a91c-4d0b28df7288,d3ce7764-eb85-4999-b965-c028f539ee33,371a5d39-6e41-427f-8e1f-6bf64504e080,"{'text': 'kiosque', 'context': '1. Au coin de la rue il y a un kiosque qui vend des journaux et des fleurs.'}",eb9a2239-5a6c-4da5-8957-af8a90d3e880,9ea5eded-78d9-4532-be7e-df3f04b8e61b,2024-11-26T09:08:46.751272+00:00,"{'source': '9ea5eded-78d9-4532-be7e-df3f04b8e61b', 'selector': [{'startContainer': '/', 'endContainer': '/', 'startOffset': 296, 'endOffset': 303}]}"
c8de8a97-17c7-4bde-92ed-777128ba1eea,d3ce7764-eb85-4999-b965-c028f539ee33,371a5d39-6e41-427f-8e1f-6bf64504e080,"{'text': 'kiosque', 'context': '1. Au coin de la rue il y a un kiosque qui vend des journaux et des fleurs.', 'proba': 0.9}",d34602e1-1664-42cb-b139-c5cb8bcfa2a0,9ea5eded-78d9-4532-be7e-df3f04b8e61b,2024-11-25T11:23:09.303864+00:00,"{'source': '9ea5eded-78d9-4532-be7e-df3f04b8e61b', 'selector': [{'startContainer': '/', 'endContainer': '/', 'startOffset': 296, 'endOffset': 304}]}"
ce018d70-6495-4dc1-b8c7-47fd85371cdc,d3ce7764-eb85-4999-b965-c028f539ee33,1ecf29a6-9193-4a8b-9317-5dc319b94507,"{'text': 'kiosque', 'context': '0. Un kiosque est un pavillon de jardin généralement ouvert de tous les côtés.'}",eb9a2239-5a6c-4da5-8957-af8a90d3e880,9ea5eded-78d9-4532-be7e-df3f04b8e61b,2024-11-26T09:08:42.044133+00:00,"{'source': '9ea5eded-78d9-4532-be7e-df3f04b8e61b', 'selector': [{'startContainer': '/', 'endContainer': '/', 'startOffset': 89, 'endOffset': 96}]}"
9ebceed2-5f08-41cb-a994-80cd61bcb201,default,0,"{'text': 'kiosque', 'context': '1. Au coin de la rue il y a un kiosque qui vend des journaux et des fleurs.', 'proba': 0.9}",76a78473-a608-4c59-bf52-898d3dfd7121,9ea5eded-78d9-4532-be7e-df3f04b8e61b,2025-02-05T14:40:57.501766,"{'source': '9ea5eded-78d9-4532-be7e-df3f04b8e61b', 'selector': [{'startContainer': '/', 'endContainer': '/', 'startOffset': 296, 'endOffset': 304}]}"
f8035115-b9c5-4e30-be42-f1862e107ab4,d3ce7764-eb85-4999-b965-c028f539ee33,1ecf29a6-9193-4a8b-9317-5dc319b94507,"{'text': 'kiosque', 'context': '0. Un kiosque est un pavillon de jardin généralement ouvert de tous les côtés.', 'proba': 1.0, 'process': 'reference word'}",d34602e1-1664-42cb-b139-c5cb8bcfa2a0,9ea5eded-78d9-4532-be7e-df3f04b8e61b,2024-11-25T11:22:59.641400+00:00,"{'source': '9ea5eded-78d9-4532-be7e-df3f04b8e61b', 'selector': [{'startContainer': '/', 'endContainer': '/', 'startOffset': 89, 'endOffset': 97}]}"
4b17b766-a6d2-457b-bacf-a11d04b56e47,d3ce7764-eb85-4999-b965-c028f539ee33,1ecf29a6-9193-4a8b-9317-5dc319b94507,"{'text': 'kiosque', 'context': '0. Un kiosque est un pavillon de jardin généralement ouvert de tous les côtés.'}",e920598f-774d-4e1c-a2dc-8fb9a6f3053f,9ea5eded-78d9-4532-be7e-df3f04b8e61b,2024-11-25T09:52:01.239106+00:00,"{'source': '9ea5eded-78d9-4532-be7e-df3f04b8e61b', 'selector': [{'startContainer': '/', 'endContainer': '/', 'startOffset': 89, 'endOffset': 96}]}"
eb755499-8175-4f14-99eb-ee58fa368cfb,d3ce7764-eb85-4999-b965-c028f539ee33,1ecf29a6-9193-4a8b-9317-5dc319b94507,"{'text': 'kiosque', 'context': '1. Au coin de la rue il y a un kiosque qui vend des journaux et des fleurs.'}",e920598f-774d-4e1c-a2dc-8fb9a6f3053f,9ea5eded-78d9-4532-be7e-df3f04b8e61b,2024-11-25T09:52:03.844504+00:00,"{'source': '9ea5eded-78d9-4532-be7e-df3f04b8e61b', 'selector': [{'startContainer': '/', 'endContainer': '/', 'startOffset': 296, 'endOffset': 303}]}"
6c899b31-f281-40ef-a4db-eaa5381944cb,default,371a5d39-6e41-427f-8e1f-6bf64504e080,"{'text': 'kiosque', 'context': '1. Au coin de la rue il y a un kiosque qui vend des journaux et des fleurs.', 'proba': 0.9}",c750946d-c7bd-42e9-9b77-2c9425fdae60,9ea5eded-78d9-4532-be7e-df3f04b8e61b,2025-02-05T14:40:57.501766,"{'source': '9ea5eded-78d9-4532-be7e-df3f04b8e61b', 'selector': [{'startContainer': '/', 'endContainer': '/', 'startOffset': 296, 'endOffset': 304}]}"
52602764-149b-4a98-98ef-6dde5436d7fe,default,0,"{'text': 'kiosque', 'context': '0. Un kiosque est un pavillon de jardin généralement ouvert de tous les côtés.', 'proba': 1.0, 'process': 'reference word'}",76a78473-a608-4c59-bf52-898d3dfd7121,9ea5eded-78d9-4532-be7e-df3f04b8e61b,2025-02-05T14:40:57.501871,"{'source': '9ea5eded-78d9-4532-be7e-df3f04b8e61b', 'selector': [{'startContainer': '/', 'endContainer': '/', 'startOffset': 89, 'endOffset': 97}]}"
fa36e372-1d66-4b40-b675-47bbaae71ef6,d3ce7764-eb85-4999-b965-c028f539ee33,371a5d39-6e41-427f-8e1f-6bf64504e080,"{'text': 'jogging', 'context': '1. Mets ton jogging et viens courir avec moi, au parc !'}",e920598f-774d-4e1c-a2dc-8fb9a6f3053f,34498e99-22c2-4112-9cdb-596ba6c6e0ed,2024-11-25T09:48:02.513864+00:00,"{'source': '34498e99-22c2-4112-9cdb-596ba6c6e0ed', 'selector': [{'startContainer': '/', 'endContainer': '/', 'startOffset': 274, 'endOffset': 281}]}"
eb555a35-2d9a-45e0-a78f-3c257c44b210,default,1ecf29a6-9193-4a8b-9317-5dc319b94507,"{'text': 'jogging', 'context': '0. Pour faire un jogging, on n’a besoin que de bonnes chaussures de course.', 'proba': 1.0, 'process': 'reference word'}",c750946d-c7bd-42e9-9b77-2c9425fdae60,34498e99-22c2-4112-9cdb-596ba6c6e0ed,2025-02-05T14:40:57.501974,"{'source': '34498e99-22c2-4112-9cdb-596ba6c6e0ed', 'selector': [{'startContainer': '/', 'endContainer': '/', 'startOffset': 100, 'endOffset': 107}]}"
9f661433-453c-40e5-8623-163b2a1f2056,default,371a5d39-6e41-427f-8e1f-6bf64504e080,"{'text': 'jogging', 'context': '1. Mets ton jogging et viens courir avec moi, au parc !', 'proba': 0.9}",c750946d-c7bd-42e9-9b77-2c9425fdae60,34498e99-22c2-4112-9cdb-596ba6c6e0ed,2025-02-05T14:40:57.502075,"{'source': '34498e99-22c2-4112-9cdb-596ba6c6e0ed', 'selector': [{'startContainer': '/', 'endContainer': '/', 'startOffset': 274, 'endOffset': 282}]}"
20b75ff1-1936-45ba-a76f-66bb26f5ebbe,default,0,"{'text': 'jogging', 'context': '0. Pour faire un jogging, on n’a besoin que de bonnes chaussures de course.', 'proba': 1.0, 'process': 'reference word'}",76a78473-a608-4c59-bf52-898d3dfd7121,34498e99-22c2-4112-9cdb-596ba6c6e0ed,2025-02-05T14:40:57.501974,"{'source': '34498e99-22c2-4112-9cdb-596ba6c6e0ed', 'selector': [{'startContainer': '/', 'endContainer': '/', 'startOffset': 100, 'endOffset': 107}]}"
b70115fd-ccef-4cef-946d-ef64ee60640c,d3ce7764-eb85-4999-b965-c028f539ee33,1ecf29a6-9193-4a8b-9317-5dc319b94507,"{'text': 'jogging', 'context': '0. Pour faire un jogging, on n’a besoin que de bonnes chaussures de course.'}",e920598f-774d-4e1c-a2dc-8fb9a6f3053f,34498e99-22c2-4112-9cdb-596ba6c6e0ed,2024-11-25T09:48:00.736027+00:00,"{'source': '34498e99-22c2-4112-9cdb-596ba6c6e0ed', 'selector': [{'startContainer': '/', 'endContainer': '/', 'startOffset': 100, 'endOffset': 107}]}"
09576390-b30a-4321-aa1d-1d8ef30ec745,default,0,"{'text': 'jogging', 'context': '1. Mets ton jogging et viens courir avec moi, au parc !', 'proba': 0.9}",76a78473-a608-4c59-bf52-898d3dfd7121,34498e99-22c2-4112-9cdb-596ba6c6e0ed,2025-02-05T14:40:57.502075,"{'source': '34498e99-22c2-4112-9cdb-596ba6c6e0ed', 'selector': [{'startContainer': '/', 'endContainer': '/', 'startOffset': 274, 'endOffset': 282}]}"
7b2fb449-401f-4cad-9a34-4e05167d61af,d3ce7764-eb85-4999-b965-c028f539ee33,1ecf29a6-9193-4a8b-9317-5dc319b94507,"{'text': 'jogging', 'context': '0. Pour faire un jogging, on n’a besoin que de bonnes chaussures de course.', 'proba': 1.0, 'process': 'reference word'}",d34602e1-1664-42cb-b139-c5cb8bcfa2a0,34498e99-22c2-4112-9cdb-596ba6c6e0ed,2024-11-25T11:16:23.308516+00:00,"{'source': '34498e99-22c2-4112-9cdb-596ba6c6e0ed', 'selector': [{'startContainer': '/', 'endContainer': '/', 'startOffset': 100, 'endOffset': 107}]}"
e6eaea29-3b10-45a7-894e-eb06208254e4,d3ce7764-eb85-4999-b965-c028f539ee33,371a5d39-6e41-427f-8e1f-6bf64504e080,"{'text': 'jogging', 'context': '1. Mets ton jogging et viens courir avec moi, au parc !', 'proba': 0.9}",d34602e1-1664-42cb-b139-c5cb8bcfa2a0,34498e99-22c2-4112-9cdb-596ba6c6e0ed,2024-11-25T11:16:25.952394+00:00,"{'source': '34498e99-22c2-4112-9cdb-596ba6c6e0ed', 'selector': [{'startContainer': '/', 'endContainer': '/', 'startOffset': 274, 'endOffset': 282}]}"
570e489d-e06f-4fcf-88a7-c4f34d0eb142,d3ce7764-eb85-4999-b965-c028f539ee33,1ecf29a6-9193-4a8b-9317-5dc319b94507,"{'text': 'jogging', 'context': '0. Pour faire un jogging, on n’a besoin que de bonnes chaussures de course.'}",eb9a2239-5a6c-4da5-8957-af8a90d3e880,34498e99-22c2-4112-9cdb-596ba6c6e0ed,2024-11-26T09:03:19.198252+00:00,"{'source': '34498e99-22c2-4112-9cdb-596ba6c6e0ed', 'selector': [{'startContainer': '/', 'endContainer': '/', 'startOffset': 100, 'endOffset': 107}]}"
a769cfaf-0bf2-43c5-89aa-d3acfc86a861,d3ce7764-eb85-4999-b965-c028f539ee33,371a5d39-6e41-427f-8e1f-6bf64504e080,"{'text': 'jogging', 'context': '1. Mets ton jogging et viens courir avec moi, au parc !'}",eb9a2239-5a6c-4da5-8957-af8a90d3e880,34498e99-22c2-4112-9cdb-596ba6c6e0ed,2024-11-26T09:03:22.962880+00:00,"{'source': '34498e99-22c2-4112-9cdb-596ba6c6e0ed', 'selector': [{'startContainer': '/', 'endContainer': '/', 'startOffset': 274, 'endOffset': 281}]}"
4c7b909d-95f7-453c-adff-89a33a3fc970,d3ce7764-eb85-4999-b965-c028f539ee33,1ecf29a6-9193-4a8b-9317-5dc319b94507,"{'text': 'héroïne', 'context': '0. L’héroïne est une drogue qui provient du pavot.', 'proba': 1.0, 'process': 'reference word'}",d34602e1-1664-42cb-b139-c5cb8bcfa2a0,cc248ae2-a8e6-443c-bf01-7e35075576ae,2024-11-25T11:25:38.942685+00:00,"{'source': 'cc248ae2-a8e6-443c-bf01-7e35075576ae', 'selector': [{'startContainer': '/', 'endContainer': '/', 'startOffset': 88, 'endOffset': 96}]}"
7f507ea3-2d05-476f-b4ca-dde7dc736f4b,d3ce7764-eb85-4999-b965-c028f539ee33,371a5d39-6e41-427f-8e1f-6bf64504e080,"{'text': 'héroïne', 'context': '1. L’héroïne du film Titanic a tout essayé pour sauver Jack, le héros.', 'proba': 0.0}",d34602e1-1664-42cb-b139-c5cb8bcfa2a0,cc248ae2-a8e6-443c-bf01-7e35075576ae,2024-11-25T11:25:40.967591+00:00,"{'source': 'cc248ae2-a8e6-443c-bf01-7e35075576ae', 'selector': [{'startContainer': '/', 'endContainer': '/', 'startOffset': 242, 'endOffset': 250}]}"
e1397879-d5cf-4ab4-b019-00443f55c15c,default,1ecf29a6-9193-4a8b-9317-5dc319b94507,"{'text': 'héroïne', 'context': '0. L’héroïne est une drogue qui provient du pavot.', 'proba': 1.0, 'process': 'reference word'}",c750946d-c7bd-42e9-9b77-2c9425fdae60,cc248ae2-a8e6-443c-bf01-7e35075576ae,2025-02-05T14:40:57.502179,"{'source': 'cc248ae2-a8e6-443c-bf01-7e35075576ae', 'selector': [{'startContainer': '/', 'endContainer': '/', 'startOffset': 88, 'endOffset': 96}]}"
386d591e-28f6-4626-9297-b1b250534ae4,default,1,"{'text': 'héroïne', 'context': '1. L’héroïne du film Titanic a tout essayé pour sauver Jack, le héros.', 'proba': 0.0}",76a78473-a608-4c59-bf52-898d3dfd7121,cc248ae2-a8e6-443c-bf01-7e35075576ae,2025-02-05T14:40:57.502279,"{'source': 'cc248ae2-a8e6-443c-bf01-7e35075576ae', 'selector': [{'startContainer': '/', 'endContainer': '/', 'startOffset': 242, 'endOffset': 250}]}"
f90f979f-c9a7-4de6-b780-0f7a56032b73,d3ce7764-eb85-4999-b965-c028f539ee33,371a5d39-6e41-427f-8e1f-6bf64504e080,"{'text': 'héroïne', 'context': '1. L’héroïne du film Titanic a tout essayé pour sauver Jack, le héros.'}",e920598f-774d-4e1c-a2dc-8fb9a6f3053f,cc248ae2-a8e6-443c-bf01-7e35075576ae,2024-11-25T10:16:26.973180+00:00,"{'source': 'cc248ae2-a8e6-443c-bf01-7e35075576ae', 'selector': [{'startContainer': '/', 'endContainer': '/', 'startOffset': 242, 'endOffset': 249}]}"
04b6cdcb-ceac-4bb6-9a1f-30c9de29108a,default,371a5d39-6e41-427f-8e1f-6bf64504e080,"{'text': 'héroïne', 'context': '1. L’héroïne du film Titanic a tout essayé pour sauver Jack, le héros.', 'proba': 0.0}",c750946d-c7bd-42e9-9b77-2c9425fdae60,cc248ae2-a8e6-443c-bf01-7e35075576ae,2025-02-05T14:40:57.502279,"{'source': 'cc248ae2-a8e6-443c-bf01-7e35075576ae', 'selector': [{'startContainer': '/', 'endContainer': '/', 'startOffset': 242, 'endOffset': 250}]}"
6b6bae56-c57b-4d91-a46f-f8d38817a71e,d3ce7764-eb85-4999-b965-c028f539ee33,1ecf29a6-9193-4a8b-9317-5dc319b94507,"{'text': 'héroïne', 'context': '0. L’héroïne est une drogue qui provient du pavot.'}",eb9a2239-5a6c-4da5-8957-af8a90d3e880,cc248ae2-a8e6-443c-bf01-7e35075576ae,2024-11-26T09:13:18.430331+00:00,"{'source': 'cc248ae2-a8e6-443c-bf01-7e35075576ae', 'selector': [{'startContainer': '/', 'endContainer': '/', 'startOffset': 88, 'endOffset': 95}]}"
a74089c5-0db6-49dd-bc58-9c050fb6644c,d3ce7764-eb85-4999-b965-c028f539ee33,1ecf29a6-9193-4a8b-9317-5dc319b94507,"{'text': 'héroïne', 'context': '0. L’héroïne est une drogue qui provient du pavot.'}",e920598f-774d-4e1c-a2dc-8fb9a6f3053f,cc248ae2-a8e6-443c-bf01-7e35075576ae,2024-11-25T10:16:23.708402+00:00,"{'source': 'cc248ae2-a8e6-443c-bf01-7e35075576ae', 'selector': [{'startContainer': '/', 'endContainer': '/', 'startOffset': 88, 'endOffset': 95}]}"
6eb7bd63-df2c-4d0c-ac39-14ac8626e10b,d3ce7764-eb85-4999-b965-c028f539ee33,371a5d39-6e41-427f-8e1f-6bf64504e080,"{'text': 'héroïne', 'context': '1. L’héroïne du film Titanic a tout essayé pour sauver Jack, le héros.'}",eb9a2239-5a6c-4da5-8957-af8a90d3e880,cc248ae2-a8e6-443c-bf01-7e35075576ae,2024-11-26T09:13:21.010047+00:00,"{'source': 'cc248ae2-a8e6-443c-bf01-7e35075576ae', 'selector': [{'startContainer': '/', 'endContainer': '/', 'startOffset': 242, 'endOffset': 249}]}"
8dfd1e1f-1dcc-4985-8c5f-e272a2bc20d5,default,0,"{'text': 'héroïne', 'context': '0. L’héroïne est une drogue qui provient du pavot.', 'proba': 1.0, 'process': 'reference word'}",76a78473-a608-4c59-bf52-898d3dfd7121,cc248ae2-a8e6-443c-bf01-7e35075576ae,2025-02-05T14:40:57.502179,"{'source': 'cc248ae2-a8e6-443c-bf01-7e35075576ae', 'selector': [{'startContainer': '/', 'endContainer': '/', 'startOffset': 88, 'endOffset': 96}]}"
f5bc9ee6-9a30-4584-95df-0ea82513bda3,d3ce7764-eb85-4999-b965-c028f539ee33,1ecf29a6-9193-4a8b-9317-5dc319b94507,"{'text': 'heures', 'context': '0. Il est huit heures du matin.'}",e920598f-774d-4e1c-a2dc-8fb9a6f3053f,bacd2794-97de-4fdc-ba1e-082f03b812f2,2024-11-25T10:15:20.162751+00:00,"{'source': 'bacd2794-97de-4fdc-ba1e-082f03b812f2', 'selector': [{'startContainer': '/', 'endContainer': '/', 'startOffset': 96, 'endOffset': 102}]}"
21b26de2-ce1f-421a-8f38-bf63f8af1147,d3ce7764-eb85-4999-b965-c028f539ee33,1ecf29a6-9193-4a8b-9317-5dc319b94507,"{'text': 'heures', 'context': '0. Il est huit heures du matin.', 'proba': 1.0}",d34602e1-1664-42cb-b139-c5cb8bcfa2a0,bacd2794-97de-4fdc-ba1e-082f03b812f2,2024-11-25T11:24:38.102828+00:00,"{'source': 'bacd2794-97de-4fdc-ba1e-082f03b812f2', 'selector': [{'startContainer': '/', 'endContainer': '/', 'startOffset': 96, 'endOffset': 103}]}"
20a237db-2faf-4ed8-8331-48e676e28b37,d3ce7764-eb85-4999-b965-c028f539ee33,1ecf29a6-9193-4a8b-9317-5dc319b94507,"{'text': 'heures', 'context': '1. Il est huit heures du matin.'}",e920598f-774d-4e1c-a2dc-8fb9a6f3053f,bacd2794-97de-4fdc-ba1e-082f03b812f2,2024-11-25T10:15:22.127752+00:00,"{'source': 'bacd2794-97de-4fdc-ba1e-082f03b812f2', 'selector': [{'startContainer': '/', 'endContainer': '/', 'startOffset': 229, 'endOffset': 235}]}"
3c507cb3-8df5-4947-9c3e-dcf60ca52f04,d3ce7764-eb85-4999-b965-c028f539ee33,1ecf29a6-9193-4a8b-9317-5dc319b94507,"{'text': 'heure', 'context': '3. Je viens de boire un café. Dans une heure, je vais déjeuner.', 'proba': 0.8}",d34602e1-1664-42cb-b139-c5cb8bcfa2a0,bacd2794-97de-4fdc-ba1e-082f03b812f2,2024-11-25T11:24:46.206330+00:00,"{'source': 'bacd2794-97de-4fdc-ba1e-082f03b812f2', 'selector': [{'startContainer': '/', 'endContainer': '/', 'startOffset': 519, 'endOffset': 524}]}"
c9075fe1-fc11-407f-85b0-20b95daf52ea,default,1ecf29a6-9193-4a8b-9317-5dc319b94507,"{'text': 'heure', 'context': '3. Je viens de boire un café. Dans une heure, je vais déjeuner.', 'proba': 0.8}",c750946d-c7bd-42e9-9b77-2c9425fdae60,bacd2794-97de-4fdc-ba1e-082f03b812f2,2025-02-05T14:40:57.502384,"{'source': 'bacd2794-97de-4fdc-ba1e-082f03b812f2', 'selector': [{'startContainer': '/', 'endContainer': '/', 'startOffset': 519, 'endOffset': 524}]}"
35030d10-0a43-41d0-9b0e-0f9515082a2d,default,0,"{'text': 'heures', 'context': '2. Il est huit heures du matin.', 'proba': 1.0}",76a78473-a608-4c59-bf52-898d3dfd7121,bacd2794-97de-4fdc-ba1e-082f03b812f2,2025-02-05T14:40:57.502690,"{'source': 'bacd2794-97de-4fdc-ba1e-082f03b812f2', 'selector': [{'startContainer': '/', 'endContainer': '/', 'startOffset': 362, 'endOffset': 369}]}"
0defd43f-f14e-473e-821c-b045ee7b69d9,default,1ecf29a6-9193-4a8b-9317-5dc319b94507,"{'text': 'heures', 'context': '0. Il est huit heures du matin.', 'proba': 1.0}",c750946d-c7bd-42e9-9b77-2c9425fdae60,bacd2794-97de-4fdc-ba1e-082f03b812f2,2025-02-05T14:40:57.502485,"{'source': 'bacd2794-97de-4fdc-ba1e-082f03b812f2', 'selector': [{'startContainer': '/', 'endContainer': '/', 'startOffset': 96, 'endOffset': 103}]}"
bec3825d-bceb-4798-bcc9-275c1a7adddb,d3ce7764-eb85-4999-b965-c028f539ee33,1ecf29a6-9193-4a8b-9317-5dc319b94507,"{'text': 'heures', 'context': '1. Il est huit heures du matin.'}",eb9a2239-5a6c-4da5-8957-af8a90d3e880,bacd2794-97de-4fdc-ba1e-082f03b812f2,2024-11-26T09:12:09.531907+00:00,"{'source': 'bacd2794-97de-4fdc-ba1e-082f03b812f2', 'selector': [{'startContainer': '/', 'endContainer': '/', 'startOffset': 229, 'endOffset': 235}]}"
7ecdff11-57db-431c-9259-c8a053a58c43,d3ce7764-eb85-4999-b965-c028f539ee33,1ecf29a6-9193-4a8b-9317-5dc319b94507,"{'text': 'heure', 'context': '3. Je viens de boire un café. Dans une heure, je vais déjeuner.'}",e920598f-774d-4e1c-a2dc-8fb9a6f3053f,bacd2794-97de-4fdc-ba1e-082f03b812f2,2024-11-25T10:15:31.956898+00:00,"{'source': 'bacd2794-97de-4fdc-ba1e-082f03b812f2', 'selector': [{'startContainer': '/', 'endContainer': '/', 'startOffset': 519, 'endOffset': 524}]}"
898f428b-9a50-4767-bab9-7d589b643bfc,default,1ecf29a6-9193-4a8b-9317-5dc319b94507,"{'text': 'heures', 'context': '1. Il est huit heures du matin.', 'proba': 1.0, 'process': 'reference word'}",c750946d-c7bd-42e9-9b77-2c9425fdae60,bacd2794-97de-4fdc-ba1e-082f03b812f2,2025-02-05T14:40:57.502585,"{'source': 'bacd2794-97de-4fdc-ba1e-082f03b812f2', 'selector': [{'startContainer': '/', 'endContainer': '/', 'startOffset': 229, 'endOffset': 236}]}"
4cd6607a-1674-4823-9eb1-1a2469e5eec8,default,0,"{'text': 'heures', 'context': '1. Il est huit heures du matin.', 'proba': 1.0, 'process': 'reference word'}",76a78473-a608-4c59-bf52-898d3dfd7121,bacd2794-97de-4fdc-ba1e-082f03b812f2,2025-02-05T14:40:57.502585,"{'source': 'bacd2794-97de-4fdc-ba1e-082f03b812f2', 'selector': [{'startContainer': '/', 'endContainer': '/', 'startOffset': 229, 'endOffset': 236}]}"
06ec8440-9bee-47d3-b2a7-a53bedbc8269,d3ce7764-eb85-4999-b965-c028f539ee33,1ecf29a6-9193-4a8b-9317-5dc319b94507,"{'text': 'heures', 'context': '0. Il est huit heures du matin.'}",eb9a2239-5a6c-4da5-8957-af8a90d3e880,bacd2794-97de-4fdc-ba1e-082f03b812f2,2024-11-26T09:12:06.773300+00:00,"{'source': 'bacd2794-97de-4fdc-ba1e-082f03b812f2', 'selector': [{'startContainer': '/', 'endContainer': '/', 'startOffset': 96, 'endOffset': 102}]}"
c49e23cf-2a79-4efb-86ec-4c0e28a6e0ce,default,1ecf29a6-9193-4a8b-9317-5dc319b94507,"{'text': 'heures', 'context': '2. Il est huit heures du matin.', 'proba': 1.0}",c750946d-c7bd-42e9-9b77-2c9425fdae60,bacd2794-97de-4fdc-ba1e-082f03b812f2,2025-02-05T14:40:57.502690,"{'source': 'bacd2794-97de-4fdc-ba1e-082f03b812f2', 'selector': [{'startContainer': '/', 'endContainer': '/', 'startOffset': 362, 'endOffset': 369}]}"
e4e91658-5f9c-44d1-b28f-071926dd676b,default,0,"{'text': 'heure', 'context': '3. Je viens de boire un café. Dans une heure, je vais déjeuner.', 'proba': 0.8}",76a78473-a608-4c59-bf52-898d3dfd7121,bacd2794-97de-4fdc-ba1e-082f03b812f2,2025-02-05T14:40:57.502384,"{'source': 'bacd2794-97de-4fdc-ba1e-082f03b812f2', 'selector': [{'startContainer': '/', 'endContainer': '/', 'startOffset': 519, 'endOffset': 524}]}"
56217d46-a33c-4e4a-998f-29b49f22faec,d3ce7764-eb85-4999-b965-c028f539ee33,1ecf29a6-9193-4a8b-9317-5dc319b94507,"{'text': 'heures', 'context': '2. Il est huit heures du matin.', 'proba': 1.0}",d34602e1-1664-42cb-b139-c5cb8bcfa2a0,bacd2794-97de-4fdc-ba1e-082f03b812f2,2024-11-25T11:24:42.667020+00:00,"{'source': 'bacd2794-97de-4fdc-ba1e-082f03b812f2', 'selector': [{'startContainer': '/', 'endContainer': '/', 'startOffset': 362, 'endOffset': 369}]}"
1e1b8d02-b1fb-4ec3-b510-8f522c487453,d3ce7764-eb85-4999-b965-c028f539ee33,1ecf29a6-9193-4a8b-9317-5dc319b94507,"{'text': 'heures', 'context': '2. Il est huit heures du matin.'}",e920598f-774d-4e1c-a2dc-8fb9a6f3053f,bacd2794-97de-4fdc-ba1e-082f03b812f2,2024-11-25T10:15:23.968204+00:00,"{'source': 'bacd2794-97de-4fdc-ba1e-082f03b812f2', 'selector': [{'startContainer': '/', 'endContainer': '/', 'startOffset': 362, 'endOffset': 368}]}"
93e50cc9-5ab2-47bf-881e-cf8e6c09933f,default,0,"{'text': 'heures', 'context': '0. Il est huit heures du matin.', 'proba': 1.0}",76a78473-a608-4c59-bf52-898d3dfd7121,bacd2794-97de-4fdc-ba1e-082f03b812f2,2025-02-05T14:40:57.502485,"{'source': 'bacd2794-97de-4fdc-ba1e-082f03b812f2', 'selector': [{'startContainer': '/', 'endContainer': '/', 'startOffset': 96, 'endOffset': 103}]}"
251fec39-5d17-45b9-a45c-7261e5d04148,d3ce7764-eb85-4999-b965-c028f539ee33,1ecf29a6-9193-4a8b-9317-5dc319b94507,"{'text': 'heures', 'context': '1. Il est huit heures du matin.', 'proba': 1.0, 'process': 'reference word'}",d34602e1-1664-42cb-b139-c5cb8bcfa2a0,bacd2794-97de-4fdc-ba1e-082f03b812f2,2024-11-25T11:24:40.575817+00:00,"{'source': 'bacd2794-97de-4fdc-ba1e-082f03b812f2', 'selector': [{'startContainer': '/', 'endContainer': '/', 'startOffset': 229, 'endOffset': 236}]}"
be6ee449-22c7-4635-af33-2a0b4462ebe7,d3ce7764-eb85-4999-b965-c028f539ee33,1ecf29a6-9193-4a8b-9317-5dc319b94507,"{'text': 'heures', 'context': '2. Il est huit heures du matin.'}",eb9a2239-5a6c-4da5-8957-af8a90d3e880,bacd2794-97de-4fdc-ba1e-082f03b812f2,2024-11-26T09:12:14.451872+00:00,"{'source': 'bacd2794-97de-4fdc-ba1e-082f03b812f2', 'selector': [{'startContainer': '/', 'endContainer': '/', 'startOffset': 362, 'endOffset': 368}]}"
9d7554f8-077c-45b0-b7c1-a6e46c6a8fca,d3ce7764-eb85-4999-b965-c028f539ee33,371a5d39-6e41-427f-8e1f-6bf64504e080,"{'text': 'garage', 'context': ""1. La voiture de Léa est encore en panne alors elle l'a laissée au garage.""}",eb9a2239-5a6c-4da5-8957-af8a90d3e880,35009846-2885-4ab5-9f0c-82b3e4fee881,2024-11-26T09:03:33.967825+00:00,"{'source': '35009846-2885-4ab5-9f0c-82b3e4fee881', 'selector': [{'startContainer': '/', 'endContainer': '/', 'startOffset': 297, 'endOffset': 303}]}"
54cb55d0-ce24-412c-9cc0-6a67f6e918a6,d3ce7764-eb85-4999-b965-c028f539ee33,371a5d39-6e41-427f-8e1f-6bf64504e080,"{'text': 'garage', 'context': ""1. La voiture de Léa est encore en panne alors elle l'a laissée au garage.""}",e920598f-774d-4e1c-a2dc-8fb9a6f3053f,35009846-2885-4ab5-9f0c-82b3e4fee881,2024-11-25T09:48:13.326384+00:00,"{'source': '35009846-2885-4ab5-9f0c-82b3e4fee881', 'selector': [{'startContainer': '/', 'endContainer': '/', 'startOffset': 297, 'endOffset': 303}]}"
c0254d5a-4cdf-4e09-be72-d8a734f24588,d3ce7764-eb85-4999-b965-c028f539ee33,1ecf29a6-9193-4a8b-9317-5dc319b94507,"{'text': 'garage', 'context': '0. Notre garage peut contenir trois voitures.'}",eb9a2239-5a6c-4da5-8957-af8a90d3e880,35009846-2885-4ab5-9f0c-82b3e4fee881,2024-11-26T09:03:30.103731+00:00,"{'source': '35009846-2885-4ab5-9f0c-82b3e4fee881', 'selector': [{'startContainer': '/', 'endContainer': '/', 'startOffset': 91, 'endOffset': 97}]}"
4f352143-369a-4ac8-a1a3-ffcface818df,default,371a5d39-6e41-427f-8e1f-6bf64504e080,"{'text': 'garage', 'context': ""1. La voiture de Léa est encore en panne alors elle l'a laissée au garage."", 'proba': 1.0, 'process': 'reference word'}",c750946d-c7bd-42e9-9b77-2c9425fdae60,35009846-2885-4ab5-9f0c-82b3e4fee881,2025-02-05T14:40:57.502794,"{'source': '35009846-2885-4ab5-9f0c-82b3e4fee881', 'selector': [{'startContainer': '/', 'endContainer': '/', 'startOffset': 297, 'endOffset': 303}]}"
d353751f-6079-4f9a-9391-d134e53674f7,default,0,"{'text': 'garage', 'context': '0. Notre garage peut contenir trois voitures.', 'proba': 0.9}",76a78473-a608-4c59-bf52-898d3dfd7121,35009846-2885-4ab5-9f0c-82b3e4fee881,2025-02-05T14:40:57.502895,"{'source': '35009846-2885-4ab5-9f0c-82b3e4fee881', 'selector': [{'startContainer': '/', 'endContainer': '/', 'startOffset': 91, 'endOffset': 98}]}"
9ffb6091-3fc6-4d9a-b2aa-0e14218c9a7f,d3ce7764-eb85-4999-b965-c028f539ee33,371a5d39-6e41-427f-8e1f-6bf64504e080,"{'text': 'garage', 'context': ""1. La voiture de Léa est encore en panne alors elle l'a laissée au garage."", 'proba': 1.0, 'process': 'reference word'}",d34602e1-1664-42cb-b139-c5cb8bcfa2a0,35009846-2885-4ab5-9f0c-82b3e4fee881,2024-11-25T11:16:40.843523+00:00,"{'source': '35009846-2885-4ab5-9f0c-82b3e4fee881', 'selector': [{'startContainer': '/', 'endContainer': '/', 'startOffset': 297, 'endOffset': 303}]}"
8ef76353-0f4d-48bc-bc10-fffa704187af,default,1ecf29a6-9193-4a8b-9317-5dc319b94507,"{'text': 'garage', 'context': '0. Notre garage peut contenir trois voitures.', 'proba': 0.9}",c750946d-c7bd-42e9-9b77-2c9425fdae60,35009846-2885-4ab5-9f0c-82b3e4fee881,2025-02-05T14:40:57.502895,"{'source': '35009846-2885-4ab5-9f0c-82b3e4fee881', 'selector': [{'startContainer': '/', 'endContainer': '/', 'startOffset': 91, 'endOffset': 98}]}"
618a46bd-7a9c-455e-a7b9-cde1a5ab68d8,d3ce7764-eb85-4999-b965-c028f539ee33,1ecf29a6-9193-4a8b-9317-5dc319b94507,"{'text': 'garage', 'context': '0. Notre garage peut contenir trois voitures.', 'proba': 0.9}",d34602e1-1664-42cb-b139-c5cb8bcfa2a0,35009846-2885-4ab5-9f0c-82b3e4fee881,2024-11-25T11:16:34.543948+00:00,"{'source': '35009846-2885-4ab5-9f0c-82b3e4fee881', 'selector': [{'startContainer': '/', 'endContainer': '/', 'startOffset': 91, 'endOffset': 98}]}"
6eaf2b30-aa69-4b74-8229-e1a0f06e2488,default,0,"{'text': 'garage', 'context': ""1. La voiture de Léa est encore en panne alors elle l'a laissée au garage."", 'proba': 1.0, 'process': 'reference word'}",76a78473-a608-4c59-bf52-898d3dfd7121,35009846-2885-4ab5-9f0c-82b3e4fee881,2025-02-05T14:40:57.502794,"{'source': '35009846-2885-4ab5-9f0c-82b3e4fee881', 'selector': [{'startContainer': '/', 'endContainer': '/', 'startOffset': 297, 'endOffset': 303}]}"
7058012b-2079-4e3f-8e7b-641a903941dc,d3ce7764-eb85-4999-b965-c028f539ee33,1ecf29a6-9193-4a8b-9317-5dc319b94507,"{'text': 'garage', 'context': '0. Notre garage peut contenir trois voitures.'}",e920598f-774d-4e1c-a2dc-8fb9a6f3053f,35009846-2885-4ab5-9f0c-82b3e4fee881,2024-11-25T09:48:09.611878+00:00,"{'source': '35009846-2885-4ab5-9f0c-82b3e4fee881', 'selector': [{'startContainer': '/', 'endContainer': '/', 'startOffset': 91, 'endOffset': 97}]}"
9c68559d-0c6a-4642-a093-15083bf3b569,default,1ecf29a6-9193-4a8b-9317-5dc319b94507,"{'text': 'doigt', 'context': ""0. Il s'est coupé le doigt en cuisinant."", 'proba': 1.0, 'process': 'reference word'}",c750946d-c7bd-42e9-9b77-2c9425fdae60,ce139a89-f72e-4f33-99a0-ab903b018e81,2025-02-05T14:40:57.503104,"{'source': 'ce139a89-f72e-4f33-99a0-ab903b018e81', 'selector': [{'startContainer': '/', 'endContainer': '/', 'startOffset': 102, 'endOffset': 108}]}"
b97358fe-27c5-4aff-b968-8f48f8602bd6,d3ce7764-eb85-4999-b965-c028f539ee33,1ecf29a6-9193-4a8b-9317-5dc319b94507,"{'text': 'doigt', 'context': ""1. Il s'est coupé le doigt en cuisinant."", 'proba': 1.0}",d34602e1-1664-42cb-b139-c5cb8bcfa2a0,ce139a89-f72e-4f33-99a0-ab903b018e81,2024-11-25T11:26:16.599655+00:00,"{'source': 'ce139a89-f72e-4f33-99a0-ab903b018e81', 'selector': [{'startContainer': '/', 'endContainer': '/', 'startOffset': 244, 'endOffset': 250}]}"
0d3652f3-946f-4bd7-b1c1-cad020ac39d2,d3ce7764-eb85-4999-b965-c028f539ee33,1ecf29a6-9193-4a8b-9317-5dc319b94507,"{'text': 'doigt', 'context': ""1. Il s'est coupé le doigt en cuisinant.""}",e920598f-774d-4e1c-a2dc-8fb9a6f3053f,ce139a89-f72e-4f33-99a0-ab903b018e81,2024-11-25T10:16:57.431293+00:00,"{'source': 'ce139a89-f72e-4f33-99a0-ab903b018e81', 'selector': [{'startContainer': '/', 'endContainer': '/', 'startOffset': 244, 'endOffset': 249}]}"
17350288-5964-48e2-a675-bc3c0f1f016b,default,0,"{'text': 'doigt', 'context': ""0. Il s'est coupé le doigt en cuisinant."", 'proba': 1.0, 'process': 'reference word'}",76a78473-a608-4c59-bf52-898d3dfd7121,ce139a89-f72e-4f33-99a0-ab903b018e81,2025-02-05T14:40:57.503104,"{'source': 'ce139a89-f72e-4f33-99a0-ab903b018e81', 'selector': [{'startContainer': '/', 'endContainer': '/', 'startOffset': 102, 'endOffset': 108}]}"
266e4a94-23b0-4aef-9008-a84b0f101a8a,d3ce7764-eb85-4999-b965-c028f539ee33,1ecf29a6-9193-4a8b-9317-5dc319b94507,"{'text': 'doigt', 'context': ""0. Il s'est coupé le doigt en cuisinant."", 'proba': 1.0, 'process': 'reference word'}",d34602e1-1664-42cb-b139-c5cb8bcfa2a0,ce139a89-f72e-4f33-99a0-ab903b018e81,2024-11-25T11:26:14.900831+00:00,"{'source': 'ce139a89-f72e-4f33-99a0-ab903b018e81', 'selector': [{'startContainer': '/', 'endContainer': '/', 'startOffset': 102, 'endOffset': 108}]}"
11b6f2ac-efb2-44e1-8593-ec4687ce3c17,d3ce7764-eb85-4999-b965-c028f539ee33,1ecf29a6-9193-4a8b-9317-5dc319b94507,"{'text': 'doigt', 'context': ""1. Il s'est coupé le doigt en cuisinant.""}",eb9a2239-5a6c-4da5-8957-af8a90d3e880,ce139a89-f72e-4f33-99a0-ab903b018e81,2024-11-26T09:14:01.391425+00:00,"{'source': 'ce139a89-f72e-4f33-99a0-ab903b018e81', 'selector': [{'startContainer': '/', 'endContainer': '/', 'startOffset': 244, 'endOffset': 249}]}"
5dc0067f-5ac6-4001-932b-bd9a58ee2262,d3ce7764-eb85-4999-b965-c028f539ee33,1ecf29a6-9193-4a8b-9317-5dc319b94507,"{'text': 'doigt', 'context': ""0. Il s'est coupé le doigt en cuisinant.""}",e920598f-774d-4e1c-a2dc-8fb9a6f3053f,ce139a89-f72e-4f33-99a0-ab903b018e81,2024-11-25T10:16:54.358851+00:00,"{'source': 'ce139a89-f72e-4f33-99a0-ab903b018e81', 'selector': [{'startContainer': '/', 'endContainer': '/', 'startOffset': 102, 'endOffset': 107}]}"
7fc84a77-c36a-4ddd-a05b-78c8cbaf2634,d3ce7764-eb85-4999-b965-c028f539ee33,1ecf29a6-9193-4a8b-9317-5dc319b94507,"{'text': 'doigt', 'context': ""0. Il s'est coupé le doigt en cuisinant.""}",eb9a2239-5a6c-4da5-8957-af8a90d3e880,ce139a89-f72e-4f33-99a0-ab903b018e81,2024-11-26T09:13:58.480876+00:00,"{'source': 'ce139a89-f72e-4f33-99a0-ab903b018e81', 'selector': [{'startContainer': '/', 'endContainer': '/', 'startOffset': 102, 'endOffset': 107}]}"
7f5a6f65-4378-4539-af25-54a6d2011596,default,1ecf29a6-9193-4a8b-9317-5dc319b94507,"{'text': 'doigt', 'context': ""1. Il s'est coupé le doigt en cuisinant."", 'proba': 1.0}",c750946d-c7bd-42e9-9b77-2c9425fdae60,ce139a89-f72e-4f33-99a0-ab903b018e81,2025-02-05T14:40:57.503003,"{'source': 'ce139a89-f72e-4f33-99a0-ab903b018e81', 'selector': [{'startContainer': '/', 'endContainer': '/', 'startOffset': 244, 'endOffset': 250}]}"
6e3027c8-3a8b-43e2-8f77-7fe26576e93a,default,0,"{'text': 'doigt', 'context': ""1. Il s'est coupé le doigt en cuisinant."", 'proba': 1.0}",76a78473-a608-4c59-bf52-898d3dfd7121,ce139a89-f72e-4f33-99a0-ab903b018e81,2025-02-05T14:40:57.503003,"{'source': 'ce139a89-f72e-4f33-99a0-ab903b018e81', 'selector': [{'startContainer': '/', 'endContainer': '/', 'startOffset': 244, 'endOffset': 250}]}"
fcfb1d32-9ec4-4334-b300-d0e67f0cf26b,default,1ecf29a6-9193-4a8b-9317-5dc319b94507,"{'text': 'créneau', 'context': '0. Le créneau occupé par le journal TV est 19h30-20h00. Après ça, il y a un film.', 'proba': 1.0, 'process': 'reference word'}",c750946d-c7bd-42e9-9b77-2c9425fdae60,8f260f5b-fc7a-4b39-81e2-fb268428dee4,2025-02-05T14:40:57.503208,"{'source': '8f260f5b-fc7a-4b39-81e2-fb268428dee4', 'selector': [{'startContainer': '/', 'endContainer': '/', 'startOffset': 89, 'endOffset': 97}]}"
50fb2bcb-9d7b-4e92-87c1-c7928b455599,d3ce7764-eb85-4999-b965-c028f539ee33,1ecf29a6-9193-4a8b-9317-5dc319b94507,"{'text': 'créneau', 'context': '1. Est-ce que vous auriez un créneau cet après-midi pour discuter du projet ?'}",e920598f-774d-4e1c-a2dc-8fb9a6f3053f,8f260f5b-fc7a-4b39-81e2-fb268428dee4,2024-11-25T09:51:46.477323+00:00,"{'source': '8f260f5b-fc7a-4b39-81e2-fb268428dee4', 'selector': [{'startContainer': '/', 'endContainer': '/', 'startOffset': 297, 'endOffset': 304}]}"
84485a9c-9eaa-4dbf-8e44-c25b5edbde47,d3ce7764-eb85-4999-b965-c028f539ee33,1ecf29a6-9193-4a8b-9317-5dc319b94507,"{'text': 'créneau', 'context': '0. Le créneau occupé par le journal TV est 19h30-20h00. Après ça, il y a un film.', 'proba': 1.0, 'process': 'reference word'}",d34602e1-1664-42cb-b139-c5cb8bcfa2a0,8f260f5b-fc7a-4b39-81e2-fb268428dee4,2024-11-25T11:22:26.597195+00:00,"{'source': '8f260f5b-fc7a-4b39-81e2-fb268428dee4', 'selector': [{'startContainer': '/', 'endContainer': '/', 'startOffset': 89, 'endOffset': 97}]}"
bdfc7197-122f-44b5-836e-df67c1fb462d,d3ce7764-eb85-4999-b965-c028f539ee33,1ecf29a6-9193-4a8b-9317-5dc319b94507,"{'text': 'créneau', 'context': '0. Le créneau occupé par le journal TV est 19h30-20h00. Après ça, il y a un film.'}",eb9a2239-5a6c-4da5-8957-af8a90d3e880,8f260f5b-fc7a-4b39-81e2-fb268428dee4,2024-11-26T09:08:20.127338+00:00,"{'source': '8f260f5b-fc7a-4b39-81e2-fb268428dee4', 'selector': [{'startContainer': '/', 'endContainer': '/', 'startOffset': 89, 'endOffset': 96}]}"
cd58b28c-92bc-4fcf-a3db-acd7eb7d428f,default,1ecf29a6-9193-4a8b-9317-5dc319b94507,"{'text': 'créneau', 'context': '1. Est-ce que vous auriez un créneau cet après-midi pour discuter du projet ?', 'proba': 0.7}",c750946d-c7bd-42e9-9b77-2c9425fdae60,8f260f5b-fc7a-4b39-81e2-fb268428dee4,2025-02-05T14:40:57.503309,"{'source': '8f260f5b-fc7a-4b39-81e2-fb268428dee4', 'selector': [{'startContainer': '/', 'endContainer': '/', 'startOffset': 297, 'endOffset': 305}]}"
36211cd9-c374-4a8e-863b-0d35c4e511bf,d3ce7764-eb85-4999-b965-c028f539ee33,1ecf29a6-9193-4a8b-9317-5dc319b94507,"{'text': 'créneau', 'context': '0. Le créneau occupé par le journal TV est 19h30-20h00. Après ça, il y a un film.'}",e920598f-774d-4e1c-a2dc-8fb9a6f3053f,8f260f5b-fc7a-4b39-81e2-fb268428dee4,2024-11-25T09:51:44.095466+00:00,"{'source': '8f260f5b-fc7a-4b39-81e2-fb268428dee4', 'selector': [{'startContainer': '/', 'endContainer': '/', 'startOffset': 89, 'endOffset': 96}]}"
6929308d-fda7-4ee4-bf2e-dad20193e0a6,d3ce7764-eb85-4999-b965-c028f539ee33,1ecf29a6-9193-4a8b-9317-5dc319b94507,"{'text': 'créneau', 'context': '1. Est-ce que vous auriez un créneau cet après-midi pour discuter du projet ?', 'proba': 0.7}",d34602e1-1664-42cb-b139-c5cb8bcfa2a0,8f260f5b-fc7a-4b39-81e2-fb268428dee4,2024-11-25T11:22:41.634217+00:00,"{'source': '8f260f5b-fc7a-4b39-81e2-fb268428dee4', 'selector': [{'startContainer': '/', 'endContainer': '/', 'startOffset': 297, 'endOffset': 305}]}"
f8156ebf-af07-4f57-96a3-a61a23e4d646,d3ce7764-eb85-4999-b965-c028f539ee33,1ecf29a6-9193-4a8b-9317-5dc319b94507,"{'text': 'créneau', 'context': ""2. J'ai un créneau libre à 15h pour notre réunion."", 'proba': 0.7}",d34602e1-1664-42cb-b139-c5cb8bcfa2a0,8f260f5b-fc7a-4b39-81e2-fb268428dee4,2024-11-25T11:22:44.102437+00:00,"{'source': '8f260f5b-fc7a-4b39-81e2-fb268428dee4', 'selector': [{'startContainer': '/', 'endContainer': '/', 'startOffset': 460, 'endOffset': 468}]}"
61df4cb4-76dd-4711-83e4-af0c9e8efa37,d3ce7764-eb85-4999-b965-c028f539ee33,1ecf29a6-9193-4a8b-9317-5dc319b94507,"{'text': 'créneau', 'context': ""2. J'ai un créneau libre à 15h pour notre réunion.""}",e920598f-774d-4e1c-a2dc-8fb9a6f3053f,8f260f5b-fc7a-4b39-81e2-fb268428dee4,2024-11-25T09:51:48.173696+00:00,"{'source': '8f260f5b-fc7a-4b39-81e2-fb268428dee4', 'selector': [{'startContainer': '/', 'endContainer': '/', 'startOffset': 460, 'endOffset': 467}]}"
d1709dfb-8cf5-4c38-9414-0f47095eb1e3,d3ce7764-eb85-4999-b965-c028f539ee33,1ecf29a6-9193-4a8b-9317-5dc319b94507,"{'text': 'créneau', 'context': ""2. J'ai un créneau libre à 15h pour notre réunion.""}",eb9a2239-5a6c-4da5-8957-af8a90d3e880,8f260f5b-fc7a-4b39-81e2-fb268428dee4,2024-11-26T09:08:26.786713+00:00,"{'source': '8f260f5b-fc7a-4b39-81e2-fb268428dee4', 'selector': [{'startContainer': '/', 'endContainer': '/', 'startOffset': 460, 'endOffset': 467}]}"
8fe8fad5-6323-49f3-b625-bfca36792c8e,default,1ecf29a6-9193-4a8b-9317-5dc319b94507,"{'text': 'créneau', 'context': ""2. J'ai un créneau libre à 15h pour notre réunion."", 'proba': 0.7}",c750946d-c7bd-42e9-9b77-2c9425fdae60,8f260f5b-fc7a-4b39-81e2-fb268428dee4,2025-02-05T14:40:57.503449,"{'source': '8f260f5b-fc7a-4b39-81e2-fb268428dee4', 'selector': [{'startContainer': '/', 'endContainer': '/', 'startOffset': 460, 'endOffset': 468}]}"
975213ab-ebb6-4fee-a440-a6a6a49c434e,default,0,"{'text': 'créneau', 'context': '0. Le créneau occupé par le journal TV est 19h30-20h00. Après ça, il y a un film.', 'proba': 1.0, 'process': 'reference word'}",76a78473-a608-4c59-bf52-898d3dfd7121,8f260f5b-fc7a-4b39-81e2-fb268428dee4,2025-02-05T14:40:57.503208,"{'source': '8f260f5b-fc7a-4b39-81e2-fb268428dee4', 'selector': [{'startContainer': '/', 'endContainer': '/', 'startOffset': 89, 'endOffset': 97}]}"
72892246-a08a-41a9-8d51-f13f4e948e11,default,0,"{'text': 'créneau', 'context': '1. Est-ce que vous auriez un créneau cet après-midi pour discuter du projet ?', 'proba': 0.7}",76a78473-a608-4c59-bf52-898d3dfd7121,8f260f5b-fc7a-4b39-81e2-fb268428dee4,2025-02-05T14:40:57.503309,"{'source': '8f260f5b-fc7a-4b39-81e2-fb268428dee4', 'selector': [{'startContainer': '/', 'endContainer': '/', 'startOffset': 297, 'endOffset': 305}]}"
f71be080-ba01-4485-a3fa-d3fa6f3bc539,default,0,"{'text': 'créneau', 'context': ""2. J'ai un créneau libre à 15h pour notre réunion."", 'proba': 0.7}",76a78473-a608-4c59-bf52-898d3dfd7121,8f260f5b-fc7a-4b39-81e2-fb268428dee4,2025-02-05T14:40:57.503449,"{'source': '8f260f5b-fc7a-4b39-81e2-fb268428dee4', 'selector': [{'startContainer': '/', 'endContainer': '/', 'startOffset': 460, 'endOffset': 468}]}"
230f4148-4434-4509-ac7b-98786b8f4146,d3ce7764-eb85-4999-b965-c028f539ee33,1ecf29a6-9193-4a8b-9317-5dc319b94507,"{'text': 'créneau', 'context': '1. Est-ce que vous auriez un créneau cet après-midi pour discuter du projet ?'}",eb9a2239-5a6c-4da5-8957-af8a90d3e880,8f260f5b-fc7a-4b39-81e2-fb268428dee4,2024-11-26T09:08:23.745175+00:00,"{'source': '8f260f5b-fc7a-4b39-81e2-fb268428dee4', 'selector': [{'startContainer': '/', 'endContainer': '/', 'startOffset': 297, 'endOffset': 304}]}"
e7ee23fd-8530-4387-a6cc-532963c72611,d3ce7764-eb85-4999-b965-c028f539ee33,1ecf29a6-9193-4a8b-9317-5dc319b94507,"{'text': 'coupe', 'context': '0. En dessert elle a pris une grande coupe de glace.'}",e920598f-774d-4e1c-a2dc-8fb9a6f3053f,66ae9ba8-965d-4969-a73c-f83e09e7b564,2024-11-25T09:50:27.309527+00:00,"{'source': '66ae9ba8-965d-4969-a73c-f83e09e7b564', 'selector': [{'startContainer': '/', 'endContainer': '/', 'startOffset': 118, 'endOffset': 123}]}"
e4afc369-033a-484d-aba4-4f16912eb334,default,0,"{'text': 'coupe', 'context': ""1. L'équipe de foot française vient de gagner la coupe du monde, ils sont ravis."", 'proba': 1.0, 'process': 'reference word'}",76a78473-a608-4c59-bf52-898d3dfd7121,66ae9ba8-965d-4969-a73c-f83e09e7b564,2025-02-05T14:40:57.503555,"{'source': '66ae9ba8-965d-4969-a73c-f83e09e7b564', 'selector': [{'startContainer': '/', 'endContainer': '/', 'startOffset': 284, 'endOffset': 290}]}"
b9d3340e-c707-4534-8bcf-34597f9b9397,d3ce7764-eb85-4999-b965-c028f539ee33,371a5d39-6e41-427f-8e1f-6bf64504e080,"{'text': 'coupe', 'context': ""1. L'équipe de foot française vient de gagner la coupe du monde, ils sont ravis."", 'proba': 1.0, 'process': 'reference word'}",d34602e1-1664-42cb-b139-c5cb8bcfa2a0,66ae9ba8-965d-4969-a73c-f83e09e7b564,2024-11-25T11:20:49.079243+00:00,"{'source': '66ae9ba8-965d-4969-a73c-f83e09e7b564', 'selector': [{'startContainer': '/', 'endContainer': '/', 'startOffset': 284, 'endOffset': 290}]}"
fefe2ae0-d2c8-498f-818d-6e5bc2410d81,default,1,"{'text': 'coupe', 'context': '0. En dessert elle a pris une grande coupe de glace.', 'proba': 0.1}",76a78473-a608-4c59-bf52-898d3dfd7121,66ae9ba8-965d-4969-a73c-f83e09e7b564,2025-02-05T14:40:57.503660,"{'source': '66ae9ba8-965d-4969-a73c-f83e09e7b564', 'selector': [{'startContainer': '/', 'endContainer': '/', 'startOffset': 118, 'endOffset': 124}]}"
c6e069ca-82c9-4a45-9a3b-1037b7a6a206,d3ce7764-eb85-4999-b965-c028f539ee33,1ecf29a6-9193-4a8b-9317-5dc319b94507,"{'text': 'coupe', 'context': '0. En dessert elle a pris une grande coupe de glace.'}",eb9a2239-5a6c-4da5-8957-af8a90d3e880,66ae9ba8-965d-4969-a73c-f83e09e7b564,2024-11-26T09:06:39.426537+00:00,"{'source': '66ae9ba8-965d-4969-a73c-f83e09e7b564', 'selector': [{'startContainer': '/', 'endContainer': '/', 'startOffset': 118, 'endOffset': 123}]}"
79bf40b4-818e-4e22-b773-dbeb796748bb,d3ce7764-eb85-4999-b965-c028f539ee33,371a5d39-6e41-427f-8e1f-6bf64504e080,"{'text': 'coupe', 'context': ""1. L'équipe de foot française vient de gagner la coupe du monde, ils sont ravis.""}",e920598f-774d-4e1c-a2dc-8fb9a6f3053f,66ae9ba8-965d-4969-a73c-f83e09e7b564,2024-11-25T09:50:30.279982+00:00,"{'source': '66ae9ba8-965d-4969-a73c-f83e09e7b564', 'selector': [{'startContainer': '/', 'endContainer': '/', 'startOffset': 284, 'endOffset': 289}]}"
00cf548d-4b62-40a5-9939-815a22a24782,d3ce7764-eb85-4999-b965-c028f539ee33,371a5d39-6e41-427f-8e1f-6bf64504e080,"{'text': 'coupe', 'context': ""1. L'équipe de foot française vient de gagner la coupe du monde, ils sont ravis.""}",eb9a2239-5a6c-4da5-8957-af8a90d3e880,66ae9ba8-965d-4969-a73c-f83e09e7b564,2024-11-26T09:06:44.858449+00:00,"{'source': '66ae9ba8-965d-4969-a73c-f83e09e7b564', 'selector': [{'startContainer': '/', 'endContainer': '/', 'startOffset': 284, 'endOffset': 289}]}"
baf700f9-5a43-4534-a995-b23e4dcb4a6a,default,371a5d39-6e41-427f-8e1f-6bf64504e080,"{'text': 'coupe', 'context': ""1. L'équipe de foot française vient de gagner la coupe du monde, ils sont ravis."", 'proba': 1.0, 'process': 'reference word'}",c750946d-c7bd-42e9-9b77-2c9425fdae60,66ae9ba8-965d-4969-a73c-f83e09e7b564,2025-02-05T14:40:57.503555,"{'source': '66ae9ba8-965d-4969-a73c-f83e09e7b564', 'selector': [{'startContainer': '/', 'endContainer': '/', 'startOffset': 284, 'endOffset': 290}]}"
81f1d718-6775-4f73-810a-a9f0879e1eda,default,1ecf29a6-9193-4a8b-9317-5dc319b94507,"{'text': 'coupe', 'context': '0. En dessert elle a pris une grande coupe de glace.', 'proba': 0.1}",c750946d-c7bd-42e9-9b77-2c9425fdae60,66ae9ba8-965d-4969-a73c-f83e09e7b564,2025-02-05T14:40:57.503660,"{'source': '66ae9ba8-965d-4969-a73c-f83e09e7b564', 'selector': [{'startContainer': '/', 'endContainer': '/', 'startOffset': 118, 'endOffset': 124}]}"
1e88dd3c-1c59-4959-bc3a-a93f3cc1122e,d3ce7764-eb85-4999-b965-c028f539ee33,1ecf29a6-9193-4a8b-9317-5dc319b94507,"{'text': 'coupe', 'context': '0. En dessert elle a pris une grande coupe de glace.', 'proba': 0.1}",d34602e1-1664-42cb-b139-c5cb8bcfa2a0,66ae9ba8-965d-4969-a73c-f83e09e7b564,2024-11-25T11:20:45.600262+00:00,"{'source': '66ae9ba8-965d-4969-a73c-f83e09e7b564', 'selector': [{'startContainer': '/', 'endContainer': '/', 'startOffset': 118, 'endOffset': 124}]}"
ee2153cc-d89c-44c6-8af5-c8ece4f8d775,d3ce7764-eb85-4999-b965-c028f539ee33,1ecf29a6-9193-4a8b-9317-5dc319b94507,"{'text': 'coup', 'context': '0. Il a reçu un coup sur la tête.', 'proba': 1.0, 'process': 'reference word'}",d34602e1-1664-42cb-b139-c5cb8bcfa2a0,3ff396a9-fa56-46e4-b372-4ab5ec0ad952,2024-11-25T11:18:28.728001+00:00,"{'source': '3ff396a9-fa56-46e4-b372-4ab5ec0ad952', 'selector': [{'startContainer': '/', 'endContainer': '/', 'startOffset': 96, 'endOffset': 101}]}"
245fe059-d7f4-4dce-8220-393e30bfb704,default,1ecf29a6-9193-4a8b-9317-5dc319b94507,"{'text': 'coup', 'context': '0. Il a reçu un coup sur la tête.', 'proba': 1.0, 'process': 'reference word'}",c750946d-c7bd-42e9-9b77-2c9425fdae60,3ff396a9-fa56-46e4-b372-4ab5ec0ad952,2025-02-05T14:40:57.503765,"{'source': '3ff396a9-fa56-46e4-b372-4ab5ec0ad952', 'selector': [{'startContainer': '/', 'endContainer': '/', 'startOffset': 96, 'endOffset': 101}]}"
22a948d6-caf0-45e3-8983-cd556d57f260,d3ce7764-eb85-4999-b965-c028f539ee33,1ecf29a6-9193-4a8b-9317-5dc319b94507,"{'text': 'coup', 'context': '1. Il a reçu un coup sur la tête.'}",e920598f-774d-4e1c-a2dc-8fb9a6f3053f,3ff396a9-fa56-46e4-b372-4ab5ec0ad952,2024-11-25T09:49:05.241383+00:00,"{'source': '3ff396a9-fa56-46e4-b372-4ab5ec0ad952', 'selector': [{'startContainer': '/', 'endContainer': '/', 'startOffset': 230, 'endOffset': 234}]}"
d573300c-3d02-48f7-a14a-9788af2561bf,d3ce7764-eb85-4999-b965-c028f539ee33,1ecf29a6-9193-4a8b-9317-5dc319b94507,"{'text': 'coup', 'context': '1. Il a reçu un coup sur la tête.', 'proba': 1.0}",d34602e1-1664-42cb-b139-c5cb8bcfa2a0,3ff396a9-fa56-46e4-b372-4ab5ec0ad952,2024-11-25T11:18:30.362975+00:00,"{'source': '3ff396a9-fa56-46e4-b372-4ab5ec0ad952', 'selector': [{'startContainer': '/', 'endContainer': '/', 'startOffset': 230, 'endOffset': 235}]}"
a1053210-00e9-4b07-a0eb-d7f20f5c7d6b,default,0,"{'text': 'coup', 'context': '1. Il a reçu un coup sur la tête.', 'proba': 1.0}",76a78473-a608-4c59-bf52-898d3dfd7121,3ff396a9-fa56-46e4-b372-4ab5ec0ad952,2025-02-05T14:40:57.503870,"{'source': '3ff396a9-fa56-46e4-b372-4ab5ec0ad952', 'selector': [{'startContainer': '/', 'endContainer': '/', 'startOffset': 230, 'endOffset': 235}]}"
5d030b35-8ac8-4e81-b758-e5164e57f9ff,default,1ecf29a6-9193-4a8b-9317-5dc319b94507,"{'text': 'coup', 'context': '1. Il a reçu un coup sur la tête.', 'proba': 1.0}",c750946d-c7bd-42e9-9b77-2c9425fdae60,3ff396a9-fa56-46e4-b372-4ab5ec0ad952,2025-02-05T14:40:57.503870,"{'source': '3ff396a9-fa56-46e4-b372-4ab5ec0ad952', 'selector': [{'startContainer': '/', 'endContainer': '/', 'startOffset': 230, 'endOffset': 235}]}"
50a103e4-67ee-40e0-b42f-b1213b16201e,default,0,"{'text': 'coup', 'context': '0. Il a reçu un coup sur la tête.', 'proba': 1.0, 'process': 'reference word'}",76a78473-a608-4c59-bf52-898d3dfd7121,3ff396a9-fa56-46e4-b372-4ab5ec0ad952,2025-02-05T14:40:57.503765,"{'source': '3ff396a9-fa56-46e4-b372-4ab5ec0ad952', 'selector': [{'startContainer': '/', 'endContainer': '/', 'startOffset': 96, 'endOffset': 101}]}"
83ac4937-3130-4dba-9c43-c23cdb1ce3d1,default,0,"{'text': 'coup', 'context': '2. Sam et Dan se sont battus. Sam a donné un coup de poing à Dan.', 'proba': 0.8}",76a78473-a608-4c59-bf52-898d3dfd7121,3ff396a9-fa56-46e4-b372-4ab5ec0ad952,2025-02-05T14:40:57.503970,"{'source': '3ff396a9-fa56-46e4-b372-4ab5ec0ad952', 'selector': [{'startContainer': '/', 'endContainer': '/', 'startOffset': 393, 'endOffset': 398}]}"
662f6f9f-b0c1-4a9f-aaa9-7c23c1e88d3f,d3ce7764-eb85-4999-b965-c028f539ee33,1ecf29a6-9193-4a8b-9317-5dc319b94507,"{'text': 'coup', 'context': '2. Sam et Dan se sont battus. Sam a donné un coup de poing à Dan.', 'proba': 0.8}",d34602e1-1664-42cb-b139-c5cb8bcfa2a0,3ff396a9-fa56-46e4-b372-4ab5ec0ad952,2024-11-25T11:18:35.387453+00:00,"{'source': '3ff396a9-fa56-46e4-b372-4ab5ec0ad952', 'selector': [{'startContainer': '/', 'endContainer': '/', 'startOffset': 393, 'endOffset': 398}]}"
f238f955-de33-48d8-9245-221500165c39,d3ce7764-eb85-4999-b965-c028f539ee33,1ecf29a6-9193-4a8b-9317-5dc319b94507,"{'text': 'coup', 'context': '0. Il a reçu un coup sur la tête.'}",eb9a2239-5a6c-4da5-8957-af8a90d3e880,3ff396a9-fa56-46e4-b372-4ab5ec0ad952,2024-11-26T09:04:28.441760+00:00,"{'source': '3ff396a9-fa56-46e4-b372-4ab5ec0ad952', 'selector': [{'startContainer': '/', 'endContainer': '/', 'startOffset': 96, 'endOffset': 100}]}"
450f4ad4-5e7c-4d0f-9293-7fc94d31d752,default,1ecf29a6-9193-4a8b-9317-5dc319b94507,"{'text': 'coup', 'context': '2. Sam et Dan se sont battus. Sam a donné un coup de poing à Dan.', 'proba': 0.8}",c750946d-c7bd-42e9-9b77-2c9425fdae60,3ff396a9-fa56-46e4-b372-4ab5ec0ad952,2025-02-05T14:40:57.503970,"{'source': '3ff396a9-fa56-46e4-b372-4ab5ec0ad952', 'selector': [{'startContainer': '/', 'endContainer': '/', 'startOffset': 393, 'endOffset': 398}]}"
cf4e5754-79d8-47ec-a1de-a98b3f1d03bd,d3ce7764-eb85-4999-b965-c028f539ee33,1ecf29a6-9193-4a8b-9317-5dc319b94507,"{'text': 'coup', 'context': '2. Sam et Dan se sont battus. Sam a donné un coup de poing à Dan.'}",e920598f-774d-4e1c-a2dc-8fb9a6f3053f,3ff396a9-fa56-46e4-b372-4ab5ec0ad952,2024-11-25T09:49:09.457787+00:00,"{'source': '3ff396a9-fa56-46e4-b372-4ab5ec0ad952', 'selector': [{'startContainer': '/', 'endContainer': '/', 'startOffset': 393, 'endOffset': 397}]}"
112610e6-e274-4f8a-9552-fee96c707050,d3ce7764-eb85-4999-b965-c028f539ee33,1ecf29a6-9193-4a8b-9317-5dc319b94507,"{'text': 'coup', 'context': '1. Il a reçu un coup sur la tête.'}",eb9a2239-5a6c-4da5-8957-af8a90d3e880,3ff396a9-fa56-46e4-b372-4ab5ec0ad952,2024-11-26T09:04:30.983948+00:00,"{'source': '3ff396a9-fa56-46e4-b372-4ab5ec0ad952', 'selector': [{'startContainer': '/', 'endContainer': '/', 'startOffset': 230, 'endOffset': 234}]}"
40da7566-1ce6-47c4-baba-ad43cb30c4af,d3ce7764-eb85-4999-b965-c028f539ee33,1ecf29a6-9193-4a8b-9317-5dc319b94507,"{'text': 'coup', 'context': '0. Il a reçu un coup sur la tête.'}",e920598f-774d-4e1c-a2dc-8fb9a6f3053f,3ff396a9-fa56-46e4-b372-4ab5ec0ad952,2024-11-25T09:49:03.675892+00:00,"{'source': '3ff396a9-fa56-46e4-b372-4ab5ec0ad952', 'selector': [{'startContainer': '/', 'endContainer': '/', 'startOffset': 96, 'endOffset': 100}]}"
58ff68e0-345c-4ba8-9d54-916fe84c07d5,d3ce7764-eb85-4999-b965-c028f539ee33,1ecf29a6-9193-4a8b-9317-5dc319b94507,"{'text': 'coup', 'context': '2. Sam et Dan se sont battus. Sam a donné un coup de poing à Dan.'}",eb9a2239-5a6c-4da5-8957-af8a90d3e880,3ff396a9-fa56-46e4-b372-4ab5ec0ad952,2024-11-26T09:05:01.490135+00:00,"{'source': '3ff396a9-fa56-46e4-b372-4ab5ec0ad952', 'selector': [{'startContainer': '/', 'endContainer': '/', 'startOffset': 393, 'endOffset': 397}]}"
1ba5843d-42a6-4fa8-a77e-2d5959964c75,d3ce7764-eb85-4999-b965-c028f539ee33,1ecf29a6-9193-4a8b-9317-5dc319b94507,"{'text': 'club', 'context': ""0. Je fais partie d'un club de lecture qui se réunit chaque mois.""}",eb9a2239-5a6c-4da5-8957-af8a90d3e880,bd051235-7bb1-48d6-8ad6-b5ab27cf0fac,2024-11-26T09:12:20.545142+00:00,"{'source': 'bd051235-7bb1-48d6-8ad6-b5ab27cf0fac', 'selector': [{'startContainer': '/', 'endContainer': '/', 'startOffset': 103, 'endOffset': 107}]}"
186b5622-53b4-4845-b959-13abcbec31fa,d3ce7764-eb85-4999-b965-c028f539ee33,1ecf29a6-9193-4a8b-9317-5dc319b94507,"{'text': 'club', 'context': ""0. Je fais partie d'un club de lecture qui se réunit chaque mois.""}",e920598f-774d-4e1c-a2dc-8fb9a6f3053f,bd051235-7bb1-48d6-8ad6-b5ab27cf0fac,2024-11-25T10:15:38.229521+00:00,"{'source': 'bd051235-7bb1-48d6-8ad6-b5ab27cf0fac', 'selector': [{'startContainer': '/', 'endContainer': '/', 'startOffset': 103, 'endOffset': 107}]}"
6c96f0e9-e9ef-4b74-9a51-6054fa84656a,d3ce7764-eb85-4999-b965-c028f539ee33,1ecf29a6-9193-4a8b-9317-5dc319b94507,"{'text': 'club', 'context': ""1. Je suis membre d'un club de lecture.""}",e920598f-774d-4e1c-a2dc-8fb9a6f3053f,bd051235-7bb1-48d6-8ad6-b5ab27cf0fac,2024-11-25T10:15:39.741236+00:00,"{'source': 'bd051235-7bb1-48d6-8ad6-b5ab27cf0fac', 'selector': [{'startContainer': '/', 'endContainer': '/', 'startOffset': 269, 'endOffset': 273}]}"
a4903dd8-8fc4-46ac-9fe4-9078d087ec58,default,0,"{'text': 'club', 'context': ""0. Je fais partie d'un club de lecture qui se réunit chaque mois."", 'proba': 0.95}",76a78473-a608-4c59-bf52-898d3dfd7121,bd051235-7bb1-48d6-8ad6-b5ab27cf0fac,2025-02-05T14:40:57.504193,"{'source': 'bd051235-7bb1-48d6-8ad6-b5ab27cf0fac', 'selector': [{'startContainer': '/', 'endContainer': '/', 'startOffset': 103, 'endOffset': 108}]}"
20189f92-24eb-426b-9605-f38038f39de9,d3ce7764-eb85-4999-b965-c028f539ee33,1ecf29a6-9193-4a8b-9317-5dc319b94507,"{'text': 'club', 'context': ""1. Je suis membre d'un club de lecture.""}",eb9a2239-5a6c-4da5-8957-af8a90d3e880,bd051235-7bb1-48d6-8ad6-b5ab27cf0fac,2024-11-26T09:12:22.942525+00:00,"{'source': 'bd051235-7bb1-48d6-8ad6-b5ab27cf0fac', 'selector': [{'startContainer': '/', 'endContainer': '/', 'startOffset': 269, 'endOffset': 273}]}"
273472f0-ed66-4d14-8c9e-092cf570de7d,d3ce7764-eb85-4999-b965-c028f539ee33,1ecf29a6-9193-4a8b-9317-5dc319b94507,"{'text': 'club', 'context': ""1. Je suis membre d'un club de lecture."", 'proba': 1.0, 'process': 'reference word'}",d34602e1-1664-42cb-b139-c5cb8bcfa2a0,bd051235-7bb1-48d6-8ad6-b5ab27cf0fac,2024-11-25T11:24:57.064638+00:00,"{'source': 'bd051235-7bb1-48d6-8ad6-b5ab27cf0fac', 'selector': [{'startContainer': '/', 'endContainer': '/', 'startOffset': 269, 'endOffset': 274}]}"
c1bfcac5-bdce-4b6f-aa92-7f05b6e7cf39,default,0,"{'text': 'club', 'context': ""1. Je suis membre d'un club de lecture."", 'proba': 1.0, 'process': 'reference word'}",76a78473-a608-4c59-bf52-898d3dfd7121,bd051235-7bb1-48d6-8ad6-b5ab27cf0fac,2025-02-05T14:40:57.504074,"{'source': 'bd051235-7bb1-48d6-8ad6-b5ab27cf0fac', 'selector': [{'startContainer': '/', 'endContainer': '/', 'startOffset': 269, 'endOffset': 274}]}"
77ccd733-e894-4dcb-a609-e898e3c6ac0d,default,1ecf29a6-9193-4a8b-9317-5dc319b94507,"{'text': 'club', 'context': ""1. Je suis membre d'un club de lecture."", 'proba': 1.0, 'process': 'reference word'}",c750946d-c7bd-42e9-9b77-2c9425fdae60,bd051235-7bb1-48d6-8ad6-b5ab27cf0fac,2025-02-05T14:40:57.504074,"{'source': 'bd051235-7bb1-48d6-8ad6-b5ab27cf0fac', 'selector': [{'startContainer': '/', 'endContainer': '/', 'startOffset': 269, 'endOffset': 274}]}"
c2275ef2-0f1e-400e-8ebe-de057b50f3a1,d3ce7764-eb85-4999-b965-c028f539ee33,1ecf29a6-9193-4a8b-9317-5dc319b94507,"{'text': 'club', 'context': ""0. Je fais partie d'un club de lecture qui se réunit chaque mois."", 'proba': 0.95}",d34602e1-1664-42cb-b139-c5cb8bcfa2a0,bd051235-7bb1-48d6-8ad6-b5ab27cf0fac,2024-11-25T11:24:54.388061+00:00,"{'source': 'bd051235-7bb1-48d6-8ad6-b5ab27cf0fac', 'selector': [{'startContainer': '/', 'endContainer': '/', 'startOffset': 103, 'endOffset': 108}]}"
cf6db184-2562-4305-974b-7b042673c362,default,1ecf29a6-9193-4a8b-9317-5dc319b94507,"{'text': 'club', 'context': ""0. Je fais partie d'un club de lecture qui se réunit chaque mois."", 'proba': 0.95}",c750946d-c7bd-42e9-9b77-2c9425fdae60,bd051235-7bb1-48d6-8ad6-b5ab27cf0fac,2025-02-05T14:40:57.504193,"{'source': 'bd051235-7bb1-48d6-8ad6-b5ab27cf0fac', 'selector': [{'startContainer': '/', 'endContainer': '/', 'startOffset': 103, 'endOffset': 108}]}"
63215c19-5b41-4ecb-b354-060726b31ecb,d3ce7764-eb85-4999-b965-c028f539ee33,1ecf29a6-9193-4a8b-9317-5dc319b94507,"{'text': 'chapeau', 'context': '0. Il porte un chapeau rouge.'}",eb9a2239-5a6c-4da5-8957-af8a90d3e880,7bb5a1f1-6d7c-4c8c-8527-3d833d526a1c,2024-11-26T09:07:51.543195+00:00,"{'source': '7bb5a1f1-6d7c-4c8c-8527-3d833d526a1c', 'selector': [{'startContainer': '/', 'endContainer': '/', 'startOffset': 98, 'endOffset': 105}]}"
98ca56f0-2c82-4c59-9046-fd1b4bf1b246,default,1ecf29a6-9193-4a8b-9317-5dc319b94507,"{'text': 'chapeau', 'context': '0. Il porte un chapeau rouge.', 'proba': 1.0, 'process': 'reference word'}",c750946d-c7bd-42e9-9b77-2c9425fdae60,7bb5a1f1-6d7c-4c8c-8527-3d833d526a1c,2025-02-05T14:40:57.504338,"{'source': '7bb5a1f1-6d7c-4c8c-8527-3d833d526a1c', 'selector': [{'startContainer': '/', 'endContainer': '/', 'startOffset': 98, 'endOffset': 106}]}"
51017f8c-e943-4303-99a9-bbde43ab4708,d3ce7764-eb85-4999-b965-c028f539ee33,1ecf29a6-9193-4a8b-9317-5dc319b94507,"{'text': 'chapeau', 'context': '0. Il porte un chapeau rouge.', 'proba': 1.0, 'process': 'reference word'}",d34602e1-1664-42cb-b139-c5cb8bcfa2a0,7bb5a1f1-6d7c-4c8c-8527-3d833d526a1c,2024-11-25T11:22:04.843555+00:00,"{'source': '7bb5a1f1-6d7c-4c8c-8527-3d833d526a1c', 'selector': [{'startContainer': '/', 'endContainer': '/', 'startOffset': 98, 'endOffset': 106}]}"
e2c3a03b-3f47-4aeb-b91f-896ae57a5afa,d3ce7764-eb85-4999-b965-c028f539ee33,1ecf29a6-9193-4a8b-9317-5dc319b94507,"{'text': 'chapeau', 'context': '1. Il porte un chapeau rouge.'}",eb9a2239-5a6c-4da5-8957-af8a90d3e880,7bb5a1f1-6d7c-4c8c-8527-3d833d526a1c,2024-11-26T09:07:54.047705+00:00,"{'source': '7bb5a1f1-6d7c-4c8c-8527-3d833d526a1c', 'selector': [{'startContainer': '/', 'endContainer': '/', 'startOffset': 231, 'endOffset': 238}]}"
6a3db003-86f7-4d0b-b5ce-13fcc34fb175,default,1ecf29a6-9193-4a8b-9317-5dc319b94507,"{'text': 'chapeau', 'context': '1. Il porte un chapeau rouge.', 'proba': 1.0}",c750946d-c7bd-42e9-9b77-2c9425fdae60,7bb5a1f1-6d7c-4c8c-8527-3d833d526a1c,2025-02-05T14:40:57.504460,"{'source': '7bb5a1f1-6d7c-4c8c-8527-3d833d526a1c', 'selector': [{'startContainer': '/', 'endContainer': '/', 'startOffset': 231, 'endOffset': 239}]}"
81101d2b-5626-4031-b07c-37b8c3e50f99,d3ce7764-eb85-4999-b965-c028f539ee33,1ecf29a6-9193-4a8b-9317-5dc319b94507,"{'text': 'chapeau', 'context': '1. Il porte un chapeau rouge.'}",e920598f-774d-4e1c-a2dc-8fb9a6f3053f,7bb5a1f1-6d7c-4c8c-8527-3d833d526a1c,2024-11-25T09:51:24.728306+00:00,"{'source': '7bb5a1f1-6d7c-4c8c-8527-3d833d526a1c', 'selector': [{'startContainer': '/', 'endContainer': '/', 'startOffset': 231, 'endOffset': 238}]}"
aa37c7c1-798f-4dc5-acab-78d910d31bca,d3ce7764-eb85-4999-b965-c028f539ee33,1ecf29a6-9193-4a8b-9317-5dc319b94507,"{'text': 'chapeau', 'context': '1. Il porte un chapeau rouge.', 'proba': 1.0}",d34602e1-1664-42cb-b139-c5cb8bcfa2a0,7bb5a1f1-6d7c-4c8c-8527-3d833d526a1c,2024-11-25T11:22:06.328832+00:00,"{'source': '7bb5a1f1-6d7c-4c8c-8527-3d833d526a1c', 'selector': [{'startContainer': '/', 'endContainer': '/', 'startOffset': 231, 'endOffset': 239}]}"
874193ca-8068-4be3-8f05-5eb98917270a,default,0,"{'text': 'chapeau', 'context': '0. Il porte un chapeau rouge.', 'proba': 1.0, 'process': 'reference word'}",76a78473-a608-4c59-bf52-898d3dfd7121,7bb5a1f1-6d7c-4c8c-8527-3d833d526a1c,2025-02-05T14:40:57.504338,"{'source': '7bb5a1f1-6d7c-4c8c-8527-3d833d526a1c', 'selector': [{'startContainer': '/', 'endContainer': '/', 'startOffset': 98, 'endOffset': 106}]}"
7f973b9e-7e1f-4ca4-bc5b-373c4f3a698a,default,0,"{'text': 'chapeau', 'context': '1. Il porte un chapeau rouge.', 'proba': 1.0}",76a78473-a608-4c59-bf52-898d3dfd7121,7bb5a1f1-6d7c-4c8c-8527-3d833d526a1c,2025-02-05T14:40:57.504460,"{'source': '7bb5a1f1-6d7c-4c8c-8527-3d833d526a1c', 'selector': [{'startContainer': '/', 'endContainer': '/', 'startOffset': 231, 'endOffset': 239}]}"
83e1d366-573b-4990-b88d-99d4126ee4ff,d3ce7764-eb85-4999-b965-c028f539ee33,1ecf29a6-9193-4a8b-9317-5dc319b94507,"{'text': 'chapeau', 'context': '0. Il porte un chapeau rouge.'}",e920598f-774d-4e1c-a2dc-8fb9a6f3053f,7bb5a1f1-6d7c-4c8c-8527-3d833d526a1c,2024-11-25T09:51:22.963324+00:00,"{'source': '7bb5a1f1-6d7c-4c8c-8527-3d833d526a1c', 'selector': [{'startContainer': '/', 'endContainer': '/', 'startOffset': 98, 'endOffset': 105}]}"
85ec1994-f30d-43e5-80d8-83716ed81b53,default,1,"{'text': 'cadre', 'context': '0. Un cadre est une personne qui a des fonctions de direction dans une entreprise.', 'proba': 0.1}",76a78473-a608-4c59-bf52-898d3dfd7121,4a35fa31-9e12-4734-9109-438b14364358,2025-02-05T14:40:57.504655,"{'source': '4a35fa31-9e12-4734-9109-438b14364358', 'selector': [{'startContainer': '/', 'endContainer': '/', 'startOffset': 87, 'endOffset': 93}]}"
13abec02-7505-4791-ab2c-ad0a1ab6b98b,d3ce7764-eb85-4999-b965-c028f539ee33,371a5d39-6e41-427f-8e1f-6bf64504e080,"{'text': 'cadres', 'context': '1. Ma mère a accroché plusieurs cadres avec des photos dans son salon.'}",e920598f-774d-4e1c-a2dc-8fb9a6f3053f,4a35fa31-9e12-4734-9109-438b14364358,2024-11-25T09:49:47.284116+00:00,"{'source': '4a35fa31-9e12-4734-9109-438b14364358', 'selector': [{'startContainer': '/', 'endContainer': '/', 'startOffset': 297, 'endOffset': 303}]}"
3fedc5fa-606d-428e-95f7-1cd5201e65e2,d3ce7764-eb85-4999-b965-c028f539ee33,1ecf29a6-9193-4a8b-9317-5dc319b94507,"{'text': 'cadre', 'context': '0. Un cadre est une personne qui a des fonctions de direction dans une entreprise.'}",eb9a2239-5a6c-4da5-8957-af8a90d3e880,4a35fa31-9e12-4734-9109-438b14364358,2024-11-26T09:05:50.920001+00:00,"{'source': '4a35fa31-9e12-4734-9109-438b14364358', 'selector': [{'startContainer': '/', 'endContainer': '/', 'startOffset': 87, 'endOffset': 92}]}"
c341ddc3-4cf6-4e27-81ad-775a763ec932,default,0,"{'text': 'cadres', 'context': '1. Ma mère a accroché plusieurs cadres avec des photos dans son salon.', 'proba': 1.0, 'process': 'reference word'}",76a78473-a608-4c59-bf52-898d3dfd7121,4a35fa31-9e12-4734-9109-438b14364358,2025-02-05T14:40:57.504578,"{'source': '4a35fa31-9e12-4734-9109-438b14364358', 'selector': [{'startContainer': '/', 'endContainer': '/', 'startOffset': 297, 'endOffset': 304}]}"
538bbcb7-ccf1-4b7c-a9c4-a670bb5646ed,default,371a5d39-6e41-427f-8e1f-6bf64504e080,"{'text': 'cadres', 'context': '1. Ma mère a accroché plusieurs cadres avec des photos dans son salon.', 'proba': 1.0, 'process': 'reference word'}",c750946d-c7bd-42e9-9b77-2c9425fdae60,4a35fa31-9e12-4734-9109-438b14364358,2025-02-05T14:40:57.504578,"{'source': '4a35fa31-9e12-4734-9109-438b14364358', 'selector': [{'startContainer': '/', 'endContainer': '/', 'startOffset': 297, 'endOffset': 304}]}"
2bfcafcd-15b1-4d2d-a7a7-32513c7993ff,d3ce7764-eb85-4999-b965-c028f539ee33,371a5d39-6e41-427f-8e1f-6bf64504e080,"{'text': 'cadres', 'context': '1. Ma mère a accroché plusieurs cadres avec des photos dans son salon.'}",eb9a2239-5a6c-4da5-8957-af8a90d3e880,4a35fa31-9e12-4734-9109-438b14364358,2024-11-26T09:05:54.043014+00:00,"{'source': '4a35fa31-9e12-4734-9109-438b14364358', 'selector': [{'startContainer': '/', 'endContainer': '/', 'startOffset': 297, 'endOffset': 303}]}"
208f94a1-db0b-4838-9333-639fa889b730,d3ce7764-eb85-4999-b965-c028f539ee33,1ecf29a6-9193-4a8b-9317-5dc319b94507,"{'text': 'cadre', 'context': '0. Un cadre est une personne qui a des fonctions de direction dans une entreprise.'}",e920598f-774d-4e1c-a2dc-8fb9a6f3053f,4a35fa31-9e12-4734-9109-438b14364358,2024-11-25T09:49:44.800907+00:00,"{'source': '4a35fa31-9e12-4734-9109-438b14364358', 'selector': [{'startContainer': '/', 'endContainer': '/', 'startOffset': 87, 'endOffset': 92}]}"
6da3a389-7047-4745-86e6-38483a733ccc,default,1ecf29a6-9193-4a8b-9317-5dc319b94507,"{'text': 'cadre', 'context': '0. Un cadre est une personne qui a des fonctions de direction dans une entreprise.', 'proba': 0.1}",c750946d-c7bd-42e9-9b77-2c9425fdae60,4a35fa31-9e12-4734-9109-438b14364358,2025-02-05T14:40:57.504655,"{'source': '4a35fa31-9e12-4734-9109-438b14364358', 'selector': [{'startContainer': '/', 'endContainer': '/', 'startOffset': 87, 'endOffset': 93}]}"
16679529-ac0a-483a-888e-eb166dca13e4,d3ce7764-eb85-4999-b965-c028f539ee33,371a5d39-6e41-427f-8e1f-6bf64504e080,"{'text': 'cadres', 'context': '1. Ma mère a accroché plusieurs cadres avec des photos dans son salon.', 'proba': 1.0, 'process': 'reference word'}",d34602e1-1664-42cb-b139-c5cb8bcfa2a0,4a35fa31-9e12-4734-9109-438b14364358,2024-11-25T11:19:40.076900+00:00,"{'source': '4a35fa31-9e12-4734-9109-438b14364358', 'selector': [{'startContainer': '/', 'endContainer': '/', 'startOffset': 297, 'endOffset': 304}]}"
762f023e-c847-466b-aca2-a3d1175e0a85,d3ce7764-eb85-4999-b965-c028f539ee33,1ecf29a6-9193-4a8b-9317-5dc319b94507,"{'text': 'cadre', 'context': '0. Un cadre est une personne qui a des fonctions de direction dans une entreprise.', 'proba': 0.1}",d34602e1-1664-42cb-b139-c5cb8bcfa2a0,4a35fa31-9e12-4734-9109-438b14364358,2024-11-25T11:19:35.712103+00:00,"{'source': '4a35fa31-9e12-4734-9109-438b14364358', 'selector': [{'startContainer': '/', 'endContainer': '/', 'startOffset': 87, 'endOffset': 93}]}"
44ec8fed-5f44-4edf-bf82-17ebe8238366,default,1ecf29a6-9193-4a8b-9317-5dc319b94507,"{'text': 'cachet', 'context': '0. Un cachet est un genre de médicament qu’on avale avec de l’eau.', 'proba': 1.0, 'process': 'reference word'}",c750946d-c7bd-42e9-9b77-2c9425fdae60,b774c5bd-516c-406a-9f6d-f2d0cdfe5d2f,2025-02-05T14:40:57.504861,"{'source': 'b774c5bd-516c-406a-9f6d-f2d0cdfe5d2f', 'selector': [{'startContainer': '/', 'endContainer': '/', 'startOffset': 88, 'endOffset': 95}]}"
3441f44d-9b38-4458-9741-f84ed169ab94,default,1,"{'text': 'cachet', 'context': '1. Après avoir travaillé dans un premier film, je vais recevoir un cachet de 2 500€.', 'proba': 0.2}",76a78473-a608-4c59-bf52-898d3dfd7121,b774c5bd-516c-406a-9f6d-f2d0cdfe5d2f,2025-02-05T14:40:57.504760,"{'source': 'b774c5bd-516c-406a-9f6d-f2d0cdfe5d2f', 'selector': [{'startContainer': '/', 'endContainer': '/', 'startOffset': 318, 'endOffset': 325}]}"
89a07888-5e67-4329-bb6e-75839664b732,d3ce7764-eb85-4999-b965-c028f539ee33,371a5d39-6e41-427f-8e1f-6bf64504e080,"{'text': 'cachet', 'context': '1. Après avoir travaillé dans un premier film, je vais recevoir un cachet de 2 500€.'}",e920598f-774d-4e1c-a2dc-8fb9a6f3053f,b774c5bd-516c-406a-9f6d-f2d0cdfe5d2f,2024-11-25T10:15:01.133288+00:00,"{'source': 'b774c5bd-516c-406a-9f6d-f2d0cdfe5d2f', 'selector': [{'startContainer': '/', 'endContainer': '/', 'startOffset': 318, 'endOffset': 324}]}"
cf169c7f-3062-494e-8d9a-14b7fe241b84,d3ce7764-eb85-4999-b965-c028f539ee33,371a5d39-6e41-427f-8e1f-6bf64504e080,"{'text': 'cachet', 'context': '1. Après avoir travaillé dans un premier film, je vais recevoir un cachet de 2 500€.'}",eb9a2239-5a6c-4da5-8957-af8a90d3e880,b774c5bd-516c-406a-9f6d-f2d0cdfe5d2f,2024-11-26T09:10:16.003870+00:00,"{'source': 'b774c5bd-516c-406a-9f6d-f2d0cdfe5d2f', 'selector': [{'startContainer': '/', 'endContainer': '/', 'startOffset': 318, 'endOffset': 324}]}"
85664995-6535-4e25-aa16-1804d94afea1,d3ce7764-eb85-4999-b965-c028f539ee33,371a5d39-6e41-427f-8e1f-6bf64504e080,"{'text': 'cachet', 'context': '1. Après avoir travaillé dans un premier film, je vais recevoir un cachet de 2 500€.', 'proba': 0.2}",d34602e1-1664-42cb-b139-c5cb8bcfa2a0,b774c5bd-516c-406a-9f6d-f2d0cdfe5d2f,2024-11-25T11:24:20.167788+00:00,"{'source': 'b774c5bd-516c-406a-9f6d-f2d0cdfe5d2f', 'selector': [{'startContainer': '/', 'endContainer': '/', 'startOffset': 318, 'endOffset': 325}]}"
f30a7c0f-2144-4de0-af33-b31b07d5f9e7,d3ce7764-eb85-4999-b965-c028f539ee33,1ecf29a6-9193-4a8b-9317-5dc319b94507,"{'text': 'cachet', 'context': '0. Un cachet est un genre de médicament qu’on avale avec de l’eau.', 'proba': 1.0, 'process': 'reference word'}",d34602e1-1664-42cb-b139-c5cb8bcfa2a0,b774c5bd-516c-406a-9f6d-f2d0cdfe5d2f,2024-11-25T11:24:04.320963+00:00,"{'source': 'b774c5bd-516c-406a-9f6d-f2d0cdfe5d2f', 'selector': [{'startContainer': '/', 'endContainer': '/', 'startOffset': 88, 'endOffset': 95}]}"
962f4723-980c-43e1-9c7c-8230b3ceb97e,d3ce7764-eb85-4999-b965-c028f539ee33,1ecf29a6-9193-4a8b-9317-5dc319b94507,"{'text': 'cachet', 'context': '0. Un cachet est un genre de médicament qu’on avale avec de l’eau.'}",eb9a2239-5a6c-4da5-8957-af8a90d3e880,b774c5bd-516c-406a-9f6d-f2d0cdfe5d2f,2024-11-26T09:10:12.882780+00:00,"{'source': 'b774c5bd-516c-406a-9f6d-f2d0cdfe5d2f', 'selector': [{'startContainer': '/', 'endContainer': '/', 'startOffset': 88, 'endOffset': 94}]}"
4c1e3107-5f6e-494c-abb0-920219278ad8,default,0,"{'text': 'cachet', 'context': '0. Un cachet est un genre de médicament qu’on avale avec de l’eau.', 'proba': 1.0, 'process': 'reference word'}",76a78473-a608-4c59-bf52-898d3dfd7121,b774c5bd-516c-406a-9f6d-f2d0cdfe5d2f,2025-02-05T14:40:57.504861,"{'source': 'b774c5bd-516c-406a-9f6d-f2d0cdfe5d2f', 'selector': [{'startContainer': '/', 'endContainer': '/', 'startOffset': 88, 'endOffset': 95}]}"
f37a9bf7-db1c-47dc-a479-d4bb8c825003,d3ce7764-eb85-4999-b965-c028f539ee33,1ecf29a6-9193-4a8b-9317-5dc319b94507,"{'text': 'cachet', 'context': '0. Un cachet est un genre de médicament qu’on avale avec de l’eau.'}",e920598f-774d-4e1c-a2dc-8fb9a6f3053f,b774c5bd-516c-406a-9f6d-f2d0cdfe5d2f,2024-11-25T10:14:57.659948+00:00,"{'source': 'b774c5bd-516c-406a-9f6d-f2d0cdfe5d2f', 'selector': [{'startContainer': '/', 'endContainer': '/', 'startOffset': 88, 'endOffset': 94}]}"
02c0d954-3c31-44f5-823c-ffde44f78f24,default,371a5d39-6e41-427f-8e1f-6bf64504e080,"{'text': 'cachet', 'context': '1. Après avoir travaillé dans un premier film, je vais recevoir un cachet de 2 500€.', 'proba': 0.2}",c750946d-c7bd-42e9-9b77-2c9425fdae60,b774c5bd-516c-406a-9f6d-f2d0cdfe5d2f,2025-02-05T14:40:57.504760,"{'source': 'b774c5bd-516c-406a-9f6d-f2d0cdfe5d2f', 'selector': [{'startContainer': '/', 'endContainer': '/', 'startOffset': 318, 'endOffset': 325}]}"
97e4b0ef-edb7-4e88-bfa1-5dd5537942c5,d3ce7764-eb85-4999-b965-c028f539ee33,371a5d39-6e41-427f-8e1f-6bf64504e080,"{'text': 'bureau', 'context': '1. Je travaille dans mon bureau, personne n’a le droit d’y entrer.'}",eb9a2239-5a6c-4da5-8957-af8a90d3e880,8f10296d-6a14-4d3f-876f-491080c63e35,2024-11-26T09:08:09.774391+00:00,"{'source': '8f10296d-6a14-4d3f-876f-491080c63e35', 'selector': [{'startContainer': '/', 'endContainer': '/', 'startOffset': 263, 'endOffset': 269}]}"
27261f76-420f-4e9f-9f88-4648321681d3,default,0,"{'text': 'bureau', 'context': '2. Je travaille dans un bureau.', 'proba': 1.0, 'process': 'reference word'}",76a78473-a608-4c59-bf52-898d3dfd7121,8f10296d-6a14-4d3f-876f-491080c63e35,2025-02-05T14:40:57.504969,"{'source': '8f10296d-6a14-4d3f-876f-491080c63e35', 'selector': [{'startContainer': '/', 'endContainer': '/', 'startOffset': 431, 'endOffset': 437}]}"
ec446dd3-4912-4e93-b2fe-68b9ba50d3d1,default,371a5d39-6e41-427f-8e1f-6bf64504e080,"{'text': 'bureau', 'context': '2. Je travaille dans un bureau.', 'proba': 1.0, 'process': 'reference word'}",c750946d-c7bd-42e9-9b77-2c9425fdae60,8f10296d-6a14-4d3f-876f-491080c63e35,2025-02-05T14:40:57.504969,"{'source': '8f10296d-6a14-4d3f-876f-491080c63e35', 'selector': [{'startContainer': '/', 'endContainer': '/', 'startOffset': 431, 'endOffset': 437}]}"
7888c2b2-888f-4889-9150-3622432c6718,d3ce7764-eb85-4999-b965-c028f539ee33,1ecf29a6-9193-4a8b-9317-5dc319b94507,"{'text': 'bureau', 'context': ""0. J'ai mis mon ordinateur est sur le nouveau bureau.""}",eb9a2239-5a6c-4da5-8957-af8a90d3e880,8f10296d-6a14-4d3f-876f-491080c63e35,2024-11-26T09:08:06.048348+00:00,"{'source': '8f10296d-6a14-4d3f-876f-491080c63e35', 'selector': [{'startContainer': '/', 'endContainer': '/', 'startOffset': 128, 'endOffset': 134}]}"
6afd8c6d-cb09-44ba-8963-0875c1b37dc9,default,0,"{'text': 'bureau', 'context': ""0. J'ai mis mon ordinateur est sur le nouveau bureau."", 'proba': 0.9}",76a78473-a608-4c59-bf52-898d3dfd7121,8f10296d-6a14-4d3f-876f-491080c63e35,2025-02-05T14:40:57.505170,"{'source': '8f10296d-6a14-4d3f-876f-491080c63e35', 'selector': [{'startContainer': '/', 'endContainer': '/', 'startOffset': 128, 'endOffset': 134}]}"
023cbc44-aac0-4261-9871-ecb31d28234c,d3ce7764-eb85-4999-b965-c028f539ee33,371a5d39-6e41-427f-8e1f-6bf64504e080,"{'text': 'bureau', 'context': '2. Je travaille dans un bureau.'}",eb9a2239-5a6c-4da5-8957-af8a90d3e880,8f10296d-6a14-4d3f-876f-491080c63e35,2024-11-26T09:08:13.205189+00:00,"{'source': '8f10296d-6a14-4d3f-876f-491080c63e35', 'selector': [{'startContainer': '/', 'endContainer': '/', 'startOffset': 431, 'endOffset': 437}]}"
bbca5402-2f98-4d85-8572-05d52e7b9f9a,default,371a5d39-6e41-427f-8e1f-6bf64504e080,"{'text': 'bureau', 'context': '1. Je travaille dans mon bureau, personne n’a le droit d’y entrer.', 'proba': 0.9}",c750946d-c7bd-42e9-9b77-2c9425fdae60,8f10296d-6a14-4d3f-876f-491080c63e35,2025-02-05T14:40:57.505070,"{'source': '8f10296d-6a14-4d3f-876f-491080c63e35', 'selector': [{'startContainer': '/', 'endContainer': '/', 'startOffset': 263, 'endOffset': 269}]}"
7ff9d6ee-af37-4eae-a9f7-377d5f119bb4,d3ce7764-eb85-4999-b965-c028f539ee33,371a5d39-6e41-427f-8e1f-6bf64504e080,"{'text': 'bureau', 'context': '2. Je travaille dans un bureau.', 'proba': 1.0, 'process': 'reference word'}",d34602e1-1664-42cb-b139-c5cb8bcfa2a0,8f10296d-6a14-4d3f-876f-491080c63e35,2024-11-25T11:22:20.726802+00:00,"{'source': '8f10296d-6a14-4d3f-876f-491080c63e35', 'selector': [{'startContainer': '/', 'endContainer': '/', 'startOffset': 431, 'endOffset': 437}]}"
03b6e28a-de0f-4b86-8f52-5487c39bb349,d3ce7764-eb85-4999-b965-c028f539ee33,371a5d39-6e41-427f-8e1f-6bf64504e080,"{'text': 'bureau', 'context': '1. Je travaille dans mon bureau, personne n’a le droit d’y entrer.', 'proba': 0.9}",d34602e1-1664-42cb-b139-c5cb8bcfa2a0,8f10296d-6a14-4d3f-876f-491080c63e35,2024-11-25T11:22:16.320410+00:00,"{'source': '8f10296d-6a14-4d3f-876f-491080c63e35', 'selector': [{'startContainer': '/', 'endContainer': '/', 'startOffset': 263, 'endOffset': 269}]}"
3d3541e4-4a4b-4114-baf5-40c162fd9af6,default,1ecf29a6-9193-4a8b-9317-5dc319b94507,"{'text': 'bureau', 'context': ""0. J'ai mis mon ordinateur est sur le nouveau bureau."", 'proba': 0.9}",c750946d-c7bd-42e9-9b77-2c9425fdae60,8f10296d-6a14-4d3f-876f-491080c63e35,2025-02-05T14:40:57.505170,"{'source': '8f10296d-6a14-4d3f-876f-491080c63e35', 'selector': [{'startContainer': '/', 'endContainer': '/', 'startOffset': 128, 'endOffset': 134}]}"
cbe43f39-2101-4d7d-8857-d86cded383cb,d3ce7764-eb85-4999-b965-c028f539ee33,1ecf29a6-9193-4a8b-9317-5dc319b94507,"{'text': 'bureau', 'context': '1. Je travaille dans mon bureau, personne n’a le droit d’y entrer.'}",e920598f-774d-4e1c-a2dc-8fb9a6f3053f,8f10296d-6a14-4d3f-876f-491080c63e35,2024-11-25T09:51:31.864129+00:00,"{'source': '8f10296d-6a14-4d3f-876f-491080c63e35', 'selector': [{'startContainer': '/', 'endContainer': '/', 'startOffset': 263, 'endOffset': 269}]}"
cadae3db-81ef-454b-bc65-ff473b1fe7f6,d3ce7764-eb85-4999-b965-c028f539ee33,1ecf29a6-9193-4a8b-9317-5dc319b94507,"{'text': 'bureau', 'context': '2. Je travaille dans un bureau.'}",e920598f-774d-4e1c-a2dc-8fb9a6f3053f,8f10296d-6a14-4d3f-876f-491080c63e35,2024-11-25T09:51:33.483534+00:00,"{'source': '8f10296d-6a14-4d3f-876f-491080c63e35', 'selector': [{'startContainer': '/', 'endContainer': '/', 'startOffset': 431, 'endOffset': 437}]}"
9392781f-d1c0-41d2-8653-906cbb72adf3,default,0,"{'text': 'bureau', 'context': '1. Je travaille dans mon bureau, personne n’a le droit d’y entrer.', 'proba': 0.9}",76a78473-a608-4c59-bf52-898d3dfd7121,8f10296d-6a14-4d3f-876f-491080c63e35,2025-02-05T14:40:57.505070,"{'source': '8f10296d-6a14-4d3f-876f-491080c63e35', 'selector': [{'startContainer': '/', 'endContainer': '/', 'startOffset': 263, 'endOffset': 269}]}"
d2aff5a7-802d-44f5-a240-dc8781f43097,d3ce7764-eb85-4999-b965-c028f539ee33,1ecf29a6-9193-4a8b-9317-5dc319b94507,"{'text': 'bureau', 'context': ""0. J'ai mis mon ordinateur est sur le nouveau bureau."", 'proba': 0.9}",d34602e1-1664-42cb-b139-c5cb8bcfa2a0,8f10296d-6a14-4d3f-876f-491080c63e35,2024-11-25T11:22:13.746881+00:00,"{'source': '8f10296d-6a14-4d3f-876f-491080c63e35', 'selector': [{'startContainer': '/', 'endContainer': '/', 'startOffset': 128, 'endOffset': 134}]}"
b8dad22b-6354-45c9-9786-4b2371b12740,d3ce7764-eb85-4999-b965-c028f539ee33,371a5d39-6e41-427f-8e1f-6bf64504e080,"{'text': 'bureau', 'context': ""0. J'ai mis mon ordinateur est sur le nouveau bureau.""}",e920598f-774d-4e1c-a2dc-8fb9a6f3053f,8f10296d-6a14-4d3f-876f-491080c63e35,2024-11-25T09:51:38.671339+00:00,"{'source': '8f10296d-6a14-4d3f-876f-491080c63e35', 'selector': [{'startContainer': '/', 'endContainer': '/', 'startOffset': 128, 'endOffset': 134}]}"
14e227ee-ed20-432c-bdf3-c97b8cbcc8e5,d3ce7764-eb85-4999-b965-c028f539ee33,371a5d39-6e41-427f-8e1f-6bf64504e080,"{'text': 'balle', 'context': ""1. La balle est partie et l'homme s'est retrouvé blessé.""}",e920598f-774d-4e1c-a2dc-8fb9a6f3053f,c4ff29a4-722a-4396-8bc2-b6ae2958621a,2024-11-25T10:15:56.993987+00:00,"{'source': 'c4ff29a4-722a-4396-8bc2-b6ae2958621a', 'selector': [{'startContainer': '/', 'endContainer': '/', 'startOffset': 238, 'endOffset': 243}]}"
4d183856-5d7d-4873-85ba-2e2f9445679b,d3ce7764-eb85-4999-b965-c028f539ee33,1ecf29a6-9193-4a8b-9317-5dc319b94507,"{'text': 'balle', 'context': '0. Le golfeur a perdu sa balle dans les buissons.'}",eb9a2239-5a6c-4da5-8957-af8a90d3e880,c4ff29a4-722a-4396-8bc2-b6ae2958621a,2024-11-26T09:12:46.054615+00:00,"{'source': 'c4ff29a4-722a-4396-8bc2-b6ae2958621a', 'selector': [{'startContainer': '/', 'endContainer': '/', 'startOffset': 106, 'endOffset': 111}]}"
82294955-1d81-4083-acf3-e5550fe5fba7,d3ce7764-eb85-4999-b965-c028f539ee33,371a5d39-6e41-427f-8e1f-6bf64504e080,"{'text': 'balle', 'context': ""1. La balle est partie et l'homme s'est retrouvé blessé."", 'proba': 1.0, 'process': 'reference word'}",d34602e1-1664-42cb-b139-c5cb8bcfa2a0,c4ff29a4-722a-4396-8bc2-b6ae2958621a,2024-11-25T11:25:16.551387+00:00,"{'source': 'c4ff29a4-722a-4396-8bc2-b6ae2958621a', 'selector': [{'startContainer': '/', 'endContainer': '/', 'startOffset': 238, 'endOffset': 244}]}"
aad9dece-4cbf-4adf-b744-dcf99b735c33,default,0,"{'text': 'balle', 'context': ""1. La balle est partie et l'homme s'est retrouvé blessé."", 'proba': 1.0, 'process': 'reference word'}",76a78473-a608-4c59-bf52-898d3dfd7121,c4ff29a4-722a-4396-8bc2-b6ae2958621a,2025-02-05T14:40:57.505275,"{'source': 'c4ff29a4-722a-4396-8bc2-b6ae2958621a', 'selector': [{'startContainer': '/', 'endContainer': '/', 'startOffset': 238, 'endOffset': 244}]}"
9770c748-9f82-484f-8f5d-112c6f273753,d3ce7764-eb85-4999-b965-c028f539ee33,1ecf29a6-9193-4a8b-9317-5dc319b94507,"{'text': 'balle', 'context': '0. Le golfeur a perdu sa balle dans les buissons.', 'proba': 0.2}",d34602e1-1664-42cb-b139-c5cb8bcfa2a0,c4ff29a4-722a-4396-8bc2-b6ae2958621a,2024-11-25T11:25:08.020971+00:00,"{'source': 'c4ff29a4-722a-4396-8bc2-b6ae2958621a', 'selector': [{'startContainer': '/', 'endContainer': '/', 'startOffset': 106, 'endOffset': 112}]}"
dd217c96-fdef-4f4d-bc4a-7923e55449e5,default,1,"{'text': 'balle', 'context': '0. Le golfeur a perdu sa balle dans les buissons.', 'proba': 0.2}",76a78473-a608-4c59-bf52-898d3dfd7121,c4ff29a4-722a-4396-8bc2-b6ae2958621a,2025-02-05T14:40:57.505375,"{'source': 'c4ff29a4-722a-4396-8bc2-b6ae2958621a', 'selector': [{'startContainer': '/', 'endContainer': '/', 'startOffset': 106, 'endOffset': 112}]}"
d711e68b-63aa-46cb-a860-fb30449ccd17,default,371a5d39-6e41-427f-8e1f-6bf64504e080,"{'text': 'balle', 'context': ""1. La balle est partie et l'homme s'est retrouvé blessé."", 'proba': 1.0, 'process': 'reference word'}",c750946d-c7bd-42e9-9b77-2c9425fdae60,c4ff29a4-722a-4396-8bc2-b6ae2958621a,2025-02-05T14:40:57.505275,"{'source': 'c4ff29a4-722a-4396-8bc2-b6ae2958621a', 'selector': [{'startContainer': '/', 'endContainer': '/', 'startOffset': 238, 'endOffset': 244}]}"
38cf47e6-7d88-4999-ac9b-1743f70538c8,d3ce7764-eb85-4999-b965-c028f539ee33,1ecf29a6-9193-4a8b-9317-5dc319b94507,"{'text': 'balle', 'context': '0. Le golfeur a perdu sa balle dans les buissons.'}",e920598f-774d-4e1c-a2dc-8fb9a6f3053f,c4ff29a4-722a-4396-8bc2-b6ae2958621a,2024-11-25T10:15:53.839987+00:00,"{'source': 'c4ff29a4-722a-4396-8bc2-b6ae2958621a', 'selector': [{'startContainer': '/', 'endContainer': '/', 'startOffset': 106, 'endOffset': 111}]}"
8fcd6679-a9b8-42f8-9f1c-52cf8c00d3d1,default,1ecf29a6-9193-4a8b-9317-5dc319b94507,"{'text': 'balle', 'context': '0. Le golfeur a perdu sa balle dans les buissons.', 'proba': 0.2}",c750946d-c7bd-42e9-9b77-2c9425fdae60,c4ff29a4-722a-4396-8bc2-b6ae2958621a,2025-02-05T14:40:57.505375,"{'source': 'c4ff29a4-722a-4396-8bc2-b6ae2958621a', 'selector': [{'startContainer': '/', 'endContainer': '/', 'startOffset': 106, 'endOffset': 112}]}"
17879679-c70e-4d83-aa5f-3a007e786a96,d3ce7764-eb85-4999-b965-c028f539ee33,1ecf29a6-9193-4a8b-9317-5dc319b94507,"{'text': 'balle', 'context': ""1. La balle est partie et l'homme s'est retrouvé blessé.""}",eb9a2239-5a6c-4da5-8957-af8a90d3e880,c4ff29a4-722a-4396-8bc2-b6ae2958621a,2024-11-26T09:12:51.109113+00:00,"{'source': 'c4ff29a4-722a-4396-8bc2-b6ae2958621a', 'selector': [{'startContainer': '/', 'endContainer': '/', 'startOffset': 238, 'endOffset': 243}]}"
ce5f511a-13d4-4315-a40c-34f45b0b501b,default,1ecf29a6-9193-4a8b-9317-5dc319b94507,"{'text': 'avocat', 'context': '0. L’avocat est un fruit vert, ni sucré ni salé, qui se mange dans les salades.', 'proba': 1.0, 'process': 'reference word'}",c750946d-c7bd-42e9-9b77-2c9425fdae60,567afa2e-ebb4-44a0-b799-a4471ace371b,2025-02-05T14:40:57.505479,"{'source': '567afa2e-ebb4-44a0-b799-a4471ace371b', 'selector': [{'startContainer': '/', 'endContainer': '/', 'startOffset': 87, 'endOffset': 94}]}"
8618f1c0-c62f-43cb-b995-1e46fe16cb59,default,0,"{'text': 'avocat', 'context': '0. L’avocat est un fruit vert, ni sucré ni salé, qui se mange dans les salades.', 'proba': 1.0, 'process': 'reference word'}",76a78473-a608-4c59-bf52-898d3dfd7121,567afa2e-ebb4-44a0-b799-a4471ace371b,2025-02-05T14:40:57.505479,"{'source': '567afa2e-ebb4-44a0-b799-a4471ace371b', 'selector': [{'startContainer': '/', 'endContainer': '/', 'startOffset': 87, 'endOffset': 94}]}"
cc8a1290-fa13-4444-9eff-a5707b35756d,d3ce7764-eb85-4999-b965-c028f539ee33,371a5d39-6e41-427f-8e1f-6bf64504e080,"{'text': 'avocat', 'context': '1. Ma femme et moi, on divorce. On a chacun fait appel à un avocat.'}",eb9a2239-5a6c-4da5-8957-af8a90d3e880,567afa2e-ebb4-44a0-b799-a4471ace371b,2024-11-26T09:06:32.082919+00:00,"{'source': '567afa2e-ebb4-44a0-b799-a4471ace371b', 'selector': [{'startContainer': '/', 'endContainer': '/', 'startOffset': 324, 'endOffset': 330}]}"
667ea13c-6ec6-4d65-8cb9-e32cc4203eab,default,371a5d39-6e41-427f-8e1f-6bf64504e080,"{'text': 'avocat', 'context': '1. Ma femme et moi, on divorce. On a chacun fait appel à un avocat.', 'proba': 0.1}",c750946d-c7bd-42e9-9b77-2c9425fdae60,567afa2e-ebb4-44a0-b799-a4471ace371b,2025-02-05T14:40:57.505580,"{'source': '567afa2e-ebb4-44a0-b799-a4471ace371b', 'selector': [{'startContainer': '/', 'endContainer': '/', 'startOffset': 324, 'endOffset': 330}]}"
1962d804-d805-4664-9e72-8c00b3b3072e,d3ce7764-eb85-4999-b965-c028f539ee33,1ecf29a6-9193-4a8b-9317-5dc319b94507,"{'text': 'avocat', 'context': '0. L’avocat est un fruit vert, ni sucré ni salé, qui se mange dans les salades.'}",e920598f-774d-4e1c-a2dc-8fb9a6f3053f,567afa2e-ebb4-44a0-b799-a4471ace371b,2024-11-25T09:50:17.617893+00:00,"{'source': '567afa2e-ebb4-44a0-b799-a4471ace371b', 'selector': [{'startContainer': '/', 'endContainer': '/', 'startOffset': 87, 'endOffset': 93}]}"
6d92806c-5c47-49b6-9252-85643820f428,d3ce7764-eb85-4999-b965-c028f539ee33,371a5d39-6e41-427f-8e1f-6bf64504e080,"{'text': 'avocat', 'context': '1. Ma femme et moi, on divorce. On a chacun fait appel à un avocat.'}",e920598f-774d-4e1c-a2dc-8fb9a6f3053f,567afa2e-ebb4-44a0-b799-a4471ace371b,2024-11-25T09:50:20.965484+00:00,"{'source': '567afa2e-ebb4-44a0-b799-a4471ace371b', 'selector': [{'startContainer': '/', 'endContainer': '/', 'startOffset': 324, 'endOffset': 330}]}"
9f4756d3-9102-4190-b4a3-3b400428278b,d3ce7764-eb85-4999-b965-c028f539ee33,1ecf29a6-9193-4a8b-9317-5dc319b94507,"{'text': 'avocat', 'context': '0. L’avocat est un fruit vert, ni sucré ni salé, qui se mange dans les salades.', 'proba': 1.0, 'process': 'reference word'}",d34602e1-1664-42cb-b139-c5cb8bcfa2a0,567afa2e-ebb4-44a0-b799-a4471ace371b,2024-11-25T11:20:23.399699+00:00,"{'source': '567afa2e-ebb4-44a0-b799-a4471ace371b', 'selector': [{'startContainer': '/', 'endContainer': '/', 'startOffset': 87, 'endOffset': 94}]}"
1a8527e8-5c1f-4959-9dfb-0f28f849b239,d3ce7764-eb85-4999-b965-c028f539ee33,371a5d39-6e41-427f-8e1f-6bf64504e080,"{'text': 'avocat', 'context': '1. Ma femme et moi, on divorce. On a chacun fait appel à un avocat.', 'proba': 0.1}",d34602e1-1664-42cb-b139-c5cb8bcfa2a0,567afa2e-ebb4-44a0-b799-a4471ace371b,2024-11-25T11:20:26.182995+00:00,"{'source': '567afa2e-ebb4-44a0-b799-a4471ace371b', 'selector': [{'startContainer': '/', 'endContainer': '/', 'startOffset': 324, 'endOffset': 330}]}"
a7ba0666-0737-4613-a9d3-dd85f9ae8e99,default,1,"{'text': 'avocat', 'context': '1. Ma femme et moi, on divorce. On a chacun fait appel à un avocat.', 'proba': 0.1}",76a78473-a608-4c59-bf52-898d3dfd7121,567afa2e-ebb4-44a0-b799-a4471ace371b,2025-02-05T14:40:57.505580,"{'source': '567afa2e-ebb4-44a0-b799-a4471ace371b', 'selector': [{'startContainer': '/', 'endContainer': '/', 'startOffset': 324, 'endOffset': 330}]}"
46730bcf-6338-45c2-aaf2-f03254f4faa3,d3ce7764-eb85-4999-b965-c028f539ee33,1ecf29a6-9193-4a8b-9317-5dc319b94507,"{'text': 'avocat', 'context': '0. L’avocat est un fruit vert, ni sucré ni salé, qui se mange dans les salades.'}",eb9a2239-5a6c-4da5-8957-af8a90d3e880,567afa2e-ebb4-44a0-b799-a4471ace371b,2024-11-26T09:06:28.107123+00:00,"{'source': '567afa2e-ebb4-44a0-b799-a4471ace371b', 'selector': [{'startContainer': '/', 'endContainer': '/', 'startOffset': 87, 'endOffset': 93}]}"
913a8a3f-8e6a-489c-a639-d67320a4d84f,d3ce7764-eb85-4999-b965-c028f539ee33,1ecf29a6-9193-4a8b-9317-5dc319b94507,"{'text': 'an', 'context': '0. Le jour de mon anniversaire, j’ai un an de plus.'}",e920598f-774d-4e1c-a2dc-8fb9a6f3053f,35d7fe6b-3f88-46dc-ad76-8e5423e8362c,2024-11-25T09:48:21.200310+00:00,"{'source': '35d7fe6b-3f88-46dc-ad76-8e5423e8362c', 'selector': [{'startContainer': '/', 'endContainer': '/', 'startOffset': 118, 'endOffset': 120}]}"
c755936b-a2e3-44b0-a41a-75ccc9f625a2,default,1,"{'text': 'an', 'context': '0. Le jour de mon anniversaire, j’ai un an de plus.', 'proba': 0.1}",76a78473-a608-4c59-bf52-898d3dfd7121,35d7fe6b-3f88-46dc-ad76-8e5423e8362c,2025-02-05T14:40:57.505748,"{'source': '35d7fe6b-3f88-46dc-ad76-8e5423e8362c', 'selector': [{'startContainer': '/', 'endContainer': '/', 'startOffset': 118, 'endOffset': 121}]}"
eb9a1237-b7c5-4e0a-b7ed-3b82b7908214,default,0,"{'text': 'ans', 'context': '1. Il a vingt ans.', 'proba': 1.0, 'process': 'reference word'}",76a78473-a608-4c59-bf52-898d3dfd7121,35d7fe6b-3f88-46dc-ad76-8e5423e8362c,2025-02-05T14:40:57.505675,"{'source': '35d7fe6b-3f88-46dc-ad76-8e5423e8362c', 'selector': [{'startContainer': '/', 'endContainer': '/', 'startOffset': 242, 'endOffset': 245}]}"
1a0889a8-259f-4370-8dca-8a8ceaac4464,d3ce7764-eb85-4999-b965-c028f539ee33,1ecf29a6-9193-4a8b-9317-5dc319b94507,"{'text': 'ans', 'context': '1. Il a vingt ans.', 'proba': 1.0, 'process': 'reference word'}",d34602e1-1664-42cb-b139-c5cb8bcfa2a0,35d7fe6b-3f88-46dc-ad76-8e5423e8362c,2024-11-25T11:16:57.257891+00:00,"{'source': '35d7fe6b-3f88-46dc-ad76-8e5423e8362c', 'selector': [{'startContainer': '/', 'endContainer': '/', 'startOffset': 242, 'endOffset': 245}]}"
92f43c55-91d8-447b-bcb6-2ae30d2d91a6,d3ce7764-eb85-4999-b965-c028f539ee33,1ecf29a6-9193-4a8b-9317-5dc319b94507,"{'text': 'an', 'context': '0. Le jour de mon anniversaire, j’ai un an de plus.', 'proba': 0.1}",d34602e1-1664-42cb-b139-c5cb8bcfa2a0,35d7fe6b-3f88-46dc-ad76-8e5423e8362c,2024-11-25T11:16:54.360901+00:00,"{'source': '35d7fe6b-3f88-46dc-ad76-8e5423e8362c', 'selector': [{'startContainer': '/', 'endContainer': '/', 'startOffset': 118, 'endOffset': 121}]}"
31e4ce2f-b916-467e-b99d-20e845742627,default,1ecf29a6-9193-4a8b-9317-5dc319b94507,"{'text': 'ans', 'context': '1. Il a vingt ans.', 'proba': 1.0, 'process': 'reference word'}",c750946d-c7bd-42e9-9b77-2c9425fdae60,35d7fe6b-3f88-46dc-ad76-8e5423e8362c,2025-02-05T14:40:57.505675,"{'source': '35d7fe6b-3f88-46dc-ad76-8e5423e8362c', 'selector': [{'startContainer': '/', 'endContainer': '/', 'startOffset': 242, 'endOffset': 245}]}"
62baf0e3-ad5a-42c7-b1f0-8c59ab13fc75,d3ce7764-eb85-4999-b965-c028f539ee33,1ecf29a6-9193-4a8b-9317-5dc319b94507,"{'text': 'ans', 'context': '1. Il a vingt ans.'}",eb9a2239-5a6c-4da5-8957-af8a90d3e880,35d7fe6b-3f88-46dc-ad76-8e5423e8362c,2024-11-26T09:03:44.192952+00:00,"{'source': '35d7fe6b-3f88-46dc-ad76-8e5423e8362c', 'selector': [{'startContainer': '/', 'endContainer': '/', 'startOffset': 242, 'endOffset': 245}]}"
52cb671b-2a80-432d-8a52-2bdafd3798f9,d3ce7764-eb85-4999-b965-c028f539ee33,1ecf29a6-9193-4a8b-9317-5dc319b94507,"{'text': 'ans', 'context': '1. Il a vingt ans.'}",e920598f-774d-4e1c-a2dc-8fb9a6f3053f,35d7fe6b-3f88-46dc-ad76-8e5423e8362c,2024-11-25T09:48:24.499893+00:00,"{'source': '35d7fe6b-3f88-46dc-ad76-8e5423e8362c', 'selector': [{'startContainer': '/', 'endContainer': '/', 'startOffset': 242, 'endOffset': 245}]}"
efe19619-c27f-4aa2-be09-8fa75735e892,default,1ecf29a6-9193-4a8b-9317-5dc319b94507,"{'text': 'an', 'context': '0. Le jour de mon anniversaire, j’ai un an de plus.', 'proba': 0.1}",c750946d-c7bd-42e9-9b77-2c9425fdae60,35d7fe6b-3f88-46dc-ad76-8e5423e8362c,2025-02-05T14:40:57.505748,"{'source': '35d7fe6b-3f88-46dc-ad76-8e5423e8362c', 'selector': [{'startContainer': '/', 'endContainer': '/', 'startOffset': 118, 'endOffset': 121}]}"
6b6bcd91-c227-4eb8-bc16-cdd0bd8848e7,d3ce7764-eb85-4999-b965-c028f539ee33,1ecf29a6-9193-4a8b-9317-5dc319b94507,"{'text': 'an', 'context': '0. Le jour de mon anniversaire, j’ai un an de plus.'}",eb9a2239-5a6c-4da5-8957-af8a90d3e880,35d7fe6b-3f88-46dc-ad76-8e5423e8362c,2024-11-26T09:03:41.600059+00:00,"{'source': '35d7fe6b-3f88-46dc-ad76-8e5423e8362c', 'selector': [{'startContainer': '/', 'endContainer': '/', 'startOffset': 118, 'endOffset': 120}]}"
1927cc4e-1b30-48f5-a034-4a61129cfa0b,default,371a5d39-6e41-427f-8e1f-6bf64504e080,"{'text': 'alliances', 'context': '1. En temps de guerre, les Etats font des alliances pour s’aider et se soutenir entre eux.', 'proba': 1.0, 'process': 'reference word'}",c750946d-c7bd-42e9-9b77-2c9425fdae60,3b3a7103-d6d5-41fd-999c-4a82a5932e1a,2025-02-05T14:40:57.505892,"{'source': '3b3a7103-d6d5-41fd-999c-4a82a5932e1a', 'selector': [{'startContainer': '/', 'endContainer': '/', 'startOffset': 272, 'endOffset': 282}]}"
db5ca65c-1311-4d79-b4cb-aa34267cf5cc,default,0,"{'text': 'alliances', 'context': '1. En temps de guerre, les Etats font des alliances pour s’aider et se soutenir entre eux.', 'proba': 1.0, 'process': 'reference word'}",76a78473-a608-4c59-bf52-898d3dfd7121,3b3a7103-d6d5-41fd-999c-4a82a5932e1a,2025-02-05T14:40:57.505892,"{'source': '3b3a7103-d6d5-41fd-999c-4a82a5932e1a', 'selector': [{'startContainer': '/', 'endContainer': '/', 'startOffset': 272, 'endOffset': 282}]}"
757ff525-81f7-4678-b1ae-2f052de721da,default,1,"{'text': 'alliance', 'context': '0. Une alliance est une bague de mariage.', 'proba': 0.1}",76a78473-a608-4c59-bf52-898d3dfd7121,3b3a7103-d6d5-41fd-999c-4a82a5932e1a,2025-02-05T14:40:57.505841,"{'source': '3b3a7103-d6d5-41fd-999c-4a82a5932e1a', 'selector': [{'startContainer': '/', 'endContainer': '/', 'startOffset': 91, 'endOffset': 100}]}"
2b01e2e1-d76e-45ff-a93a-b31d0296602a,d3ce7764-eb85-4999-b965-c028f539ee33,1ecf29a6-9193-4a8b-9317-5dc319b94507,"{'text': 'alliance', 'context': '0. Une alliance est une bague de mariage.'}",e920598f-774d-4e1c-a2dc-8fb9a6f3053f,3b3a7103-d6d5-41fd-999c-4a82a5932e1a,2024-11-25T09:48:28.928774+00:00,"{'source': '3b3a7103-d6d5-41fd-999c-4a82a5932e1a', 'selector': [{'startContainer': '/', 'endContainer': '/', 'startOffset': 91, 'endOffset': 99}]}"
00279744-d66c-4309-9e84-92b2bbb20dc3,d3ce7764-eb85-4999-b965-c028f539ee33,371a5d39-6e41-427f-8e1f-6bf64504e080,"{'text': 'alliances', 'context': '1. En temps de guerre, les Etats font des alliances pour s’aider et se soutenir entre eux.'}",e920598f-774d-4e1c-a2dc-8fb9a6f3053f,3b3a7103-d6d5-41fd-999c-4a82a5932e1a,2024-11-25T09:48:31.138929+00:00,"{'source': '3b3a7103-d6d5-41fd-999c-4a82a5932e1a', 'selector': [{'startContainer': '/', 'endContainer': '/', 'startOffset': 272, 'endOffset': 281}]}"
38196a3e-41ea-4d3c-9768-493c7e9a9887,d3ce7764-eb85-4999-b965-c028f539ee33,1ecf29a6-9193-4a8b-9317-5dc319b94507,"{'text': 'alliance', 'context': '0. Une alliance est une bague de mariage.', 'proba': 0.1}",d34602e1-1664-42cb-b139-c5cb8bcfa2a0,3b3a7103-d6d5-41fd-999c-4a82a5932e1a,2024-11-25T11:17:04.392202+00:00,"{'source': '3b3a7103-d6d5-41fd-999c-4a82a5932e1a', 'selector': [{'startContainer': '/', 'endContainer': '/', 'startOffset': 91, 'endOffset': 100}]}"
8e88c932-8a4b-4b84-ab1f-96b3d2448534,d3ce7764-eb85-4999-b965-c028f539ee33,1ecf29a6-9193-4a8b-9317-5dc319b94507,"{'text': 'alliance', 'context': '0. Une alliance est une bague de mariage.'}",eb9a2239-5a6c-4da5-8957-af8a90d3e880,3b3a7103-d6d5-41fd-999c-4a82a5932e1a,2024-11-26T09:03:51.241416+00:00,"{'source': '3b3a7103-d6d5-41fd-999c-4a82a5932e1a', 'selector': [{'startContainer': '/', 'endContainer': '/', 'startOffset': 91, 'endOffset': 99}]}"
19648ea3-20bb-4923-bcca-dddf267dcd36,default,1ecf29a6-9193-4a8b-9317-5dc319b94507,"{'text': 'alliance', 'context': '0. Une alliance est une bague de mariage.', 'proba': 0.1}",c750946d-c7bd-42e9-9b77-2c9425fdae60,3b3a7103-d6d5-41fd-999c-4a82a5932e1a,2025-02-05T14:40:57.505841,"{'source': '3b3a7103-d6d5-41fd-999c-4a82a5932e1a', 'selector': [{'startContainer': '/', 'endContainer': '/', 'startOffset': 91, 'endOffset': 100}]}"
260fc0fb-8993-487c-905c-7b995469bff4,d3ce7764-eb85-4999-b965-c028f539ee33,371a5d39-6e41-427f-8e1f-6bf64504e080,"{'text': 'alliances', 'context': '1. En temps de guerre, les Etats font des alliances pour s’aider et se soutenir entre eux.'}",eb9a2239-5a6c-4da5-8957-af8a90d3e880,3b3a7103-d6d5-41fd-999c-4a82a5932e1a,2024-11-26T09:03:54.055708+00:00,"{'source': '3b3a7103-d6d5-41fd-999c-4a82a5932e1a', 'selector': [{'startContainer': '/', 'endContainer': '/', 'startOffset': 272, 'endOffset': 281}]}"
1296f619-79a4-4bea-9a87-69f38b68b5de,d3ce7764-eb85-4999-b965-c028f539ee33,371a5d39-6e41-427f-8e1f-6bf64504e080,"{'text': 'alliances', 'context': '1. En temps de guerre, les Etats font des alliances pour s’aider et se soutenir entre eux.', 'proba': 1.0, 'process': 'reference word'}",d34602e1-1664-42cb-b139-c5cb8bcfa2a0,3b3a7103-d6d5-41fd-999c-4a82a5932e1a,2024-11-25T11:17:06.839529+00:00,"{'source': '3b3a7103-d6d5-41fd-999c-4a82a5932e1a', 'selector': [{'startContainer': '/', 'endContainer': '/', 'startOffset': 272, 'endOffset': 282}]}"
e4edc9aa-428b-4b10-8f67-e1599f4a6449,d3ce7764-eb85-4999-b965-c028f539ee33,1ecf29a6-9193-4a8b-9317-5dc319b94507,"{'text': 'posé un lapin', 'context': ""1. Serge n'est pas venu au rendez-vous, il m'a posé un lapin.""}",eb9a2239-5a6c-4da5-8957-af8a90d3e880,6e5f71db-980f-4300-b462-ba98d91dfe06,2024-11-26T09:07:11.480955+00:00,"{'source': '6e5f71db-980f-4300-b462-ba98d91dfe06', 'selector': [{'startContainer': '/', 'endContainer': '/', 'startOffset': 332, 'endOffset': 345}]}"
53fddfbe-0cbb-43e8-8f04-21376a546e64,d3ce7764-eb85-4999-b965-c028f539ee33,1ecf29a6-9193-4a8b-9317-5dc319b94507,"{'text': 'posé', 'context': ""1. Serge n'est pas venu au rendez-vous, il m'a posé un lapin."", 'proba': 1.0, 'process': 'reference word'}",d34602e1-1664-42cb-b139-c5cb8bcfa2a0,6e5f71db-980f-4300-b462-ba98d91dfe06,2024-11-25T11:21:34.770963+00:00,"{'source': '6e5f71db-980f-4300-b462-ba98d91dfe06', 'selector': [{'startContainer': '/', 'endContainer': '/', 'startOffset': 332, 'endOffset': 337}]}"
f9bf6745-4f5e-412c-8398-cfe5996e459d,default,1ecf29a6-9193-4a8b-9317-5dc319b94507,"{'text': 'posé', 'context': ""1. Serge n'est pas venu au rendez-vous, il m'a posé un lapin."", 'proba': 1.0, 'process': 'reference word'}",c750946d-c7bd-42e9-9b77-2c9425fdae60,6e5f71db-980f-4300-b462-ba98d91dfe06,2025-02-05T14:40:57.505933,"{'source': '6e5f71db-980f-4300-b462-ba98d91dfe06', 'selector': [{'startContainer': '/', 'endContainer': '/', 'startOffset': 332, 'endOffset': 337}]}"
bbde5fba-372e-483e-ab81-1be90495d4ca,default,1ecf29a6-9193-4a8b-9317-5dc319b94507,"{'text': 'pose', 'context': ""0. C'est la dernière fois qu'il me pose un lapin, j'en ai marre de sortir pour rien."", 'proba': 0.9}",c750946d-c7bd-42e9-9b77-2c9425fdae60,6e5f71db-980f-4300-b462-ba98d91dfe06,2025-02-05T14:40:57.505968,"{'source': '6e5f71db-980f-4300-b462-ba98d91dfe06', 'selector': [{'startContainer': '/', 'endContainer': '/', 'startOffset': 125, 'endOffset': 130}]}"
c5c96b7c-f587-4f29-83b9-478e4c777deb,d3ce7764-eb85-4999-b965-c028f539ee33,1ecf29a6-9193-4a8b-9317-5dc319b94507,"{'text': 'pose un lapin', 'context': ""0. C'est la dernière fois qu'il me pose un lapin, j'en ai marre de sortir pour rien.""}",e920598f-774d-4e1c-a2dc-8fb9a6f3053f,6e5f71db-980f-4300-b462-ba98d91dfe06,2024-11-25T09:50:50.347769+00:00,"{'source': '6e5f71db-980f-4300-b462-ba98d91dfe06', 'selector': [{'startContainer': '/', 'endContainer': '/', 'startOffset': 125, 'endOffset': 138}]}"
d7bce4ec-1abe-478c-9c68-e9ab53d3db44,default,0,"{'text': 'pose', 'context': ""0. C'est la dernière fois qu'il me pose un lapin, j'en ai marre de sortir pour rien."", 'proba': 0.9}",76a78473-a608-4c59-bf52-898d3dfd7121,6e5f71db-980f-4300-b462-ba98d91dfe06,2025-02-05T14:40:57.505968,"{'source': '6e5f71db-980f-4300-b462-ba98d91dfe06', 'selector': [{'startContainer': '/', 'endContainer': '/', 'startOffset': 125, 'endOffset': 130}]}"
5ff33551-d01e-4fd7-b712-3e3ddf6d8bfd,d3ce7764-eb85-4999-b965-c028f539ee33,1ecf29a6-9193-4a8b-9317-5dc319b94507,"{'text': 'pose', 'context': ""0. C'est la dernière fois qu'il me pose un lapin, j'en ai marre de sortir pour rien."", 'proba': 0.9}",d34602e1-1664-42cb-b139-c5cb8bcfa2a0,6e5f71db-980f-4300-b462-ba98d91dfe06,2024-11-25T11:21:25.847754+00:00,"{'source': '6e5f71db-980f-4300-b462-ba98d91dfe06', 'selector': [{'startContainer': '/', 'endContainer': '/', 'startOffset': 125, 'endOffset': 130}]}"
e7e7e9c7-f91c-4a27-888a-41b2949bba00,default,0,"{'text': 'posé', 'context': ""1. Serge n'est pas venu au rendez-vous, il m'a posé un lapin."", 'proba': 1.0, 'process': 'reference word'}",76a78473-a608-4c59-bf52-898d3dfd7121,6e5f71db-980f-4300-b462-ba98d91dfe06,2025-02-05T14:40:57.505933,"{'source': '6e5f71db-980f-4300-b462-ba98d91dfe06', 'selector': [{'startContainer': '/', 'endContainer': '/', 'startOffset': 332, 'endOffset': 337}]}"
7768bd14-2f0e-4fc2-9b3c-789b9a8f4556,d3ce7764-eb85-4999-b965-c028f539ee33,1ecf29a6-9193-4a8b-9317-5dc319b94507,"{'text': 'pose un lapin', 'context': ""0. C'est la dernière fois qu'il me pose un lapin, j'en ai marre de sortir pour rien.""}",eb9a2239-5a6c-4da5-8957-af8a90d3e880,6e5f71db-980f-4300-b462-ba98d91dfe06,2024-11-26T09:07:07.997056+00:00,"{'source': '6e5f71db-980f-4300-b462-ba98d91dfe06', 'selector': [{'startContainer': '/', 'endContainer': '/', 'startOffset': 125, 'endOffset': 138}]}"
4052a6fb-76f0-4693-9178-a84737f9bcea,d3ce7764-eb85-4999-b965-c028f539ee33,1ecf29a6-9193-4a8b-9317-5dc319b94507,"{'text': 'posé un lapin', 'context': ""1. Serge n'est pas venu au rendez-vous, il m'a posé un lapin.""}",e920598f-774d-4e1c-a2dc-8fb9a6f3053f,6e5f71db-980f-4300-b462-ba98d91dfe06,2024-11-25T09:50:54.262530+00:00,"{'source': '6e5f71db-980f-4300-b462-ba98d91dfe06', 'selector': [{'startContainer': '/', 'endContainer': '/', 'startOffset': 332, 'endOffset': 345}]}"
69ec39ff-141b-4ef6-8305-615d5091009e,default,0,"{'text': 'alors qu', 'context': ""0. Il veut absolument continuer la course alors qu'il est épuisé."", 'proba': 0.9}",76a78473-a608-4c59-bf52-898d3dfd7121,d4f4211e-e795-4efd-9ae9-d50f669a5044,2025-02-05T14:40:57.506170,"{'source': 'd4f4211e-e795-4efd-9ae9-d50f669a5044', 'selector': [{'startContainer': '/', 'endContainer': '/', 'startOffset': 126, 'endOffset': 135}]}"
01f2ecef-6e56-4b40-a8f7-4022c5c0b953,d3ce7764-eb85-4999-b965-c028f539ee33,1ecf29a6-9193-4a8b-9317-5dc319b94507,"{'text': 'alors qu', 'context': ""0. Il veut absolument continuer la course alors qu'il est épuisé.""}",eb9a2239-5a6c-4da5-8957-af8a90d3e880,d4f4211e-e795-4efd-9ae9-d50f669a5044,2024-11-26T09:15:08.993149+00:00,"{'source': 'd4f4211e-e795-4efd-9ae9-d50f669a5044', 'selector': [{'startContainer': '/', 'endContainer': '/', 'startOffset': 127, 'endOffset': 135}]}"
d21f960f-9b8a-4d29-8cb3-9e2064b0c254,d3ce7764-eb85-4999-b965-c028f539ee33,371a5d39-6e41-427f-8e1f-6bf64504e080,"{'text': 'alors qu', 'context': ""0. Il veut absolument continuer la course alors qu'il est épuisé.""}",e920598f-774d-4e1c-a2dc-8fb9a6f3053f,d4f4211e-e795-4efd-9ae9-d50f669a5044,2024-11-25T10:17:54.548988+00:00,"{'source': 'd4f4211e-e795-4efd-9ae9-d50f669a5044', 'selector': [{'startContainer': '/', 'endContainer': '/', 'startOffset': 127, 'endOffset': 135}]}"
aaaedceb-2f60-454f-a3db-d5d9f44451be,d3ce7764-eb85-4999-b965-c028f539ee33,371a5d39-6e41-427f-8e1f-6bf64504e080,"{'text': 'Alors que', 'context': '1. Alors que je me dirigeais vers la plage, mon téléphone a sonné.', 'proba': 1.0, 'process': 'reference word'}",d34602e1-1664-42cb-b139-c5cb8bcfa2a0,d4f4211e-e795-4efd-9ae9-d50f669a5044,2024-11-25T11:27:23.546235+00:00,"{'source': 'd4f4211e-e795-4efd-9ae9-d50f669a5044', 'selector': [{'startContainer': '/', 'endContainer': '/', 'startOffset': 259, 'endOffset': 268}]}"
2543d3c6-211f-42ad-9d2c-d8f5a51db080,d3ce7764-eb85-4999-b965-c028f539ee33,371a5d39-6e41-427f-8e1f-6bf64504e080,"{'text': 'Alors que', 'context': '1. Alors que je me dirigeais vers la plage, mon téléphone a sonné.'}",e920598f-774d-4e1c-a2dc-8fb9a6f3053f,d4f4211e-e795-4efd-9ae9-d50f669a5044,2024-11-25T10:17:40.252125+00:00,"{'source': 'd4f4211e-e795-4efd-9ae9-d50f669a5044', 'selector': [{'startContainer': '/', 'endContainer': '/', 'startOffset': 259, 'endOffset': 268}]}"
bdf2c8ac-fc89-4372-8b28-502f5de9c08b,d3ce7764-eb85-4999-b965-c028f539ee33,371a5d39-6e41-427f-8e1f-6bf64504e080,"{'text': 'Alors que', 'context': '1. Alors que je me dirigeais vers la plage, mon téléphone a sonné.'}",eb9a2239-5a6c-4da5-8957-af8a90d3e880,d4f4211e-e795-4efd-9ae9-d50f669a5044,2024-11-26T09:15:15.060007+00:00,"{'source': 'd4f4211e-e795-4efd-9ae9-d50f669a5044', 'selector': [{'startContainer': '/', 'endContainer': '/', 'startOffset': 259, 'endOffset': 268}]}"
4bcaa714-c46a-4ae1-b5b2-39d24cfa075c,default,0,"{'text': 'Alors que', 'context': '1. Alors que je me dirigeais vers la plage, mon téléphone a sonné.', 'proba': 1.0, 'process': 'reference word'}",76a78473-a608-4c59-bf52-898d3dfd7121,d4f4211e-e795-4efd-9ae9-d50f669a5044,2025-02-05T14:40:57.506070,"{'source': 'd4f4211e-e795-4efd-9ae9-d50f669a5044', 'selector': [{'startContainer': '/', 'endContainer': '/', 'startOffset': 259, 'endOffset': 268}]}"
3dfc4c3e-01b9-4efd-afda-627ca045f531,default,371a5d39-6e41-427f-8e1f-6bf64504e080,"{'text': 'Alors que', 'context': '1. Alors que je me dirigeais vers la plage, mon téléphone a sonné.', 'proba': 1.0, 'process': 'reference word'}",c750946d-c7bd-42e9-9b77-2c9425fdae60,d4f4211e-e795-4efd-9ae9-d50f669a5044,2025-02-05T14:40:57.506070,"{'source': 'd4f4211e-e795-4efd-9ae9-d50f669a5044', 'selector': [{'startContainer': '/', 'endContainer': '/', 'startOffset': 259, 'endOffset': 268}]}"
a934ff67-10eb-4d4f-9788-e7a349a33461,d3ce7764-eb85-4999-b965-c028f539ee33,1ecf29a6-9193-4a8b-9317-5dc319b94507,"{'text': 'alors qu', 'context': ""0. Il veut absolument continuer la course alors qu'il est épuisé."", 'proba': 0.9}",d34602e1-1664-42cb-b139-c5cb8bcfa2a0,d4f4211e-e795-4efd-9ae9-d50f669a5044,2024-11-25T11:27:13.193284+00:00,"{'source': 'd4f4211e-e795-4efd-9ae9-d50f669a5044', 'selector': [{'startContainer': '/', 'endContainer': '/', 'startOffset': 126, 'endOffset': 135}]}"
e1adc7aa-cdb1-4d6b-9cde-d3c2d2f6a320,default,1ecf29a6-9193-4a8b-9317-5dc319b94507,"{'text': 'alors qu', 'context': ""0. Il veut absolument continuer la course alors qu'il est épuisé."", 'proba': 0.9}",c750946d-c7bd-42e9-9b77-2c9425fdae60,d4f4211e-e795-4efd-9ae9-d50f669a5044,2025-02-05T14:40:57.506170,"{'source': 'd4f4211e-e795-4efd-9ae9-d50f669a5044', 'selector': [{'startContainer': '/', 'endContainer': '/', 'startOffset': 126, 'endOffset': 135}]}"
29a7917f-24e8-4174-b2d3-61878535093e,default,1ecf29a6-9193-4a8b-9317-5dc319b94507,"{'text': 'Cette', 'context': '1. Cette maison est belle.', 'proba': 1.0, 'process': 'reference word'}",c750946d-c7bd-42e9-9b77-2c9425fdae60,d98ab2b0-b1ab-4a54-9057-42b63598244d,2025-02-05T14:40:57.506275,"{'source': 'd98ab2b0-b1ab-4a54-9057-42b63598244d', 'selector': [{'startContainer': '/', 'endContainer': '/', 'startOffset': 248, 'endOffset': 254}]}"
4e7ed515-cad0-47ca-bade-fd4d1b5f7216,default,1,"{'text': 'Ce', 'context': '2. Ce livre est intéressant.', 'proba': 0.1}",76a78473-a608-4c59-bf52-898d3dfd7121,d98ab2b0-b1ab-4a54-9057-42b63598244d,2025-02-05T14:40:57.506476,"{'source': 'd98ab2b0-b1ab-4a54-9057-42b63598244d', 'selector': [{'startContainer': '/', 'endContainer': '/', 'startOffset': 373, 'endOffset': 376}]}"
81ee896d-3332-43cf-8388-815e98e0ca4b,d3ce7764-eb85-4999-b965-c028f539ee33,1ecf29a6-9193-4a8b-9317-5dc319b94507,"{'text': 'Cette', 'context': '1. Cette maison est belle.', 'proba': 1.0, 'process': 'reference word'}",d34602e1-1664-42cb-b139-c5cb8bcfa2a0,d98ab2b0-b1ab-4a54-9057-42b63598244d,2024-11-25T11:27:33.267080+00:00,"{'source': 'd98ab2b0-b1ab-4a54-9057-42b63598244d', 'selector': [{'startContainer': '/', 'endContainer': '/', 'startOffset': 248, 'endOffset': 254}]}"
346fe82b-5fdd-4ae4-8ceb-9ad35e593d4f,default,1ecf29a6-9193-4a8b-9317-5dc319b94507,"{'text': 'Ce', 'context': '0. Ce matin, il faisait très beau, je suis partie au travail à pied.', 'proba': 0.9}",c750946d-c7bd-42e9-9b77-2c9425fdae60,d98ab2b0-b1ab-4a54-9057-42b63598244d,2025-02-05T14:40:57.506376,"{'source': 'd98ab2b0-b1ab-4a54-9057-42b63598244d', 'selector': [{'startContainer': '/', 'endContainer': '/', 'startOffset': 81, 'endOffset': 84}]}"
ec32d327-b3a0-41c3-9a70-383a1449e6e2,d3ce7764-eb85-4999-b965-c028f539ee33,1ecf29a6-9193-4a8b-9317-5dc319b94507,"{'text': 'Ce', 'context': '0. Ce matin, il faisait très beau, je suis partie au travail à pied.'}",eb9a2239-5a6c-4da5-8957-af8a90d3e880,d98ab2b0-b1ab-4a54-9057-42b63598244d,2024-11-26T09:15:25.029810+00:00,"{'source': 'd98ab2b0-b1ab-4a54-9057-42b63598244d', 'selector': [{'startContainer': '/', 'endContainer': '/', 'startOffset': 81, 'endOffset': 83}]}"
a2689d88-7169-4bfb-9f89-9b5050855c89,d3ce7764-eb85-4999-b965-c028f539ee33,1ecf29a6-9193-4a8b-9317-5dc319b94507,"{'text': 'Ce', 'context': '2. Ce livre est intéressant.'}",eb9a2239-5a6c-4da5-8957-af8a90d3e880,d98ab2b0-b1ab-4a54-9057-42b63598244d,2024-11-26T09:15:30.498046+00:00,"{'source': 'd98ab2b0-b1ab-4a54-9057-42b63598244d', 'selector': [{'startContainer': '/', 'endContainer': '/', 'startOffset': 373, 'endOffset': 375}]}"
f6e1fe9c-3853-4fc9-ac8c-97b24797ce29,default,1ecf29a6-9193-4a8b-9317-5dc319b94507,"{'text': 'Ce', 'context': '2. Ce livre est intéressant.', 'proba': 0.1}",c750946d-c7bd-42e9-9b77-2c9425fdae60,d98ab2b0-b1ab-4a54-9057-42b63598244d,2025-02-05T14:40:57.506476,"{'source': 'd98ab2b0-b1ab-4a54-9057-42b63598244d', 'selector': [{'startContainer': '/', 'endContainer': '/', 'startOffset': 373, 'endOffset': 376}]}"
b687d6cd-f9f8-4eb8-831c-02e6907f0763,d3ce7764-eb85-4999-b965-c028f539ee33,1ecf29a6-9193-4a8b-9317-5dc319b94507,"{'text': 'Cette', 'context': '1. Cette maison est belle.'}",e920598f-774d-4e1c-a2dc-8fb9a6f3053f,d98ab2b0-b1ab-4a54-9057-42b63598244d,2024-11-25T10:18:06.764061+00:00,"{'source': 'd98ab2b0-b1ab-4a54-9057-42b63598244d', 'selector': [{'startContainer': '/', 'endContainer': '/', 'startOffset': 248, 'endOffset': 253}]}"
3b210662-5f99-41c5-9bee-fcea74b4ff43,default,0,"{'text': 'Cette', 'context': '1. Cette maison est belle.', 'proba': 1.0, 'process': 'reference word'}",76a78473-a608-4c59-bf52-898d3dfd7121,d98ab2b0-b1ab-4a54-9057-42b63598244d,2025-02-05T14:40:57.506275,"{'source': 'd98ab2b0-b1ab-4a54-9057-42b63598244d', 'selector': [{'startContainer': '/', 'endContainer': '/', 'startOffset': 248, 'endOffset': 254}]}"
853858b4-c430-4868-833a-775219a89c6f,d3ce7764-eb85-4999-b965-c028f539ee33,1ecf29a6-9193-4a8b-9317-5dc319b94507,"{'text': 'Ce', 'context': '0. Ce matin, il faisait très beau, je suis partie au travail à pied.', 'proba': 0.9}",d34602e1-1664-42cb-b139-c5cb8bcfa2a0,d98ab2b0-b1ab-4a54-9057-42b63598244d,2024-11-25T11:27:31.465565+00:00,"{'source': 'd98ab2b0-b1ab-4a54-9057-42b63598244d', 'selector': [{'startContainer': '/', 'endContainer': '/', 'startOffset': 81, 'endOffset': 84}]}"
bac99458-7ddf-4780-9a2d-cf64402b16b5,d3ce7764-eb85-4999-b965-c028f539ee33,1ecf29a6-9193-4a8b-9317-5dc319b94507,"{'text': 'Ce', 'context': '2. Ce livre est intéressant.', 'proba': 0.1}",d34602e1-1664-42cb-b139-c5cb8bcfa2a0,d98ab2b0-b1ab-4a54-9057-42b63598244d,2024-11-25T11:27:36.180760+00:00,"{'source': 'd98ab2b0-b1ab-4a54-9057-42b63598244d', 'selector': [{'startContainer': '/', 'endContainer': '/', 'startOffset': 373, 'endOffset': 376}]}"
016d55e3-b978-42ce-a8b3-52542d1d435e,d3ce7764-eb85-4999-b965-c028f539ee33,1ecf29a6-9193-4a8b-9317-5dc319b94507,"{'text': 'Ce', 'context': '2. Ce livre est intéressant.'}",e920598f-774d-4e1c-a2dc-8fb9a6f3053f,d98ab2b0-b1ab-4a54-9057-42b63598244d,2024-11-25T10:18:06.784291+00:00,"{'source': 'd98ab2b0-b1ab-4a54-9057-42b63598244d', 'selector': [{'startContainer': '/', 'endContainer': '/', 'startOffset': 373, 'endOffset': 375}]}"
98a8ed9e-bdbf-46cd-b952-777904b0eb73,default,0,"{'text': 'Ce', 'context': '0. Ce matin, il faisait très beau, je suis partie au travail à pied.', 'proba': 0.9}",76a78473-a608-4c59-bf52-898d3dfd7121,d98ab2b0-b1ab-4a54-9057-42b63598244d,2025-02-05T14:40:57.506376,"{'source': 'd98ab2b0-b1ab-4a54-9057-42b63598244d', 'selector': [{'startContainer': '/', 'endContainer': '/', 'startOffset': 81, 'endOffset': 84}]}"
25296e7f-6a9f-4f12-bd14-ffdb263329c7,d3ce7764-eb85-4999-b965-c028f539ee33,1ecf29a6-9193-4a8b-9317-5dc319b94507,"{'text': 'Ce', 'context': '0. Ce matin, il faisait très beau, je suis partie au travail à pied.'}",e920598f-774d-4e1c-a2dc-8fb9a6f3053f,d98ab2b0-b1ab-4a54-9057-42b63598244d,2024-11-25T10:18:03.041134+00:00,"{'source': 'd98ab2b0-b1ab-4a54-9057-42b63598244d', 'selector': [{'startContainer': '/', 'endContainer': '/', 'startOffset': 81, 'endOffset': 83}]}"
32eafe48-700a-4565-876f-e907de9dee8f,d3ce7764-eb85-4999-b965-c028f539ee33,1ecf29a6-9193-4a8b-9317-5dc319b94507,"{'text': 'Cette', 'context': '1. Cette maison est belle.'}",eb9a2239-5a6c-4da5-8957-af8a90d3e880,d98ab2b0-b1ab-4a54-9057-42b63598244d,2024-11-26T09:15:28.360617+00:00,"{'source': 'd98ab2b0-b1ab-4a54-9057-42b63598244d', 'selector': [{'startContainer': '/', 'endContainer': '/', 'startOffset': 248, 'endOffset': 253}]}"
b7bbd68e-dc9c-4998-81eb-4a3aa6dcb3df,d3ce7764-eb85-4999-b965-c028f539ee33,1ecf29a6-9193-4a8b-9317-5dc319b94507,"{'text': 'plein', 'context': ""0. Le verre est plein d'eau.""}",e920598f-774d-4e1c-a2dc-8fb9a6f3053f,f4d044ea-e313-4d5e-b9b9-4914b359fdad,2024-11-25T10:19:26.410247+00:00,"{'source': 'f4d044ea-e313-4d5e-b9b9-4914b359fdad', 'selector': [{'startContainer': '/', 'endContainer': '/', 'startOffset': 97, 'endOffset': 102}]}"
68834f32-d7cd-4c2e-bba1-a2dec5bdf07b,d3ce7764-eb85-4999-b965-c028f539ee33,1ecf29a6-9193-4a8b-9317-5dc319b94507,"{'text': 'plein', 'context': ""0. Le verre est plein d'eau."", 'proba': 1.0, 'process': 'reference word'}",d34602e1-1664-42cb-b139-c5cb8bcfa2a0,f4d044ea-e313-4d5e-b9b9-4914b359fdad,2024-11-25T11:29:31.058829+00:00,"{'source': 'f4d044ea-e313-4d5e-b9b9-4914b359fdad', 'selector': [{'startContainer': '/', 'endContainer': '/', 'startOffset': 97, 'endOffset': 103}]}"
79a6abaf-be30-40a2-93a0-b626cfd9a92f,d3ce7764-eb85-4999-b965-c028f539ee33,1ecf29a6-9193-4a8b-9317-5dc319b94507,"{'text': 'plein', 'context': ""1. Le verre est plein d'eau."", 'proba': 1.0}",d34602e1-1664-42cb-b139-c5cb8bcfa2a0,f4d044ea-e313-4d5e-b9b9-4914b359fdad,2024-11-25T11:29:32.536143+00:00,"{'source': 'f4d044ea-e313-4d5e-b9b9-4914b359fdad', 'selector': [{'startContainer': '/', 'endContainer': '/', 'startOffset': 227, 'endOffset': 233}]}"
e7bca5e6-34b3-4674-9d43-90206a2e7a57,default,0,"{'text': 'plein', 'context': ""0. Le verre est plein d'eau."", 'proba': 1.0, 'process': 'reference word'}",76a78473-a608-4c59-bf52-898d3dfd7121,f4d044ea-e313-4d5e-b9b9-4914b359fdad,2025-02-05T14:40:57.506579,"{'source': 'f4d044ea-e313-4d5e-b9b9-4914b359fdad', 'selector': [{'startContainer': '/', 'endContainer': '/', 'startOffset': 97, 'endOffset': 103}]}"
3c91e69b-ae84-4dc3-9f9c-51e713bfccbe,default,1ecf29a6-9193-4a8b-9317-5dc319b94507,"{'text': 'plein', 'context': ""0. Le verre est plein d'eau."", 'proba': 1.0, 'process': 'reference word'}",c750946d-c7bd-42e9-9b77-2c9425fdae60,f4d044ea-e313-4d5e-b9b9-4914b359fdad,2025-02-05T14:40:57.506579,"{'source': 'f4d044ea-e313-4d5e-b9b9-4914b359fdad', 'selector': [{'startContainer': '/', 'endContainer': '/', 'startOffset': 97, 'endOffset': 103}]}"
f11d4122-662a-4f2f-8793-aee914908968,d3ce7764-eb85-4999-b965-c028f539ee33,1ecf29a6-9193-4a8b-9317-5dc319b94507,"{'text': 'plein', 'context': ""0. Le verre est plein d'eau.""}",eb9a2239-5a6c-4da5-8957-af8a90d3e880,f4d044ea-e313-4d5e-b9b9-4914b359fdad,2024-11-26T09:16:51.712411+00:00,"{'source': 'f4d044ea-e313-4d5e-b9b9-4914b359fdad', 'selector': [{'startContainer': '/', 'endContainer': '/', 'startOffset': 97, 'endOffset': 102}]}"
3dc18dfd-30dc-4406-91e8-d25777eace01,d3ce7764-eb85-4999-b965-c028f539ee33,1ecf29a6-9193-4a8b-9317-5dc319b94507,"{'text': 'plein', 'context': ""1. Le verre est plein d'eau.""}",eb9a2239-5a6c-4da5-8957-af8a90d3e880,f4d044ea-e313-4d5e-b9b9-4914b359fdad,2024-11-26T09:16:53.971890+00:00,"{'source': 'f4d044ea-e313-4d5e-b9b9-4914b359fdad', 'selector': [{'startContainer': '/', 'endContainer': '/', 'startOffset': 227, 'endOffset': 232}]}"
a5e27be1-6a74-4644-826c-c3e12f706591,default,0,"{'text': 'plein', 'context': ""1. Le verre est plein d'eau."", 'proba': 1.0}",76a78473-a608-4c59-bf52-898d3dfd7121,f4d044ea-e313-4d5e-b9b9-4914b359fdad,2025-02-05T14:40:57.506654,"{'source': 'f4d044ea-e313-4d5e-b9b9-4914b359fdad', 'selector': [{'startContainer': '/', 'endContainer': '/', 'startOffset': 227, 'endOffset': 233}]}"
b1b0a578-5860-4320-b19b-046a293f414f,d3ce7764-eb85-4999-b965-c028f539ee33,1ecf29a6-9193-4a8b-9317-5dc319b94507,"{'text': 'plein', 'context': ""1. Le verre est plein d'eau.""}",e920598f-774d-4e1c-a2dc-8fb9a6f3053f,f4d044ea-e313-4d5e-b9b9-4914b359fdad,2024-11-25T10:19:27.851450+00:00,"{'source': 'f4d044ea-e313-4d5e-b9b9-4914b359fdad', 'selector': [{'startContainer': '/', 'endContainer': '/', 'startOffset': 227, 'endOffset': 232}]}"
ccf0352c-8845-4571-b5e1-c4d9df8b5ae0,default,1ecf29a6-9193-4a8b-9317-5dc319b94507,"{'text': 'plein', 'context': ""1. Le verre est plein d'eau."", 'proba': 1.0}",c750946d-c7bd-42e9-9b77-2c9425fdae60,f4d044ea-e313-4d5e-b9b9-4914b359fdad,2025-02-05T14:40:57.506654,"{'source': 'f4d044ea-e313-4d5e-b9b9-4914b359fdad', 'selector': [{'startContainer': '/', 'endContainer': '/', 'startOffset': 227, 'endOffset': 233}]}"
835c6058-3bac-49ec-8d40-df0dbc5f07f9,default,1ecf29a6-9193-4a8b-9317-5dc319b94507,"{'text': 'mûres', 'context': '0. Quand les pommes sont mûres, elles tombent de l’arbre.', 'proba': 1.0, 'process': 'reference word'}",c750946d-c7bd-42e9-9b77-2c9425fdae60,6de54b07-0ef3-46ae-9019-1410a3de167d,2025-02-05T14:40:57.506859,"{'source': '6de54b07-0ef3-46ae-9019-1410a3de167d', 'selector': [{'startContainer': '/', 'endContainer': '/', 'startOffset': 104, 'endOffset': 109}]}"
b9908f13-71cd-4243-a7e6-b7ed1505deee,d3ce7764-eb85-4999-b965-c028f539ee33,1ecf29a6-9193-4a8b-9317-5dc319b94507,"{'text': 'mûres', 'context': '0. Quand les pommes sont mûres, elles tombent de l’arbre.'}",eb9a2239-5a6c-4da5-8957-af8a90d3e880,6de54b07-0ef3-46ae-9019-1410a3de167d,2024-11-26T09:06:51.957291+00:00,"{'source': '6de54b07-0ef3-46ae-9019-1410a3de167d', 'selector': [{'startContainer': '/', 'endContainer': '/', 'startOffset': 104, 'endOffset': 109}]}"
610c10b1-f65a-42e2-9250-898407799873,default,1,"{'text': 'mûr', 'context': '1. Après deux heures de négociation, le directeur est mûr pour signer le contrat.', 'proba': 0.2}",76a78473-a608-4c59-bf52-898d3dfd7121,6de54b07-0ef3-46ae-9019-1410a3de167d,2025-02-05T14:40:57.506758,"{'source': '6de54b07-0ef3-46ae-9019-1410a3de167d', 'selector': [{'startContainer': '/', 'endContainer': '/', 'startOffset': 290, 'endOffset': 293}]}"
4512c2bc-a37b-4333-9575-7abd8f0d6fa8,d3ce7764-eb85-4999-b965-c028f539ee33,371a5d39-6e41-427f-8e1f-6bf64504e080,"{'text': 'mûr', 'context': '1. Après deux heures de négociation, le directeur est mûr pour signer le contrat.'}",eb9a2239-5a6c-4da5-8957-af8a90d3e880,6de54b07-0ef3-46ae-9019-1410a3de167d,2024-11-26T09:06:55.054386+00:00,"{'source': '6de54b07-0ef3-46ae-9019-1410a3de167d', 'selector': [{'startContainer': '/', 'endContainer': '/', 'startOffset': 290, 'endOffset': 293}]}"
f36c6233-4805-4bdd-95b1-a46a52772169,d3ce7764-eb85-4999-b965-c028f539ee33,371a5d39-6e41-427f-8e1f-6bf64504e080,"{'text': 'mûr', 'context': '1. Après deux heures de négociation, le directeur est mûr pour signer le contrat.', 'proba': 0.2}",d34602e1-1664-42cb-b139-c5cb8bcfa2a0,6de54b07-0ef3-46ae-9019-1410a3de167d,2024-12-27T08:26:07.864855+00:00,"{'source': '6de54b07-0ef3-46ae-9019-1410a3de167d', 'selector': [{'startContainer': '/', 'endContainer': '/', 'startOffset': 290, 'endOffset': 293}]}"
7e8b5e4f-3e14-4703-aeb1-c0060573b01b,default,0,"{'text': 'mûres', 'context': '0. Quand les pommes sont mûres, elles tombent de l’arbre.', 'proba': 1.0, 'process': 'reference word'}",76a78473-a608-4c59-bf52-898d3dfd7121,6de54b07-0ef3-46ae-9019-1410a3de167d,2025-02-05T14:40:57.506859,"{'source': '6de54b07-0ef3-46ae-9019-1410a3de167d', 'selector': [{'startContainer': '/', 'endContainer': '/', 'startOffset': 104, 'endOffset': 109}]}"
91fb73fa-3c8b-42b8-97e7-2b6d0c5cb312,d3ce7764-eb85-4999-b965-c028f539ee33,1ecf29a6-9193-4a8b-9317-5dc319b94507,"{'text': 'mûres', 'context': '0. Quand les pommes sont mûres, elles tombent de l’arbre.'}",e920598f-774d-4e1c-a2dc-8fb9a6f3053f,6de54b07-0ef3-46ae-9019-1410a3de167d,2024-11-25T09:50:38.938661+00:00,"{'source': '6de54b07-0ef3-46ae-9019-1410a3de167d', 'selector': [{'startContainer': '/', 'endContainer': '/', 'startOffset': 104, 'endOffset': 109}]}"
fd027c1a-3d37-49ea-aa2f-ef35dbbcf423,d3ce7764-eb85-4999-b965-c028f539ee33,1ecf29a6-9193-4a8b-9317-5dc319b94507,"{'text': 'mûr', 'context': '1. Après deux heures de négociation, le directeur est mûr pour signer le contrat.'}",e920598f-774d-4e1c-a2dc-8fb9a6f3053f,6de54b07-0ef3-46ae-9019-1410a3de167d,2024-11-25T09:50:40.997232+00:00,"{'source': '6de54b07-0ef3-46ae-9019-1410a3de167d', 'selector': [{'startContainer': '/', 'endContainer': '/', 'startOffset': 290, 'endOffset': 293}]}"
b05bfc18-1647-401a-837f-e92e3051648b,default,371a5d39-6e41-427f-8e1f-6bf64504e080,"{'text': 'mûr', 'context': '1. Après deux heures de négociation, le directeur est mûr pour signer le contrat.', 'proba': 0.2}",c750946d-c7bd-42e9-9b77-2c9425fdae60,6de54b07-0ef3-46ae-9019-1410a3de167d,2025-02-05T14:40:57.506758,"{'source': '6de54b07-0ef3-46ae-9019-1410a3de167d', 'selector': [{'startContainer': '/', 'endContainer': '/', 'startOffset': 290, 'endOffset': 293}]}"
44d84a71-ace8-4f7d-8de7-7a0505b5bd9b,d3ce7764-eb85-4999-b965-c028f539ee33,1ecf29a6-9193-4a8b-9317-5dc319b94507,"{'text': 'mûres', 'context': '0. Quand les pommes sont mûres, elles tombent de l’arbre.', 'proba': 1.0, 'process': 'reference word'}",d34602e1-1664-42cb-b139-c5cb8bcfa2a0,6de54b07-0ef3-46ae-9019-1410a3de167d,2024-11-25T11:20:56.416794+00:00,"{'source': '6de54b07-0ef3-46ae-9019-1410a3de167d', 'selector': [{'startContainer': '/', 'endContainer': '/', 'startOffset': 104, 'endOffset': 109}]}"
a9535e48-1dfb-4558-ac0f-c3ec9042042c,d3ce7764-eb85-4999-b965-c028f539ee33,1ecf29a6-9193-4a8b-9317-5dc319b94507,"{'text': 'grand', 'context': '0. Mon fils est très grand, il mesure un mètre quatre-vingt dix.', 'proba': 1.0, 'process': 'reference word'}",d34602e1-1664-42cb-b139-c5cb8bcfa2a0,cc80a5a9-7d77-4847-b77b-b1bb885ad055,2024-11-25T11:25:45.790629+00:00,"{'source': 'cc80a5a9-7d77-4847-b77b-b1bb885ad055', 'selector': [{'startContainer': '/', 'endContainer': '/', 'startOffset': 102, 'endOffset': 107}]}"
4e8863ba-3eda-48e5-af0c-40862d67c5f3,default,1ecf29a6-9193-4a8b-9317-5dc319b94507,"{'text': 'grand', 'context': '0. Mon fils est très grand, il mesure un mètre quatre-vingt dix.', 'proba': 1.0, 'process': 'reference word'}",c750946d-c7bd-42e9-9b77-2c9425fdae60,cc80a5a9-7d77-4847-b77b-b1bb885ad055,2025-02-05T14:40:57.506962,"{'source': 'cc80a5a9-7d77-4847-b77b-b1bb885ad055', 'selector': [{'startContainer': '/', 'endContainer': '/', 'startOffset': 102, 'endOffset': 107}]}"
68515181-9a4f-4b40-9fcf-5eca1f35fa00,d3ce7764-eb85-4999-b965-c028f539ee33,1ecf29a6-9193-4a8b-9317-5dc319b94507,"{'text': 'grande', 'context': '1. La maison est très grande.', 'proba': 0.9}",d34602e1-1664-42cb-b139-c5cb8bcfa2a0,cc80a5a9-7d77-4847-b77b-b1bb885ad055,2024-11-25T11:25:49.261285+00:00,"{'source': 'cc80a5a9-7d77-4847-b77b-b1bb885ad055', 'selector': [{'startContainer': '/', 'endContainer': '/', 'startOffset': 269, 'endOffset': 275}]}"
719fa86c-9b04-47f7-b749-099b1862dbf9,d3ce7764-eb85-4999-b965-c028f539ee33,1ecf29a6-9193-4a8b-9317-5dc319b94507,"{'text': 'grand', 'context': '0. Mon fils est très grand, il mesure un mètre quatre-vingt dix.'}",e920598f-774d-4e1c-a2dc-8fb9a6f3053f,cc80a5a9-7d77-4847-b77b-b1bb885ad055,2024-11-25T10:16:32.769744+00:00,"{'source': 'cc80a5a9-7d77-4847-b77b-b1bb885ad055', 'selector': [{'startContainer': '/', 'endContainer': '/', 'startOffset': 102, 'endOffset': 107}]}"
f78b6a16-f2aa-46ec-b36d-bbc7a8dbbb22,default,1ecf29a6-9193-4a8b-9317-5dc319b94507,"{'text': 'grande', 'context': '1. La maison est très grande.', 'proba': 0.9}",c750946d-c7bd-42e9-9b77-2c9425fdae60,cc80a5a9-7d77-4847-b77b-b1bb885ad055,2025-02-05T14:40:57.507063,"{'source': 'cc80a5a9-7d77-4847-b77b-b1bb885ad055', 'selector': [{'startContainer': '/', 'endContainer': '/', 'startOffset': 269, 'endOffset': 275}]}"
dd19463a-37fa-4c47-80d7-721afd3dc8c0,default,0,"{'text': 'grand', 'context': '0. Mon fils est très grand, il mesure un mètre quatre-vingt dix.', 'proba': 1.0, 'process': 'reference word'}",76a78473-a608-4c59-bf52-898d3dfd7121,cc80a5a9-7d77-4847-b77b-b1bb885ad055,2025-02-05T14:40:57.506962,"{'source': 'cc80a5a9-7d77-4847-b77b-b1bb885ad055', 'selector': [{'startContainer': '/', 'endContainer': '/', 'startOffset': 102, 'endOffset': 107}]}"
62233d0b-a218-4a31-992b-a1a9a4050761,d3ce7764-eb85-4999-b965-c028f539ee33,1ecf29a6-9193-4a8b-9317-5dc319b94507,"{'text': 'grande', 'context': '1. La maison est très grande.'}",e920598f-774d-4e1c-a2dc-8fb9a6f3053f,cc80a5a9-7d77-4847-b77b-b1bb885ad055,2024-11-25T10:16:34.317261+00:00,"{'source': 'cc80a5a9-7d77-4847-b77b-b1bb885ad055', 'selector': [{'startContainer': '/', 'endContainer': '/', 'startOffset': 269, 'endOffset': 275}]}"
f198ffd8-a776-480b-bf80-b48151ffca52,default,0,"{'text': 'grande', 'context': '1. La maison est très grande.', 'proba': 0.9}",76a78473-a608-4c59-bf52-898d3dfd7121,cc80a5a9-7d77-4847-b77b-b1bb885ad055,2025-02-05T14:40:57.507063,"{'source': 'cc80a5a9-7d77-4847-b77b-b1bb885ad055', 'selector': [{'startContainer': '/', 'endContainer': '/', 'startOffset': 269, 'endOffset': 275}]}"
cf331f1e-4217-43b0-b725-5d8f2f8ebd82,d3ce7764-eb85-4999-b965-c028f539ee33,1ecf29a6-9193-4a8b-9317-5dc319b94507,"{'text': 'grande', 'context': '1. La maison est très grande.'}",eb9a2239-5a6c-4da5-8957-af8a90d3e880,cc80a5a9-7d77-4847-b77b-b1bb885ad055,2024-11-26T09:13:30.834817+00:00,"{'source': 'cc80a5a9-7d77-4847-b77b-b1bb885ad055', 'selector': [{'startContainer': '/', 'endContainer': '/', 'startOffset': 269, 'endOffset': 275}]}"
eb32f5e8-1597-43f1-a14f-79a74cbc0c81,d3ce7764-eb85-4999-b965-c028f539ee33,1ecf29a6-9193-4a8b-9317-5dc319b94507,"{'text': 'grand', 'context': '0. Mon fils est très grand, il mesure un mètre quatre-vingt dix.'}",eb9a2239-5a6c-4da5-8957-af8a90d3e880,cc80a5a9-7d77-4847-b77b-b1bb885ad055,2024-11-26T09:13:28.248374+00:00,"{'source': 'cc80a5a9-7d77-4847-b77b-b1bb885ad055', 'selector': [{'startContainer': '/', 'endContainer': '/', 'startOffset': 102, 'endOffset': 107}]}"
35ac8b7e-14ab-470a-8fc7-c1e679ac7950,d3ce7764-eb85-4999-b965-c028f539ee33,371a5d39-6e41-427f-8e1f-6bf64504e080,"{'text': 'frais', 'context': '1. Les produits frais doivent être conservés au frigo.'}",eb9a2239-5a6c-4da5-8957-af8a90d3e880,e7aeac9e-9620-408c-a446-3fd706280bdf,2024-11-26T09:16:17.775347+00:00,"{'source': 'e7aeac9e-9620-408c-a446-3fd706280bdf', 'selector': [{'startContainer': '/', 'endContainer': '/', 'startOffset': 251, 'endOffset': 256}]}"
c202253c-b0c0-41f6-9b0b-4d008e78f491,default,371a5d39-6e41-427f-8e1f-6bf64504e080,"{'text': 'frais', 'context': '1. Les produits frais doivent être conservés au frigo.', 'proba': 1.0, 'process': 'reference word'}",c750946d-c7bd-42e9-9b77-2c9425fdae60,e7aeac9e-9620-408c-a446-3fd706280bdf,2025-02-05T14:40:57.507267,"{'source': 'e7aeac9e-9620-408c-a446-3fd706280bdf', 'selector': [{'startContainer': '/', 'endContainer': '/', 'startOffset': 251, 'endOffset': 257}]}"
0ccef131-71a9-4f27-b843-a0e407ef9b6a,d3ce7764-eb85-4999-b965-c028f539ee33,1ecf29a6-9193-4a8b-9317-5dc319b94507,"{'text': 'frais', 'context': '0. Il fait frais ce matin, je vais prendre un gilet.', 'proba': 0.2}",d34602e1-1664-42cb-b139-c5cb8bcfa2a0,e7aeac9e-9620-408c-a446-3fd706280bdf,2024-11-25T11:28:35.835386+00:00,"{'source': 'e7aeac9e-9620-408c-a446-3fd706280bdf', 'selector': [{'startContainer': '/', 'endContainer': '/', 'startOffset': 92, 'endOffset': 98}]}"
3d78c015-f7e0-4606-8d74-6de91ecaca4b,default,1,"{'text': 'frais', 'context': '0. Il fait frais ce matin, je vais prendre un gilet.', 'proba': 0.2}",76a78473-a608-4c59-bf52-898d3dfd7121,e7aeac9e-9620-408c-a446-3fd706280bdf,2025-02-05T14:40:57.507167,"{'source': 'e7aeac9e-9620-408c-a446-3fd706280bdf', 'selector': [{'startContainer': '/', 'endContainer': '/', 'startOffset': 92, 'endOffset': 98}]}"
227eeb5d-7215-4458-b8d5-2b6f03df5e7d,d3ce7764-eb85-4999-b965-c028f539ee33,371a5d39-6e41-427f-8e1f-6bf64504e080,"{'text': 'frais', 'context': '1. Les produits frais doivent être conservés au frigo.'}",e920598f-774d-4e1c-a2dc-8fb9a6f3053f,e7aeac9e-9620-408c-a446-3fd706280bdf,2024-11-25T10:18:55.413509+00:00,"{'source': 'e7aeac9e-9620-408c-a446-3fd706280bdf', 'selector': [{'startContainer': '/', 'endContainer': '/', 'startOffset': 251, 'endOffset': 256}]}"
3b8bb3a1-f9c0-4753-ba07-d8939cb4cff9,default,1ecf29a6-9193-4a8b-9317-5dc319b94507,"{'text': 'frais', 'context': '0. Il fait frais ce matin, je vais prendre un gilet.', 'proba': 0.2}",c750946d-c7bd-42e9-9b77-2c9425fdae60,e7aeac9e-9620-408c-a446-3fd706280bdf,2025-02-05T14:40:57.507167,"{'source': 'e7aeac9e-9620-408c-a446-3fd706280bdf', 'selector': [{'startContainer': '/', 'endContainer': '/', 'startOffset': 92, 'endOffset': 98}]}"
7b50373d-31ba-4cbb-92ee-6f8791a52aef,default,0,"{'text': 'frais', 'context': '1. Les produits frais doivent être conservés au frigo.', 'proba': 1.0, 'process': 'reference word'}",76a78473-a608-4c59-bf52-898d3dfd7121,e7aeac9e-9620-408c-a446-3fd706280bdf,2025-02-05T14:40:57.507267,"{'source': 'e7aeac9e-9620-408c-a446-3fd706280bdf', 'selector': [{'startContainer': '/', 'endContainer': '/', 'startOffset': 251, 'endOffset': 257}]}"
2c031670-40da-4cbe-8061-8ec62fa82235,d3ce7764-eb85-4999-b965-c028f539ee33,1ecf29a6-9193-4a8b-9317-5dc319b94507,"{'text': 'frais', 'context': '0. Il fait frais ce matin, je vais prendre un gilet.'}",e920598f-774d-4e1c-a2dc-8fb9a6f3053f,e7aeac9e-9620-408c-a446-3fd706280bdf,2024-11-25T10:18:53.593227+00:00,"{'source': 'e7aeac9e-9620-408c-a446-3fd706280bdf', 'selector': [{'startContainer': '/', 'endContainer': '/', 'startOffset': 92, 'endOffset': 97}]}"
bf401196-85d8-4882-8625-786b81e1b0d3,d3ce7764-eb85-4999-b965-c028f539ee33,1ecf29a6-9193-4a8b-9317-5dc319b94507,"{'text': 'frais', 'context': '0. Il fait frais ce matin, je vais prendre un gilet.'}",eb9a2239-5a6c-4da5-8957-af8a90d3e880,e7aeac9e-9620-408c-a446-3fd706280bdf,2024-11-26T09:16:14.953777+00:00,"{'source': 'e7aeac9e-9620-408c-a446-3fd706280bdf', 'selector': [{'startContainer': '/', 'endContainer': '/', 'startOffset': 92, 'endOffset': 97}]}"
1f948391-87b2-4225-89c7-f23eefea71bb,d3ce7764-eb85-4999-b965-c028f539ee33,371a5d39-6e41-427f-8e1f-6bf64504e080,"{'text': 'frais', 'context': '1. Les produits frais doivent être conservés au frigo.', 'proba': 1.0, 'process': 'reference word'}",d34602e1-1664-42cb-b139-c5cb8bcfa2a0,e7aeac9e-9620-408c-a446-3fd706280bdf,2024-12-27T08:40:29.430476+00:00,"{'source': 'e7aeac9e-9620-408c-a446-3fd706280bdf', 'selector': [{'startContainer': '/', 'endContainer': '/', 'startOffset': 251, 'endOffset': 257}]}"
505ec4c3-070c-4350-a54a-a94293aca94b,default,1ecf29a6-9193-4a8b-9317-5dc319b94507,"{'text': 'fort', 'context': '0. Il est très fort, il n’a peur de rien ni de personne.', 'proba': 1.0, 'process': 'reference word'}",c750946d-c7bd-42e9-9b77-2c9425fdae60,cf5c3d67-8f0d-4ffe-b194-97e26abbbeb4,2025-02-05T14:40:57.507372,"{'source': 'cf5c3d67-8f0d-4ffe-b194-97e26abbbeb4', 'selector': [{'startContainer': '/', 'endContainer': '/', 'startOffset': 95, 'endOffset': 99}]}"
e0c0cec0-4965-429c-9210-fa647c9b9367,d3ce7764-eb85-4999-b965-c028f539ee33,1ecf29a6-9193-4a8b-9317-5dc319b94507,"{'text': 'fort', 'context': '0. Il est très fort, il n’a peur de rien ni de personne.', 'proba': 1.0, 'process': 'reference word'}",d34602e1-1664-42cb-b139-c5cb8bcfa2a0,cf5c3d67-8f0d-4ffe-b194-97e26abbbeb4,2024-11-25T11:26:39.624030+00:00,"{'source': 'cf5c3d67-8f0d-4ffe-b194-97e26abbbeb4', 'selector': [{'startContainer': '/', 'endContainer': '/', 'startOffset': 95, 'endOffset': 99}]}"
2b390b84-8b45-4b03-9654-436f47809ed7,d3ce7764-eb85-4999-b965-c028f539ee33,371a5d39-6e41-427f-8e1f-6bf64504e080,"{'text': 'fort', 'context': '2. Il est très fort en mathématiques.', 'proba': 0.7}",d34602e1-1664-42cb-b139-c5cb8bcfa2a0,cf5c3d67-8f0d-4ffe-b194-97e26abbbeb4,2024-11-25T11:26:46.362044+00:00,"{'source': 'cf5c3d67-8f0d-4ffe-b194-97e26abbbeb4', 'selector': [{'startContainer': '/', 'endContainer': '/', 'startOffset': 390, 'endOffset': 395}]}"
823db19e-1456-4a81-87c9-36328889e85e,d3ce7764-eb85-4999-b965-c028f539ee33,371a5d39-6e41-427f-8e1f-6bf64504e080,"{'text': 'fort', 'context': '1. Il est très fort en mathématiques.', 'proba': 0.7}",d34602e1-1664-42cb-b139-c5cb8bcfa2a0,cf5c3d67-8f0d-4ffe-b194-97e26abbbeb4,2024-11-25T11:26:44.318002+00:00,"{'source': 'cf5c3d67-8f0d-4ffe-b194-97e26abbbeb4', 'selector': [{'startContainer': '/', 'endContainer': '/', 'startOffset': 252, 'endOffset': 257}]}"
438864eb-a061-468e-b854-f3bdc8dddcd4,d3ce7764-eb85-4999-b965-c028f539ee33,1ecf29a6-9193-4a8b-9317-5dc319b94507,"{'text': 'fort', 'context': '2. Il est très fort en mathématiques.'}",e920598f-774d-4e1c-a2dc-8fb9a6f3053f,cf5c3d67-8f0d-4ffe-b194-97e26abbbeb4,2024-11-25T10:17:15.713655+00:00,"{'source': 'cf5c3d67-8f0d-4ffe-b194-97e26abbbeb4', 'selector': [{'startContainer': '/', 'endContainer': '/', 'startOffset': 390, 'endOffset': 394}]}"
87bac5b8-0ac8-49e1-a69e-d1518a6a494b,d3ce7764-eb85-4999-b965-c028f539ee33,1ecf29a6-9193-4a8b-9317-5dc319b94507,"{'text': 'fort', 'context': '0. Il est très fort, il n’a peur de rien ni de personne.'}",eb9a2239-5a6c-4da5-8957-af8a90d3e880,cf5c3d67-8f0d-4ffe-b194-97e26abbbeb4,2024-11-26T09:14:18.791323+00:00,"{'source': 'cf5c3d67-8f0d-4ffe-b194-97e26abbbeb4', 'selector': [{'startContainer': '/', 'endContainer': '/', 'startOffset': 95, 'endOffset': 99}]}"
36af5aee-6cf1-4810-9263-6766f3e322ba,default,371a5d39-6e41-427f-8e1f-6bf64504e080,"{'text': 'fort', 'context': '2. Il est très fort en mathématiques.', 'proba': 0.7}",c750946d-c7bd-42e9-9b77-2c9425fdae60,cf5c3d67-8f0d-4ffe-b194-97e26abbbeb4,2025-02-05T14:40:57.507473,"{'source': 'cf5c3d67-8f0d-4ffe-b194-97e26abbbeb4', 'selector': [{'startContainer': '/', 'endContainer': '/', 'startOffset': 390, 'endOffset': 395}]}"
e948383f-7ce1-4ebb-bdeb-8db3a221a1c1,d3ce7764-eb85-4999-b965-c028f539ee33,1ecf29a6-9193-4a8b-9317-5dc319b94507,"{'text': 'fort', 'context': '1. Il est très fort en mathématiques.'}",e920598f-774d-4e1c-a2dc-8fb9a6f3053f,cf5c3d67-8f0d-4ffe-b194-97e26abbbeb4,2024-11-25T10:17:14.094105+00:00,"{'source': 'cf5c3d67-8f0d-4ffe-b194-97e26abbbeb4', 'selector': [{'startContainer': '/', 'endContainer': '/', 'startOffset': 252, 'endOffset': 256}]}"
70e4ecc2-394a-41c3-b5a1-ef0fc74908d4,d3ce7764-eb85-4999-b965-c028f539ee33,371a5d39-6e41-427f-8e1f-6bf64504e080,"{'text': 'fort', 'context': '2. Il est très fort en mathématiques.'}",eb9a2239-5a6c-4da5-8957-af8a90d3e880,cf5c3d67-8f0d-4ffe-b194-97e26abbbeb4,2024-11-26T09:14:25.908380+00:00,"{'source': 'cf5c3d67-8f0d-4ffe-b194-97e26abbbeb4', 'selector': [{'startContainer': '/', 'endContainer': '/', 'startOffset': 390, 'endOffset': 394}]}"
49b7b238-cc38-4325-b861-72050ea52e68,default,371a5d39-6e41-427f-8e1f-6bf64504e080,"{'text': 'fort', 'context': '1. Il est très fort en mathématiques.', 'proba': 0.7}",c750946d-c7bd-42e9-9b77-2c9425fdae60,cf5c3d67-8f0d-4ffe-b194-97e26abbbeb4,2025-02-05T14:40:57.507574,"{'source': 'cf5c3d67-8f0d-4ffe-b194-97e26abbbeb4', 'selector': [{'startContainer': '/', 'endContainer': '/', 'startOffset': 252, 'endOffset': 257}]}"
bc7b94e7-d368-4012-9c7d-3d48399da534,d3ce7764-eb85-4999-b965-c028f539ee33,371a5d39-6e41-427f-8e1f-6bf64504e080,"{'text': 'fort', 'context': '1. Il est très fort en mathématiques.'}",eb9a2239-5a6c-4da5-8957-af8a90d3e880,cf5c3d67-8f0d-4ffe-b194-97e26abbbeb4,2024-11-26T09:14:21.615773+00:00,"{'source': 'cf5c3d67-8f0d-4ffe-b194-97e26abbbeb4', 'selector': [{'startContainer': '/', 'endContainer': '/', 'startOffset': 252, 'endOffset': 256}]}"
dbf55b9b-5b08-4aca-b6ec-bbc2349dbea8,default,0,"{'text': 'fort', 'context': '2. Il est très fort en mathématiques.', 'proba': 0.7}",76a78473-a608-4c59-bf52-898d3dfd7121,cf5c3d67-8f0d-4ffe-b194-97e26abbbeb4,2025-02-05T14:40:57.507473,"{'source': 'cf5c3d67-8f0d-4ffe-b194-97e26abbbeb4', 'selector': [{'startContainer': '/', 'endContainer': '/', 'startOffset': 390, 'endOffset': 395}]}"
6dbc60de-9693-4335-a773-b2cd4a679778,default,0,"{'text': 'fort', 'context': '1. Il est très fort en mathématiques.', 'proba': 0.7}",76a78473-a608-4c59-bf52-898d3dfd7121,cf5c3d67-8f0d-4ffe-b194-97e26abbbeb4,2025-02-05T14:40:57.507574,"{'source': 'cf5c3d67-8f0d-4ffe-b194-97e26abbbeb4', 'selector': [{'startContainer': '/', 'endContainer': '/', 'startOffset': 252, 'endOffset': 257}]}"
b52e48a9-b10a-42a1-bee7-1d32ddbc1fc8,d3ce7764-eb85-4999-b965-c028f539ee33,1ecf29a6-9193-4a8b-9317-5dc319b94507,"{'text': 'fort', 'context': '0. Il est très fort, il n’a peur de rien ni de personne.'}",e920598f-774d-4e1c-a2dc-8fb9a6f3053f,cf5c3d67-8f0d-4ffe-b194-97e26abbbeb4,2024-11-25T10:17:12.493818+00:00,"{'source': 'cf5c3d67-8f0d-4ffe-b194-97e26abbbeb4', 'selector': [{'startContainer': '/', 'endContainer': '/', 'startOffset': 95, 'endOffset': 99}]}"
65fbec45-1aae-460a-9def-063c6d0d1fe1,default,0,"{'text': 'fort', 'context': '0. Il est très fort, il n’a peur de rien ni de personne.', 'proba': 1.0, 'process': 'reference word'}",76a78473-a608-4c59-bf52-898d3dfd7121,cf5c3d67-8f0d-4ffe-b194-97e26abbbeb4,2025-02-05T14:40:57.507372,"{'source': 'cf5c3d67-8f0d-4ffe-b194-97e26abbbeb4', 'selector': [{'startContainer': '/', 'endContainer': '/', 'startOffset': 95, 'endOffset': 99}]}"
45d18942-47c9-4f9e-8b38-154fa0061c03,d3ce7764-eb85-4999-b965-c028f539ee33,371a5d39-6e41-427f-8e1f-6bf64504e080,"{'text': 'dernières', 'context': '1. Les dernières nouvelles sont inquiétantes.', 'proba': 1.0, 'process': 'reference word'}",d34602e1-1664-42cb-b139-c5cb8bcfa2a0,29bc9f52-6689-496b-a467-b512331c5b26,2024-11-25T09:07:58.105044+00:00,"{'source': '29bc9f52-6689-496b-a467-b512331c5b26', 'selector': [{'startContainer': '/', 'endContainer': '/', 'startOffset': 237, 'endOffset': 247}]}"
7ac05286-23c1-4576-a7c4-61c73cd07374,d3ce7764-eb85-4999-b965-c028f539ee33,1ecf29a6-9193-4a8b-9317-5dc319b94507,"{'text': 'dernière', 'context': ""0. C'est la dernière fois que je te le dis.""}",e920598f-774d-4e1c-a2dc-8fb9a6f3053f,29bc9f52-6689-496b-a467-b512331c5b26,2024-11-25T09:22:27.147231+00:00,"{'source': '29bc9f52-6689-496b-a467-b512331c5b26', 'selector': [{'startContainer': '/', 'endContainer': '/', 'startOffset': 95, 'endOffset': 103}]}"
ae4e18f5-dfb7-4705-af19-60949424be68,default,0,"{'text': 'dernières', 'context': '1. Les dernières nouvelles sont inquiétantes.', 'proba': 1.0, 'process': 'reference word'}",76a78473-a608-4c59-bf52-898d3dfd7121,29bc9f52-6689-496b-a467-b512331c5b26,2025-02-05T14:40:57.507652,"{'source': '29bc9f52-6689-496b-a467-b512331c5b26', 'selector': [{'startContainer': '/', 'endContainer': '/', 'startOffset': 237, 'endOffset': 247}]}"
8f779000-d6d8-4247-af28-e0fb7e214663,d3ce7764-eb85-4999-b965-c028f539ee33,371a5d39-6e41-427f-8e1f-6bf64504e080,"{'text': 'dernières', 'context': '1. Les dernières nouvelles sont inquiétantes.'}",eb9a2239-5a6c-4da5-8957-af8a90d3e880,29bc9f52-6689-496b-a467-b512331c5b26,2024-11-26T09:02:37.314963+00:00,"{'source': '29bc9f52-6689-496b-a467-b512331c5b26', 'selector': [{'startContainer': '/', 'endContainer': '/', 'startOffset': 237, 'endOffset': 246}]}"
d60f48ec-6614-4279-a20f-743bdd461c0a,default,0,"{'text': 'dernière', 'context': ""0. C'est la dernière fois que je te le dis."", 'proba': 0.8}",76a78473-a608-4c59-bf52-898d3dfd7121,29bc9f52-6689-496b-a467-b512331c5b26,2025-02-05T14:40:57.507751,"{'source': '29bc9f52-6689-496b-a467-b512331c5b26', 'selector': [{'startContainer': '/', 'endContainer': '/', 'startOffset': 95, 'endOffset': 104}]}"
5571b78c-15f6-4beb-bc92-c06f6f3d1a66,default,371a5d39-6e41-427f-8e1f-6bf64504e080,"{'text': 'dernières', 'context': '1. Les dernières nouvelles sont inquiétantes.', 'proba': 1.0, 'process': 'reference word'}",c750946d-c7bd-42e9-9b77-2c9425fdae60,29bc9f52-6689-496b-a467-b512331c5b26,2025-02-05T14:40:57.507652,"{'source': '29bc9f52-6689-496b-a467-b512331c5b26', 'selector': [{'startContainer': '/', 'endContainer': '/', 'startOffset': 237, 'endOffset': 247}]}"
437db52f-d917-4f09-bac4-33a897ec8be1,d3ce7764-eb85-4999-b965-c028f539ee33,1ecf29a6-9193-4a8b-9317-5dc319b94507,"{'text': 'dernière', 'context': ""0. C'est la dernière fois que je te le dis.""}",eb9a2239-5a6c-4da5-8957-af8a90d3e880,29bc9f52-6689-496b-a467-b512331c5b26,2024-11-26T09:02:09.962326+00:00,"{'source': '29bc9f52-6689-496b-a467-b512331c5b26', 'selector': [{'startContainer': '/', 'endContainer': '/', 'startOffset': 95, 'endOffset': 103}]}"
4089dca2-d277-4aab-9c3a-2a7c748ceb8a,d3ce7764-eb85-4999-b965-c028f539ee33,1ecf29a6-9193-4a8b-9317-5dc319b94507,"{'text': 'dernières', 'context': '1. Les dernières nouvelles sont inquiétantes.'}",e920598f-774d-4e1c-a2dc-8fb9a6f3053f,29bc9f52-6689-496b-a467-b512331c5b26,2024-11-25T09:22:29.321044+00:00,"{'source': '29bc9f52-6689-496b-a467-b512331c5b26', 'selector': [{'startContainer': '/', 'endContainer': '/', 'startOffset': 237, 'endOffset': 246}]}"
a124124e-e30d-4bc9-9e30-62d15e0e8557,default,1ecf29a6-9193-4a8b-9317-5dc319b94507,"{'text': 'dernière', 'context': ""0. C'est la dernière fois que je te le dis."", 'proba': 0.8}",c750946d-c7bd-42e9-9b77-2c9425fdae60,29bc9f52-6689-496b-a467-b512331c5b26,2025-02-05T14:40:57.507751,"{'source': '29bc9f52-6689-496b-a467-b512331c5b26', 'selector': [{'startContainer': '/', 'endContainer': '/', 'startOffset': 95, 'endOffset': 104}]}"
f201fdef-c952-4fd9-bc71-4fea7b9bfe2e,d3ce7764-eb85-4999-b965-c028f539ee33,1ecf29a6-9193-4a8b-9317-5dc319b94507,"{'text': 'dernière', 'context': ""0. C'est la dernière fois que je te le dis."", 'proba': 0.8}",d34602e1-1664-42cb-b139-c5cb8bcfa2a0,29bc9f52-6689-496b-a467-b512331c5b26,2024-11-25T09:07:08.749585+00:00,"{'source': '29bc9f52-6689-496b-a467-b512331c5b26', 'selector': [{'startContainer': '/', 'endContainer': '/', 'startOffset': 95, 'endOffset': 104}]}"
163cf7ca-385a-414e-a370-3bd09d5873d5,d3ce7764-eb85-4999-b965-c028f539ee33,1ecf29a6-9193-4a8b-9317-5dc319b94507,"{'text': 'bons', 'context': '0. Les fruits et les légumes sont bons pour la santé.'}",eb9a2239-5a6c-4da5-8957-af8a90d3e880,fdaabc4b-b13f-4935-bcdd-c0e3626d6901,2024-11-26T09:17:00.687471+00:00,"{'source': 'fdaabc4b-b13f-4935-bcdd-c0e3626d6901', 'selector': [{'startContainer': '/', 'endContainer': '/', 'startOffset': 113, 'endOffset': 117}]}"
9ffc4a74-523c-451c-abaf-684ef4675e62,d3ce7764-eb85-4999-b965-c028f539ee33,1ecf29a6-9193-4a8b-9317-5dc319b94507,"{'text': 'bon', 'context': ""2. C'est un bon livre.""}",e920598f-774d-4e1c-a2dc-8fb9a6f3053f,fdaabc4b-b13f-4935-bcdd-c0e3626d6901,2024-11-25T10:19:36.956172+00:00,"{'source': 'fdaabc4b-b13f-4935-bcdd-c0e3626d6901', 'selector': [{'startContainer': '/', 'endContainer': '/', 'startOffset': 366, 'endOffset': 369}]}"
51f4e649-f56f-4155-8fdc-7896553c95bc,d3ce7764-eb85-4999-b965-c028f539ee33,1ecf29a6-9193-4a8b-9317-5dc319b94507,"{'text': 'bon', 'context': ""2. C'est un bon livre.""}",eb9a2239-5a6c-4da5-8957-af8a90d3e880,fdaabc4b-b13f-4935-bcdd-c0e3626d6901,2024-11-26T09:17:07.272602+00:00,"{'source': 'fdaabc4b-b13f-4935-bcdd-c0e3626d6901', 'selector': [{'startContainer': '/', 'endContainer': '/', 'startOffset': 366, 'endOffset': 369}]}"
494fa280-a61e-4c9b-ac1d-1b497d88f6d2,default,0,"{'text': 'bons', 'context': '0. Les fruits et les légumes sont bons pour la santé.', 'proba': 1.0, 'process': 'reference word'}",76a78473-a608-4c59-bf52-898d3dfd7121,fdaabc4b-b13f-4935-bcdd-c0e3626d6901,2025-02-05T14:40:57.507981,"{'source': 'fdaabc4b-b13f-4935-bcdd-c0e3626d6901', 'selector': [{'startContainer': '/', 'endContainer': '/', 'startOffset': 113, 'endOffset': 118}]}"
7491fe5f-86b6-4dde-8c33-29789cf22e1d,default,1ecf29a6-9193-4a8b-9317-5dc319b94507,"{'text': 'bons', 'context': '0. Les fruits et les légumes sont bons pour la santé.', 'proba': 1.0, 'process': 'reference word'}",c750946d-c7bd-42e9-9b77-2c9425fdae60,fdaabc4b-b13f-4935-bcdd-c0e3626d6901,2025-02-05T14:40:57.507981,"{'source': 'fdaabc4b-b13f-4935-bcdd-c0e3626d6901', 'selector': [{'startContainer': '/', 'endContainer': '/', 'startOffset': 113, 'endOffset': 118}]}"
e5113a75-b8d6-45dc-b583-1e3cad7e8076,d3ce7764-eb85-4999-b965-c028f539ee33,1ecf29a6-9193-4a8b-9317-5dc319b94507,"{'text': 'bons', 'context': '0. Les fruits et les légumes sont bons pour la santé.'}",e920598f-774d-4e1c-a2dc-8fb9a6f3053f,fdaabc4b-b13f-4935-bcdd-c0e3626d6901,2024-11-25T10:19:32.611247+00:00,"{'source': 'fdaabc4b-b13f-4935-bcdd-c0e3626d6901', 'selector': [{'startContainer': '/', 'endContainer': '/', 'startOffset': 113, 'endOffset': 117}]}"
9ff0e4e1-0a95-4e8e-b954-749fb9b2d0db,d3ce7764-eb85-4999-b965-c028f539ee33,1ecf29a6-9193-4a8b-9317-5dc319b94507,"{'text': 'bon', 'context': ""1. C'est un bon livre.""}",e920598f-774d-4e1c-a2dc-8fb9a6f3053f,fdaabc4b-b13f-4935-bcdd-c0e3626d6901,2024-11-25T10:19:35.389585+00:00,"{'source': 'fdaabc4b-b13f-4935-bcdd-c0e3626d6901', 'selector': [{'startContainer': '/', 'endContainer': '/', 'startOffset': 244, 'endOffset': 247}]}"
1e481b09-77ec-41fd-a0a0-7bcb5f1453cf,default,1ecf29a6-9193-4a8b-9317-5dc319b94507,"{'text': 'bon', 'context': ""2. C'est un bon livre."", 'proba': 0.9}",c750946d-c7bd-42e9-9b77-2c9425fdae60,fdaabc4b-b13f-4935-bcdd-c0e3626d6901,2025-02-05T14:40:57.507879,"{'source': 'fdaabc4b-b13f-4935-bcdd-c0e3626d6901', 'selector': [{'startContainer': '/', 'endContainer': '/', 'startOffset': 366, 'endOffset': 370}]}"
0572c977-3322-42f0-b10f-7ae8df50a245,default,0,"{'text': 'bon', 'context': ""2. C'est un bon livre."", 'proba': 0.9}",76a78473-a608-4c59-bf52-898d3dfd7121,fdaabc4b-b13f-4935-bcdd-c0e3626d6901,2025-02-05T14:40:57.507879,"{'source': 'fdaabc4b-b13f-4935-bcdd-c0e3626d6901', 'selector': [{'startContainer': '/', 'endContainer': '/', 'startOffset': 366, 'endOffset': 370}]}"
9fdad16a-fb69-492a-972f-fb287fa2c55f,default,1ecf29a6-9193-4a8b-9317-5dc319b94507,"{'text': 'bon', 'context': ""1. C'est un bon livre."", 'proba': 0.9}",c750946d-c7bd-42e9-9b77-2c9425fdae60,fdaabc4b-b13f-4935-bcdd-c0e3626d6901,2025-02-05T14:40:57.508081,"{'source': 'fdaabc4b-b13f-4935-bcdd-c0e3626d6901', 'selector': [{'startContainer': '/', 'endContainer': '/', 'startOffset': 244, 'endOffset': 248}]}"
2a9aec1d-e8da-4b99-8a29-8a524caf8de9,d3ce7764-eb85-4999-b965-c028f539ee33,1ecf29a6-9193-4a8b-9317-5dc319b94507,"{'text': 'bon', 'context': ""2. C'est un bon livre."", 'proba': 0.9}",d34602e1-1664-42cb-b139-c5cb8bcfa2a0,fdaabc4b-b13f-4935-bcdd-c0e3626d6901,2024-11-25T11:29:46.805958+00:00,"{'source': 'fdaabc4b-b13f-4935-bcdd-c0e3626d6901', 'selector': [{'startContainer': '/', 'endContainer': '/', 'startOffset': 366, 'endOffset': 370}]}"
5a0f1588-5956-4133-b16f-70f637f9ec39,default,0,"{'text': 'bon', 'context': ""1. C'est un bon livre."", 'proba': 0.9}",76a78473-a608-4c59-bf52-898d3dfd7121,fdaabc4b-b13f-4935-bcdd-c0e3626d6901,2025-02-05T14:40:57.508081,"{'source': 'fdaabc4b-b13f-4935-bcdd-c0e3626d6901', 'selector': [{'startContainer': '/', 'endContainer': '/', 'startOffset': 244, 'endOffset': 248}]}"
710fc8b5-9504-40ca-b2b0-b8f94d047709,d3ce7764-eb85-4999-b965-c028f539ee33,1ecf29a6-9193-4a8b-9317-5dc319b94507,"{'text': 'bons', 'context': '0. Les fruits et les légumes sont bons pour la santé.', 'proba': 1.0, 'process': 'reference word'}",d34602e1-1664-42cb-b139-c5cb8bcfa2a0,fdaabc4b-b13f-4935-bcdd-c0e3626d6901,2024-11-25T11:29:41.471049+00:00,"{'source': 'fdaabc4b-b13f-4935-bcdd-c0e3626d6901', 'selector': [{'startContainer': '/', 'endContainer': '/', 'startOffset': 113, 'endOffset': 118}]}"
0406aa47-7b50-419f-a8de-efa522141989,d3ce7764-eb85-4999-b965-c028f539ee33,1ecf29a6-9193-4a8b-9317-5dc319b94507,"{'text': 'bon', 'context': ""1. C'est un bon livre."", 'proba': 0.9}",d34602e1-1664-42cb-b139-c5cb8bcfa2a0,fdaabc4b-b13f-4935-bcdd-c0e3626d6901,2024-11-25T11:29:44.770993+00:00,"{'source': 'fdaabc4b-b13f-4935-bcdd-c0e3626d6901', 'selector': [{'startContainer': '/', 'endContainer': '/', 'startOffset': 244, 'endOffset': 248}]}"
ac60d245-41b4-4a23-a2ad-3ff121f69a3b,d3ce7764-eb85-4999-b965-c028f539ee33,1ecf29a6-9193-4a8b-9317-5dc319b94507,"{'text': 'bon', 'context': ""1. C'est un bon livre.""}",eb9a2239-5a6c-4da5-8957-af8a90d3e880,fdaabc4b-b13f-4935-bcdd-c0e3626d6901,2024-11-26T09:17:04.618832+00:00,"{'source': 'fdaabc4b-b13f-4935-bcdd-c0e3626d6901', 'selector': [{'startContainer': '/', 'endContainer': '/', 'startOffset': 244, 'endOffset': 247}]}"
